-- phpMyAdmin SQL Dump
-- version 5.2.1
-- https://www.phpmyadmin.net/
--
-- Host: localhost:3306
-- Generation Time: Apr 20, 2026 at 05:24 PM
-- Server version: 10.4.32-MariaDB
-- PHP Version: 8.2.12

SET SQL_MODE = "NO_AUTO_VALUE_ON_ZERO";
START TRANSACTION;
SET time_zone = "+00:00";


/*!40101 SET @OLD_CHARACTER_SET_CLIENT=@@CHARACTER_SET_CLIENT */;
/*!40101 SET @OLD_CHARACTER_SET_RESULTS=@@CHARACTER_SET_RESULTS */;
/*!40101 SET @OLD_COLLATION_CONNECTION=@@COLLATION_CONNECTION */;
/*!40101 SET NAMES utf8mb4 */;

--
-- Database: `CMCpointage`
--

-- --------------------------------------------------------

--
-- Table structure for table `archive_mouvements`
--

CREATE TABLE `archive_mouvements` (
  `id` bigint(20) UNSIGNED NOT NULL,
  `mouvement_id_original` bigint(20) UNSIGNED NOT NULL,
  `etudiant_id` bigint(20) UNSIGNED NOT NULL,
  `pavillon_id` bigint(20) UNSIGNED NOT NULL,
  `type` enum('entree','sortie') NOT NULL,
  `date_heure` datetime NOT NULL,
  `motif` varchar(255) DEFAULT NULL,
  `enregistre_par` varchar(255) NOT NULL,
  `observations` text DEFAULT NULL,
  `date_archivage` datetime NOT NULL,
  `archive_par` bigint(20) UNSIGNED NOT NULL,
  `created_at` timestamp NULL DEFAULT NULL,
  `updated_at` timestamp NULL DEFAULT NULL
) ENGINE=InnoDB DEFAULT CHARSET=utf8mb4 COLLATE=utf8mb4_unicode_ci;

-- --------------------------------------------------------

--
-- Table structure for table `cache`
--

CREATE TABLE `cache` (
  `key` varchar(255) NOT NULL,
  `value` mediumtext NOT NULL,
  `expiration` int(11) NOT NULL
) ENGINE=InnoDB DEFAULT CHARSET=utf8mb4 COLLATE=utf8mb4_unicode_ci;

-- --------------------------------------------------------

--
-- Table structure for table `cache_locks`
--

CREATE TABLE `cache_locks` (
  `key` varchar(255) NOT NULL,
  `owner` varchar(255) NOT NULL,
  `expiration` int(11) NOT NULL
) ENGINE=InnoDB DEFAULT CHARSET=utf8mb4 COLLATE=utf8mb4_unicode_ci;

-- --------------------------------------------------------

--
-- Table structure for table `chambres`
--

CREATE TABLE `chambres` (
  `id` bigint(20) UNSIGNED NOT NULL,
  `pavillon_id` bigint(20) UNSIGNED NOT NULL,
  `numero` varchar(255) NOT NULL,
  `etage` int(11) NOT NULL,
  `capacite` int(11) NOT NULL DEFAULT 4,
  `occupants_actuels` int(11) NOT NULL DEFAULT 0,
  `statut` enum('disponible','occupee','maintenance','fermee') NOT NULL DEFAULT 'disponible',
  `created_at` timestamp NULL DEFAULT NULL,
  `updated_at` timestamp NULL DEFAULT NULL,
  `deleted_at` timestamp NULL DEFAULT NULL
) ENGINE=InnoDB DEFAULT CHARSET=utf8mb4 COLLATE=utf8mb4_unicode_ci;

--
-- Dumping data for table `chambres`
--

INSERT INTO `chambres` (`id`, `pavillon_id`, `numero`, `etage`, `capacite`, `occupants_actuels`, `statut`, `created_at`, `updated_at`, `deleted_at`) VALUES
(1, 1, 'H101', 1, 4, 3, 'disponible', '2026-03-05 13:44:13', '2026-03-05 13:44:13', NULL),
(2, 1, 'H102', 1, 4, 1, 'disponible', '2026-03-05 13:44:13', '2026-03-05 13:44:13', NULL),
(3, 1, 'H103', 1, 4, 4, 'occupee', '2026-03-05 13:44:13', '2026-03-05 13:44:13', NULL),
(4, 1, 'H104', 1, 4, 2, 'disponible', '2026-03-05 13:44:13', '2026-03-05 13:44:13', NULL),
(5, 1, 'H105', 1, 4, 1, 'disponible', '2026-03-05 13:44:13', '2026-03-05 13:44:13', NULL),
(6, 1, 'H106', 1, 4, 2, 'disponible', '2026-03-05 13:44:13', '2026-03-05 13:44:13', NULL),
(7, 1, 'H107', 1, 4, 1, 'disponible', '2026-03-05 13:44:13', '2026-03-05 13:44:13', NULL),
(8, 1, 'H108', 1, 4, 1, 'disponible', '2026-03-05 13:44:13', '2026-03-05 13:44:13', NULL),
(9, 1, 'H109', 1, 4, 1, 'disponible', '2026-03-05 13:44:13', '2026-03-05 13:44:13', NULL),
(10, 1, 'H110', 1, 4, 1, 'disponible', '2026-03-05 13:44:13', '2026-03-05 13:44:13', NULL),
(11, 1, 'H201', 2, 4, 1, 'disponible', '2026-03-05 13:44:13', '2026-03-05 13:44:13', NULL),
(12, 1, 'H202', 2, 4, 2, 'disponible', '2026-03-05 13:44:13', '2026-03-05 13:44:13', NULL),
(13, 1, 'H203', 2, 4, 0, 'disponible', '2026-03-05 13:44:13', '2026-03-05 13:44:13', NULL),
(14, 1, 'H204', 2, 4, 0, 'disponible', '2026-03-05 13:44:13', '2026-03-05 13:44:13', NULL),
(15, 1, 'H205', 2, 4, 1, 'disponible', '2026-03-05 13:44:13', '2026-03-05 13:44:13', NULL),
(16, 1, 'H206', 2, 4, 4, 'occupee', '2026-03-05 13:44:13', '2026-03-05 13:44:13', NULL),
(17, 1, 'H207', 2, 4, 1, 'disponible', '2026-03-05 13:44:13', '2026-03-05 13:44:13', NULL),
(18, 1, 'H208', 2, 4, 1, 'disponible', '2026-03-05 13:44:13', '2026-03-05 13:44:13', NULL),
(19, 1, 'H209', 2, 4, 0, 'disponible', '2026-03-05 13:44:13', '2026-03-05 13:44:13', NULL),
(20, 1, 'H210', 2, 4, 3, 'disponible', '2026-03-05 13:44:13', '2026-03-05 13:44:13', NULL),
(21, 1, 'H301', 3, 4, 3, 'disponible', '2026-03-05 13:44:13', '2026-03-05 13:44:13', NULL),
(22, 1, 'H302', 3, 4, 1, 'disponible', '2026-03-05 13:44:13', '2026-03-05 13:44:13', NULL),
(23, 1, 'H303', 3, 4, 1, 'disponible', '2026-03-05 13:44:13', '2026-03-05 13:44:13', NULL),
(24, 1, 'H304', 3, 4, 3, 'disponible', '2026-03-05 13:44:13', '2026-03-05 13:44:13', NULL),
(25, 1, 'H305', 3, 4, 1, 'disponible', '2026-03-05 13:44:13', '2026-03-05 13:44:13', NULL),
(26, 1, 'H306', 3, 4, 3, 'disponible', '2026-03-05 13:44:13', '2026-03-05 13:44:13', NULL),
(27, 1, 'H307', 3, 4, 2, 'disponible', '2026-03-05 13:44:13', '2026-03-05 13:44:13', NULL),
(28, 1, 'H308', 3, 4, 1, 'disponible', '2026-03-05 13:44:13', '2026-03-05 13:44:13', NULL),
(29, 1, 'H309', 3, 4, 1, 'disponible', '2026-03-05 13:44:13', '2026-03-05 13:44:13', NULL),
(30, 1, 'H310', 3, 4, 0, 'disponible', '2026-03-05 13:44:13', '2026-03-05 13:44:13', NULL),
(31, 1, 'H401', 4, 4, 0, 'disponible', '2026-03-05 13:44:13', '2026-03-05 13:44:13', NULL),
(32, 1, 'H402', 4, 4, 2, 'disponible', '2026-03-05 13:44:13', '2026-03-05 13:44:13', NULL),
(33, 1, 'H403', 4, 4, 2, 'disponible', '2026-03-05 13:44:13', '2026-03-05 13:44:13', NULL),
(34, 1, 'H404', 4, 4, 1, 'disponible', '2026-03-05 13:44:13', '2026-03-05 13:44:13', NULL),
(35, 1, 'H405', 4, 4, 2, 'disponible', '2026-03-05 13:44:13', '2026-03-05 13:44:13', NULL),
(36, 1, 'H406', 4, 4, 1, 'disponible', '2026-03-05 13:44:13', '2026-03-05 13:44:13', NULL),
(37, 1, 'H407', 4, 4, 0, 'disponible', '2026-03-05 13:44:13', '2026-03-05 13:44:13', NULL),
(38, 1, 'H408', 4, 4, 1, 'disponible', '2026-03-05 13:44:13', '2026-03-05 13:44:13', NULL),
(39, 1, 'H409', 4, 4, 1, 'disponible', '2026-03-05 13:44:13', '2026-03-05 13:44:13', NULL),
(40, 1, 'H410', 4, 4, 2, 'disponible', '2026-03-05 13:44:13', '2026-03-05 13:44:13', NULL),
(41, 2, 'F101', 1, 4, 4, 'occupee', '2026-03-05 13:44:13', '2026-03-05 13:44:13', NULL),
(42, 2, 'F102', 1, 4, 0, 'disponible', '2026-03-05 13:44:13', '2026-03-05 13:44:13', NULL),
(43, 2, 'F103', 1, 4, 3, 'disponible', '2026-03-05 13:44:13', '2026-03-05 13:44:13', NULL),
(44, 2, 'F104', 1, 4, 1, 'disponible', '2026-03-05 13:44:13', '2026-03-05 13:44:13', NULL),
(45, 2, 'F105', 1, 4, 1, 'disponible', '2026-03-05 13:44:13', '2026-03-05 13:44:13', NULL),
(46, 2, 'F106', 1, 4, 1, 'disponible', '2026-03-05 13:44:13', '2026-03-05 13:44:13', NULL),
(47, 2, 'F107', 1, 4, 4, 'occupee', '2026-03-05 13:44:13', '2026-03-05 13:44:13', NULL),
(48, 2, 'F108', 1, 4, 1, 'disponible', '2026-03-05 13:44:13', '2026-03-05 13:44:13', NULL),
(49, 2, 'F201', 2, 4, 2, 'disponible', '2026-03-05 13:44:13', '2026-03-05 13:44:13', NULL),
(50, 2, 'F202', 2, 4, 1, 'disponible', '2026-03-05 13:44:13', '2026-03-05 13:44:13', NULL),
(51, 2, 'F203', 2, 4, 2, 'disponible', '2026-03-05 13:44:13', '2026-03-05 13:44:13', NULL),
(52, 2, 'F204', 2, 4, 0, 'disponible', '2026-03-05 13:44:13', '2026-03-05 13:44:13', NULL),
(53, 2, 'F205', 2, 4, 0, 'disponible', '2026-03-05 13:44:13', '2026-03-05 13:44:13', NULL),
(54, 2, 'F206', 2, 4, 2, 'disponible', '2026-03-05 13:44:13', '2026-03-05 13:44:13', NULL),
(55, 2, 'F207', 2, 4, 0, 'disponible', '2026-03-05 13:44:13', '2026-03-05 13:44:13', NULL),
(56, 2, 'F208', 2, 4, 4, 'occupee', '2026-03-05 13:44:13', '2026-03-05 13:44:13', NULL),
(57, 2, 'F301', 3, 4, 3, 'disponible', '2026-03-05 13:44:13', '2026-03-05 13:44:13', NULL),
(58, 2, 'F302', 3, 4, 0, 'disponible', '2026-03-05 13:44:13', '2026-03-05 13:44:13', NULL),
(59, 2, 'F303', 3, 4, 2, 'disponible', '2026-03-05 13:44:13', '2026-03-05 13:44:13', NULL),
(60, 2, 'F304', 3, 4, 3, 'disponible', '2026-03-05 13:44:13', '2026-03-05 13:44:13', NULL),
(61, 2, 'F305', 3, 4, 2, 'disponible', '2026-03-05 13:44:13', '2026-03-05 13:44:13', NULL),
(62, 2, 'F306', 3, 4, 1, 'disponible', '2026-03-05 13:44:13', '2026-03-05 13:44:13', NULL),
(63, 2, 'F307', 3, 4, 0, 'disponible', '2026-03-05 13:44:13', '2026-03-05 13:44:13', NULL),
(64, 2, 'F308', 3, 4, 1, 'disponible', '2026-03-05 13:44:13', '2026-03-05 13:44:13', NULL);

-- --------------------------------------------------------

--
-- Table structure for table `demandes`
--

CREATE TABLE `demandes` (
  `id` bigint(20) UNSIGNED NOT NULL,
  `etudiant_id` bigint(20) UNSIGNED NOT NULL,
  `type` enum('changement_chambre','extension','permission','autre') NOT NULL DEFAULT 'autre',
  `description` text NOT NULL,
  `statut` enum('en_attente','approuvee','rejetee','annulee') NOT NULL DEFAULT 'en_attente',
  `etudie_par` bigint(20) UNSIGNED DEFAULT NULL,
  `remarques` text DEFAULT NULL,
  `date_reponse` date DEFAULT NULL,
  `date_limite` date DEFAULT NULL,
  `photo` varchar(255) DEFAULT NULL,
  `created_at` timestamp NULL DEFAULT NULL,
  `updated_at` timestamp NULL DEFAULT NULL,
  `deleted_at` timestamp NULL DEFAULT NULL
) ENGINE=InnoDB DEFAULT CHARSET=utf8mb4 COLLATE=utf8mb4_unicode_ci;

--
-- Dumping data for table `demandes`
--

INSERT INTO `demandes` (`id`, `etudiant_id`, `type`, `description`, `statut`, `etudie_par`, `remarques`, `date_reponse`, `date_limite`, `photo`, `created_at`, `updated_at`, `deleted_at`) VALUES
(1, 83, 'extension', 'Demande de prolongation de séjour pour stage', 'rejetee', 1, 'Demande rejetée : pièces justificatives insuffisantes', '2026-02-27', '2026-03-21', NULL, '2026-03-05 13:44:20', '2026-03-05 13:44:20', NULL),
(2, 9, 'extension', 'Retard dans l\'obtention du diplôme', 'en_attente', NULL, NULL, NULL, '2026-03-27', NULL, '2026-03-05 13:44:20', '2026-03-05 13:44:20', NULL),
(3, 93, 'permission', 'Permission pour week-end prolongé', 'en_attente', NULL, NULL, NULL, '2026-03-12', NULL, '2026-03-05 13:44:20', '2026-03-05 13:44:20', NULL),
(4, 17, 'changement_chambre', 'Problème d\'isolation, demande de changement', 'annulee', NULL, NULL, NULL, '2026-03-27', NULL, '2026-03-05 13:44:20', '2026-03-05 13:44:20', NULL),
(5, 98, 'permission', 'Autorisation de recevoir visiteur', 'annulee', NULL, NULL, NULL, '2026-03-29', NULL, '2026-03-05 13:44:20', '2026-03-05 13:44:20', NULL),
(6, 100, 'changement_chambre', 'Préférence pour un étage plus bas', 'approuvee', 1, 'Demande approuvée conformément au règlement', '2026-02-24', '2026-03-24', NULL, '2026-03-05 13:44:20', '2026-03-05 13:44:20', NULL),
(7, 44, 'autre', 'Suggestion d\'amélioration', 'annulee', NULL, NULL, NULL, '2026-03-13', NULL, '2026-03-05 13:44:20', '2026-03-05 13:44:20', NULL),
(8, 95, 'extension', 'Demande de prolongation de séjour pour stage', 'en_attente', NULL, NULL, NULL, '2026-03-28', NULL, '2026-03-05 13:44:21', '2026-03-05 13:44:21', NULL),
(9, 99, 'changement_chambre', 'Demande de changement de chambre pour raison médicale', 'annulee', NULL, NULL, NULL, '2026-03-20', NULL, '2026-03-05 13:44:21', '2026-03-05 13:44:21', NULL),
(10, 44, 'permission', 'Demande d\'autorisation de sortie nocturne', 'en_attente', NULL, NULL, NULL, '2026-03-17', NULL, '2026-03-05 13:44:21', '2026-03-05 13:44:21', NULL),
(11, 36, 'autre', 'Suggestion d\'amélioration', 'en_attente', NULL, NULL, NULL, '2026-03-26', NULL, '2026-03-05 13:44:21', '2026-03-05 13:44:21', NULL),
(12, 97, 'changement_chambre', 'Problème d\'isolation, demande de changement', 'annulee', NULL, NULL, NULL, '2026-03-23', NULL, '2026-03-05 13:44:21', '2026-03-05 13:44:21', NULL),
(13, 87, 'permission', 'Permission pour week-end prolongé', 'annulee', NULL, NULL, NULL, '2026-04-04', NULL, '2026-03-05 13:44:21', '2026-03-05 13:44:21', NULL),
(14, 64, 'changement_chambre', 'Problème d\'isolation, demande de changement', 'approuvee', 1, 'Demande approuvée conformément au règlement', '2026-02-27', '2026-03-24', NULL, '2026-03-05 13:44:21', '2026-03-05 13:44:21', NULL),
(15, 102, 'permission', 'Demande d\'autorisation de sortie nocturne', 'rejetee', 1, 'Demande rejetée : pièces justificatives insuffisantes', '2026-02-27', '2026-03-17', NULL, '2026-03-05 13:44:21', '2026-03-05 13:44:21', NULL),
(16, 82, 'extension', 'Extension nécessaire pour fin d\'année', 'rejetee', 1, 'Demande rejetée : pièces justificatives insuffisantes', '2026-02-24', '2026-03-23', NULL, '2026-03-05 13:44:21', '2026-03-05 13:44:21', NULL),
(17, 87, 'extension', 'Demande de prolongation de séjour pour stage', 'rejetee', 1, 'Demande rejetée : pièces justificatives insuffisantes', '2026-03-03', '2026-03-27', NULL, '2026-03-05 13:44:21', '2026-03-05 13:44:21', NULL),
(18, 17, 'extension', 'Retard dans l\'obtention du diplôme', 'rejetee', 1, 'Demande rejetée : pièces justificatives insuffisantes', '2026-02-24', '2026-03-28', NULL, '2026-03-05 13:44:21', '2026-03-05 13:44:21', NULL),
(19, 96, 'permission', 'Permission pour week-end prolongé', 'annulee', NULL, NULL, NULL, '2026-03-18', NULL, '2026-03-05 13:44:21', '2026-03-05 13:44:21', NULL),
(20, 85, 'extension', 'Extension nécessaire pour fin d\'année', 'annulee', NULL, NULL, NULL, '2026-03-17', NULL, '2026-03-05 13:44:21', '2026-03-05 13:44:21', NULL),
(21, 13, 'extension', 'Retard dans l\'obtention du diplôme', 'annulee', NULL, NULL, NULL, '2026-04-03', NULL, '2026-03-05 13:44:21', '2026-03-05 13:44:21', NULL),
(22, 80, 'extension', 'Demande de prolongation de séjour pour stage', 'en_attente', NULL, NULL, NULL, '2026-04-04', NULL, '2026-03-05 13:44:21', '2026-03-05 13:44:21', NULL),
(23, 6, 'autre', 'Question sur réglement intérieur', 'approuvee', 1, 'Demande approuvée conformément au règlement', '2026-02-23', '2026-03-14', NULL, '2026-03-05 13:44:21', '2026-03-05 13:44:21', NULL),
(24, 36, 'extension', 'Extension nécessaire pour fin d\'année', 'rejetee', 1, 'Demande rejetée : pièces justificatives insuffisantes', '2026-02-26', '2026-03-13', NULL, '2026-03-05 13:44:21', '2026-03-05 13:44:21', NULL),
(25, 59, 'changement_chambre', 'Préférence pour un étage plus bas', 'en_attente', NULL, NULL, NULL, '2026-03-24', NULL, '2026-03-05 13:44:21', '2026-03-05 13:44:21', NULL),
(26, 80, 'autre', 'Question sur réglement intérieur', 'annulee', NULL, NULL, NULL, '2026-03-22', NULL, '2026-03-05 13:44:21', '2026-03-05 13:44:21', NULL),
(27, 98, 'changement_chambre', 'Conflit avec colocataire, demande de changement', 'annulee', NULL, NULL, NULL, '2026-03-18', NULL, '2026-03-05 13:44:21', '2026-03-05 13:44:21', NULL),
(28, 105, 'changement_chambre', 'Demande de changement de chambre pour raison médicale', 'annulee', NULL, NULL, NULL, '2026-04-02', NULL, '2026-03-05 13:44:21', '2026-03-05 13:44:21', NULL),
(29, 7, 'autre', 'Question sur réglement intérieur', 'annulee', NULL, NULL, NULL, '2026-04-01', NULL, '2026-03-05 13:44:21', '2026-03-05 13:44:21', NULL),
(30, 88, 'extension', 'Demande de prolongation de séjour pour stage', 'annulee', NULL, NULL, NULL, '2026-04-04', NULL, '2026-03-05 13:44:21', '2026-03-05 13:44:21', NULL),
(31, 92, 'autre', 'Demande de réparation équipement', 'annulee', NULL, NULL, NULL, '2026-04-02', NULL, '2026-03-05 13:44:21', '2026-03-05 13:44:21', NULL),
(32, 6, 'permission', 'Permission pour week-end prolongé', 'rejetee', 1, 'Demande rejetée : pièces justificatives insuffisantes', '2026-02-25', '2026-03-21', NULL, '2026-03-05 13:44:21', '2026-03-05 13:44:21', NULL),
(33, 78, 'permission', 'Demande d\'autorisation de sortie nocturne', 'rejetee', 1, 'Demande rejetée : pièces justificatives insuffisantes', '2026-02-25', '2026-03-20', NULL, '2026-03-05 13:44:21', '2026-03-05 13:44:21', NULL),
(34, 85, 'autre', 'Question sur réglement intérieur', 'rejetee', 1, 'Demande rejetée : pièces justificatives insuffisantes', '2026-02-27', '2026-03-28', NULL, '2026-03-05 13:44:21', '2026-03-05 13:44:21', NULL),
(35, 105, 'autre', 'Question sur réglement intérieur', 'en_attente', NULL, NULL, NULL, '2026-03-14', NULL, '2026-03-05 13:44:21', '2026-03-05 13:44:21', NULL),
(36, 53, 'extension', 'Extension nécessaire pour fin d\'année', 'en_attente', NULL, NULL, NULL, '2026-03-28', NULL, '2026-03-05 13:44:21', '2026-03-05 13:44:21', NULL),
(37, 28, 'autre', 'Demande de réparation équipement', 'approuvee', 1, 'Demande approuvée conformément au règlement', '2026-03-03', '2026-03-30', NULL, '2026-03-05 13:44:21', '2026-03-05 13:44:21', NULL),
(38, 3, 'permission', 'Demande d\'autorisation de sortie nocturne', 'rejetee', 1, 'Demande rejetée : pièces justificatives insuffisantes', '2026-02-27', '2026-03-24', NULL, '2026-03-05 13:44:21', '2026-03-05 13:44:21', NULL),
(39, 37, 'changement_chambre', 'Préférence pour un étage plus bas', 'approuvee', 1, 'Demande approuvée conformément au règlement', '2026-03-03', '2026-03-22', NULL, '2026-03-05 13:44:21', '2026-03-05 13:44:21', NULL),
(40, 35, 'autre', 'Suggestion d\'amélioration', 'en_attente', NULL, NULL, NULL, '2026-03-24', NULL, '2026-03-05 13:44:21', '2026-03-05 13:44:21', NULL),
(41, 65, 'permission', 'Demande d\'autorisation de sortie nocturne', 'rejetee', 1, 'Demande rejetée : pièces justificatives insuffisantes', '2026-02-26', '2026-03-17', NULL, '2026-03-05 13:44:21', '2026-03-05 13:44:21', NULL),
(42, 55, 'permission', 'Autorisation de recevoir visiteur', 'en_attente', NULL, NULL, NULL, '2026-03-20', NULL, '2026-03-05 13:44:21', '2026-03-05 13:44:21', NULL),
(43, 41, 'autre', 'Question sur réglement intérieur', 'annulee', NULL, NULL, NULL, '2026-03-18', NULL, '2026-03-05 13:44:21', '2026-03-05 13:44:21', NULL),
(44, 94, 'permission', 'Autorisation de recevoir visiteur', 'rejetee', 1, 'Demande rejetée : pièces justificatives insuffisantes', '2026-03-03', '2026-03-15', NULL, '2026-03-05 13:44:21', '2026-03-05 13:44:21', NULL),
(45, 93, 'permission', 'Autorisation de recevoir visiteur', 'annulee', NULL, NULL, NULL, '2026-03-29', NULL, '2026-03-05 13:44:21', '2026-03-05 13:44:21', NULL),
(46, 52, 'autre', 'Question sur réglement intérieur', 'en_attente', NULL, NULL, NULL, '2026-03-25', NULL, '2026-03-05 13:44:21', '2026-03-05 13:44:21', NULL),
(47, 16, 'changement_chambre', 'Conflit avec colocataire, demande de changement', 'en_attente', NULL, NULL, NULL, '2026-03-19', NULL, '2026-03-05 13:44:21', '2026-03-05 13:44:21', NULL),
(48, 62, 'extension', 'Retard dans l\'obtention du diplôme', 'approuvee', 1, 'Demande approuvée conformément au règlement', '2026-02-26', '2026-03-26', NULL, '2026-03-05 13:44:21', '2026-03-05 13:44:21', NULL),
(49, 1, 'extension', 'Demande de prolongation de séjour pour stage', 'rejetee', 1, 'Demande rejetée : pièces justificatives insuffisantes', '2026-03-04', '2026-04-01', NULL, '2026-03-05 13:44:21', '2026-03-05 13:44:21', NULL),
(50, 96, 'changement_chambre', 'Conflit avec colocataire, demande de changement', 'en_attente', NULL, NULL, NULL, '2026-04-01', NULL, '2026-03-05 13:44:21', '2026-03-05 13:44:21', NULL);

-- --------------------------------------------------------

--
-- Table structure for table `etudiants`
--

CREATE TABLE `etudiants` (
  `id` bigint(20) UNSIGNED NOT NULL,
  `nom` varchar(255) NOT NULL,
  `prenom` varchar(255) NOT NULL,
  `email` varchar(255) NOT NULL,
  `telephone` varchar(255) NOT NULL,
  `cin` varchar(255) NOT NULL,
  `date_naissance` date NOT NULL,
  `sexe` enum('M','F') NOT NULL,
  `nationalite` varchar(255) NOT NULL DEFAULT 'Maroc',
  `chambre_id` bigint(20) UNSIGNED DEFAULT NULL,
  `date_entree` date NOT NULL,
  `duree_formation` enum('2_ans','2_ans_demi') NOT NULL DEFAULT '2_ans',
  `annee_etude` enum('1','2') NOT NULL DEFAULT '1',
  `date_sortie_prevue` date DEFAULT NULL,
  `statut` enum('actif','suspendu','sorti','archive') NOT NULL DEFAULT 'actif',
  `created_at` timestamp NULL DEFAULT NULL,
  `updated_at` timestamp NULL DEFAULT NULL,
  `deleted_at` timestamp NULL DEFAULT NULL
) ENGINE=InnoDB DEFAULT CHARSET=utf8mb4 COLLATE=utf8mb4_unicode_ci;

--
-- Dumping data for table `etudiants`
--

INSERT INTO `etudiants` (`id`, `nom`, `prenom`, `email`, `telephone`, `cin`, `date_naissance`, `sexe`, `nationalite`, `chambre_id`, `date_entree`, `date_sortie_prevue`, `statut`, `created_at`, `updated_at`, `deleted_at`) VALUES
(1, 'Fournier', 'Benjamin', 'etudiant1@cmc.ma', '0627609441', 'TZ614875', '2006-02-17', 'M', 'Maroc', 6, '2025-10-25', '2026-12-28', 'actif', '2026-03-05 13:44:13', '2026-03-05 13:44:13', NULL),
(2, 'Boulay', 'Léon', 'etudiant2@cmc.ma', '0630652588', 'AN747717', '1971-05-02', 'M', 'Maroc', 40, '2025-10-11', '2027-02-12', 'actif', '2026-03-05 13:44:13', '2026-03-05 13:44:13', NULL),
(3, 'Salmon', 'Raymond', 'etudiant3@cmc.ma', '0663761732', 'EN334592', '1986-09-27', 'M', 'Maroc', 20, '2026-01-21', '2026-08-23', 'actif', '2026-03-05 13:44:13', '2026-03-05 13:44:13', NULL),
(4, 'Techer', 'Roger', 'etudiant4@cmc.ma', '0672166449', 'BP173591', '1994-08-03', 'M', 'Maroc', 3, '2026-01-24', '2026-11-09', 'actif', '2026-03-05 13:44:13', '2026-03-05 13:44:13', NULL),
(5, 'Valentin', 'Bertrand', 'etudiant5@cmc.ma', '0617353291', 'QQ745736', '1978-03-02', 'M', 'Maroc', 3, '2026-01-14', '2027-02-27', 'actif', '2026-03-05 13:44:13', '2026-03-05 13:44:13', NULL),
(6, 'Levy', 'Denis', 'etudiant6@cmc.ma', '0681671924', 'WM476981', '2003-04-06', 'M', 'Maroc', 3, '2025-10-05', '2026-09-14', 'actif', '2026-03-05 13:44:13', '2026-03-05 13:44:13', NULL),
(7, 'Valette', 'Jacques', 'etudiant7@cmc.ma', '0673253474', 'FI812709', '1975-12-18', 'M', 'Maroc', 27, '2025-11-04', '2026-06-11', 'actif', '2026-03-05 13:44:13', '2026-03-05 13:44:13', NULL),
(8, 'Bousquet', 'Dominique', 'etudiant8@cmc.ma', '0622113056', 'HM176549', '1977-10-13', 'M', 'Maroc', 29, '2025-11-19', '2027-01-08', 'actif', '2026-03-05 13:44:13', '2026-03-05 13:44:13', NULL),
(9, 'Dumas', 'David', 'etudiant9@cmc.ma', '0670473591', 'LR643486', '1980-03-28', 'M', 'Maroc', 28, '2025-10-08', '2026-11-23', 'actif', '2026-03-05 13:44:13', '2026-03-05 13:44:13', NULL),
(10, 'Maurice', 'Joseph', 'etudiant10@cmc.ma', '0657641767', 'JU552256', '1982-09-30', 'M', 'Maroc', 3, '2026-02-03', '2026-08-10', 'actif', '2026-03-05 13:44:13', '2026-03-05 13:44:13', NULL),
(11, 'Nicolas', 'Thierry', 'etudiant11@cmc.ma', '0673666115', 'WS585147', '1983-06-06', 'M', 'Maroc', 21, '2025-10-14', '2027-02-15', 'actif', '2026-03-05 13:44:13', '2026-03-05 13:44:13', NULL),
(12, 'Techer', 'Gilbert', 'etudiant12@cmc.ma', '0615765348', 'FO851872', '1992-12-16', 'M', 'Maroc', 26, '2025-10-21', '2026-12-03', 'actif', '2026-03-05 13:44:13', '2026-03-05 13:44:13', NULL),
(13, 'Millet', 'Alexandre', 'etudiant13@cmc.ma', '0697299762', 'KU828609', '2000-09-12', 'M', 'Maroc', 4, '2025-10-14', '2027-03-04', 'actif', '2026-03-05 13:44:13', '2026-03-05 13:44:13', NULL),
(14, 'Leblanc', 'Robert', 'etudiant14@cmc.ma', '0626396040', 'AY132854', '1974-04-03', 'M', 'Maroc', 23, '2025-09-20', '2027-02-28', 'actif', '2026-03-05 13:44:13', '2026-03-05 13:44:13', NULL),
(15, 'Fontaine', 'Aimé', 'etudiant15@cmc.ma', '0611550021', 'UC763241', '1971-02-24', 'M', 'Maroc', 32, '2026-01-09', '2027-02-11', 'actif', '2026-03-05 13:44:13', '2026-03-05 13:44:13', NULL),
(16, 'Berthelot', 'Étienne', 'etudiant16@cmc.ma', '0682029571', 'HB358226', '2004-02-06', 'M', 'Maroc', 16, '2025-11-27', '2026-12-22', 'actif', '2026-03-05 13:44:13', '2026-03-05 13:44:13', NULL),
(17, 'Parent', 'Robert', 'etudiant17@cmc.ma', '0696291936', 'AP356713', '1994-08-10', 'M', 'Maroc', 2, '2025-09-27', '2026-11-18', 'actif', '2026-03-05 13:44:13', '2026-03-05 13:44:13', NULL),
(18, 'Bruneau', 'Luc', 'etudiant18@cmc.ma', '0629967339', 'IS413002', '1991-04-19', 'M', 'Maroc', 8, '2026-01-17', '2026-06-14', 'actif', '2026-03-05 13:44:13', '2026-03-05 13:44:13', NULL),
(19, 'Martineau', 'Aimé', 'etudiant19@cmc.ma', '0650391845', 'VU796664', '2002-12-30', 'M', 'Maroc', 4, '2025-12-03', '2026-08-31', 'actif', '2026-03-05 13:44:13', '2026-03-05 13:44:13', NULL),
(20, 'Dubois', 'Martin', 'etudiant20@cmc.ma', '0623567878', 'EZ731985', '1992-09-04', 'M', 'Maroc', 24, '2025-12-02', '2027-01-25', 'actif', '2026-03-05 13:44:13', '2026-03-05 13:44:13', NULL),
(21, 'Jean', 'Bernard', 'etudiant21@cmc.ma', '0640849232', 'BM193640', '1990-08-25', 'M', 'Maroc', 1, '2025-12-17', '2026-07-25', 'actif', '2026-03-05 13:44:13', '2026-03-05 13:44:13', NULL),
(22, 'Verdier', 'Jacques', 'etudiant22@cmc.ma', '0614118362', 'TP899073', '1996-03-19', 'M', 'Maroc', 21, '2025-11-18', '2026-08-31', 'actif', '2026-03-05 13:44:13', '2026-03-05 13:44:13', NULL),
(23, 'Morin', 'Théophile', 'etudiant23@cmc.ma', '0639601045', 'HU610784', '1996-02-13', 'M', 'Maroc', 22, '2025-11-24', '2026-08-05', 'actif', '2026-03-05 13:44:13', '2026-03-05 13:44:13', NULL),
(24, 'Chauveau', 'Laurent', 'etudiant24@cmc.ma', '0610834836', 'NG160782', '1971-12-04', 'M', 'Maroc', 11, '2025-10-15', '2026-07-10', 'actif', '2026-03-05 13:44:13', '2026-03-05 13:44:13', NULL),
(25, 'Le Gall', 'Éric', 'etudiant25@cmc.ma', '0654215261', 'QL383677', '1984-08-12', 'M', 'Maroc', 20, '2025-10-31', '2026-08-16', 'actif', '2026-03-05 13:44:13', '2026-03-05 13:44:13', NULL),
(26, 'Chevalier', 'Alphonse', 'etudiant26@cmc.ma', '0611702462', 'IS147767', '1983-06-06', 'M', 'Maroc', 33, '2026-01-25', '2026-10-15', 'actif', '2026-03-05 13:44:13', '2026-03-05 13:44:13', NULL),
(27, 'Lemaitre', 'Guillaume', 'etudiant27@cmc.ma', '0624455148', 'RF477890', '1988-09-01', 'M', 'Maroc', 17, '2026-01-18', '2026-07-25', 'actif', '2026-03-05 13:44:13', '2026-03-05 13:44:13', NULL),
(28, 'Guyon', 'Gérard', 'etudiant28@cmc.ma', '0680655143', 'YM615618', '1992-08-25', 'M', 'Maroc', 9, '2025-09-20', '2026-06-24', 'actif', '2026-03-05 13:44:13', '2026-03-05 13:44:13', NULL),
(29, 'Clerc', 'Hugues', 'etudiant29@cmc.ma', '0698499404', 'XJ851729', '1983-05-29', 'M', 'Maroc', 16, '2025-12-12', '2026-10-02', 'actif', '2026-03-05 13:44:13', '2026-03-05 13:44:13', NULL),
(30, 'Julien', 'Michel', 'etudiant30@cmc.ma', '0662415113', 'ZI895945', '1984-09-18', 'M', 'Maroc', 34, '2025-09-11', '2027-02-04', 'actif', '2026-03-05 13:44:13', '2026-03-05 13:44:13', NULL),
(31, 'Bourgeois', 'Bertrand', 'etudiant31@cmc.ma', '0692951281', 'WV459961', '1979-08-26', 'M', 'Maroc', 40, '2025-12-24', '2026-12-11', 'actif', '2026-03-05 13:44:13', '2026-03-05 13:44:13', NULL),
(32, 'Bouchet', 'Jean', 'etudiant32@cmc.ma', '0641291893', 'MF756660', '1970-12-08', 'M', 'Maroc', 6, '2025-12-22', '2026-09-01', 'actif', '2026-03-05 13:44:13', '2026-03-05 13:44:13', NULL),
(33, 'Lopes', 'René', 'etudiant33@cmc.ma', '0646186219', 'TY701819', '1993-12-24', 'M', 'Maroc', 12, '2026-01-29', '2027-01-30', 'actif', '2026-03-05 13:44:13', '2026-03-05 13:44:13', NULL),
(34, 'Fischer', 'Victor', 'etudiant34@cmc.ma', '0613132508', 'HS073337', '2003-02-27', 'M', 'Maroc', 1, '2026-01-07', '2026-10-23', 'actif', '2026-03-05 13:44:13', '2026-03-05 13:44:13', NULL),
(35, 'Bruneau', 'Henri', 'etudiant35@cmc.ma', '0675425635', 'EO529544', '2001-10-10', 'M', 'Maroc', 26, '2026-02-04', '2026-09-27', 'actif', '2026-03-05 13:44:13', '2026-03-05 13:44:13', NULL),
(36, 'Remy', 'Augustin', 'etudiant36@cmc.ma', '0643059450', 'TQ659412', '1985-10-20', 'M', 'Maroc', 18, '2025-11-29', '2026-06-24', 'actif', '2026-03-05 13:44:13', '2026-03-05 13:44:13', NULL),
(37, 'Raymond', 'Victor', 'etudiant37@cmc.ma', '0668384725', 'QM865088', '1983-12-11', 'M', 'Maroc', 16, '2025-12-04', '2026-07-22', 'actif', '2026-03-05 13:44:13', '2026-03-05 13:44:13', NULL),
(38, 'Brunel', 'Antoine', 'etudiant38@cmc.ma', '0689498488', 'EB281237', '1990-04-03', 'M', 'Maroc', 35, '2025-09-13', '2026-12-23', 'actif', '2026-03-05 13:44:13', '2026-03-05 13:44:13', NULL),
(39, 'Robin', 'Gilles', 'etudiant39@cmc.ma', '0682277368', 'BP629975', '1984-12-29', 'M', 'Maroc', 39, '2025-11-14', '2027-02-27', 'actif', '2026-03-05 13:44:13', '2026-03-05 13:44:13', NULL),
(40, 'Normand', 'Alfred', 'etudiant40@cmc.ma', '0690380976', 'VI707360', '2006-04-12', 'M', 'Maroc', 12, '2025-11-26', '2026-08-06', 'actif', '2026-03-05 13:44:13', '2026-03-05 13:44:13', NULL),
(41, 'Bruneau', 'Guy', 'etudiant41@cmc.ma', '0625779224', 'KS165322', '1970-08-17', 'M', 'Maroc', 7, '2025-10-15', '2026-07-28', 'actif', '2026-03-05 13:44:13', '2026-03-05 13:44:13', NULL),
(42, 'Leblanc', 'Gilbert', 'etudiant42@cmc.ma', '0697069003', 'QN413572', '1982-07-27', 'M', 'Maroc', 27, '2026-01-29', '2027-01-12', 'actif', '2026-03-05 13:44:13', '2026-03-05 13:44:13', NULL),
(43, 'Guillet', 'Thibault', 'etudiant43@cmc.ma', '0669110738', 'IC574932', '1988-08-30', 'M', 'Maroc', 36, '2026-01-14', '2026-10-30', 'actif', '2026-03-05 13:44:13', '2026-03-05 13:44:13', NULL),
(44, 'Ferreira', 'Éric', 'etudiant44@cmc.ma', '0627693028', 'MV009488', '1980-04-22', 'M', 'Maroc', 32, '2025-10-28', '2026-11-26', 'actif', '2026-03-05 13:44:13', '2026-03-05 13:44:13', NULL),
(45, 'Rousseau', 'Stéphane', 'etudiant45@cmc.ma', '0653727315', 'YC771939', '1980-05-03', 'M', 'Maroc', 10, '2025-12-27', '2027-02-12', 'actif', '2026-03-05 13:44:13', '2026-03-05 13:44:13', NULL),
(46, 'Charpentier', 'Vincent', 'etudiant46@cmc.ma', '0640558790', 'OW196042', '1975-05-03', 'M', 'Maroc', 20, '2026-02-03', '2026-08-17', 'actif', '2026-03-05 13:44:13', '2026-03-05 13:44:13', NULL),
(47, 'Bertin', 'Honoré', 'etudiant47@cmc.ma', '0678279923', 'UR864696', '1989-10-11', 'M', 'Maroc', 35, '2025-10-02', '2026-08-18', 'actif', '2026-03-05 13:44:13', '2026-03-05 13:44:13', NULL),
(48, 'Lesage', 'Victor', 'etudiant48@cmc.ma', '0628745214', 'HR270773', '1995-06-02', 'M', 'Maroc', 33, '2026-01-06', '2026-09-30', 'actif', '2026-03-05 13:44:13', '2026-03-05 13:44:13', NULL),
(49, 'Charrier', 'Xavier', 'etudiant50@cmc.ma', '0679150524', 'TV414633', '1977-07-27', 'M', 'Maroc', 25, '2025-10-11', '2026-10-17', 'actif', '2026-03-05 13:44:13', '2026-03-05 13:44:13', NULL),
(50, 'Blin', 'Jacques', 'etudiant51@cmc.ma', '0635532243', 'ST714879', '1997-08-16', 'M', 'Maroc', 16, '2025-09-29', '2026-10-06', 'actif', '2026-03-05 13:44:13', '2026-03-05 13:44:13', NULL),
(51, 'Durand', 'Hugues', 'etudiant52@cmc.ma', '0677797420', 'AY207888', '1982-01-10', 'M', 'Maroc', 1, '2025-10-29', '2026-10-29', 'actif', '2026-03-05 13:44:13', '2026-03-05 13:44:13', NULL),
(52, 'Gosselin', 'Victor', 'etudiant54@cmc.ma', '0653294662', 'XQ945843', '2002-09-17', 'M', 'Maroc', 26, '2025-12-24', '2026-08-17', 'actif', '2026-03-05 13:44:13', '2026-03-05 13:44:13', NULL),
(53, 'Besnard', 'Daniel', 'etudiant55@cmc.ma', '0655624415', 'QH276766', '1987-02-12', 'M', 'Maroc', 38, '2025-09-18', '2027-02-28', 'actif', '2026-03-05 13:44:13', '2026-03-05 13:44:13', NULL),
(54, 'Charrier', 'Lucas', 'etudiant56@cmc.ma', '0621891202', 'FI765805', '1970-06-22', 'M', 'Maroc', 5, '2025-11-30', '2026-12-30', 'actif', '2026-03-05 13:44:13', '2026-03-05 13:44:13', NULL),
(55, 'Georges', 'Alain', 'etudiant57@cmc.ma', '0642184914', 'QR234906', '1995-09-24', 'M', 'Maroc', 24, '2025-11-28', '2027-02-18', 'actif', '2026-03-05 13:44:13', '2026-03-05 13:44:13', NULL),
(56, 'Charrier', 'Jacques', 'etudiant58@cmc.ma', '0650064708', 'AV743140', '1970-12-04', 'M', 'Maroc', 21, '2025-09-19', '2027-01-30', 'actif', '2026-03-05 13:44:13', '2026-03-05 13:44:13', NULL),
(57, 'Lemaire', 'Olivier', 'etudiant59@cmc.ma', '0693271813', 'KJ457779', '2000-03-24', 'M', 'Maroc', 15, '2025-12-30', '2026-12-31', 'actif', '2026-03-05 13:44:13', '2026-03-05 13:44:13', NULL),
(58, 'Peron', 'Nicolas', 'etudiant60@cmc.ma', '0660237867', 'DP684869', '1990-07-01', 'M', 'Maroc', 24, '2026-01-24', '2026-11-26', 'actif', '2026-03-05 13:44:13', '2026-03-05 13:44:13', NULL),
(59, 'Colin', 'Luce', 'etudiant61@cmc.ma', '0654862323', 'ZS642098', '2007-05-13', 'F', 'Maroc', 47, '2025-11-18', '2026-07-19', 'actif', '2026-03-05 13:44:13', '2026-03-05 13:44:13', NULL),
(60, 'Bonneau', 'Éléonore', 'etudiant62@cmc.ma', '0649594002', 'FA992699', '1987-01-05', 'F', 'Maroc', 56, '2025-09-21', '2027-02-16', 'actif', '2026-03-05 13:44:13', '2026-03-05 13:44:13', NULL),
(61, 'Chretien', 'Sabine', 'etudiant63@cmc.ma', '0627324115', 'ER038257', '1970-01-18', 'F', 'Maroc', 56, '2025-11-22', '2026-11-07', 'actif', '2026-03-05 13:44:13', '2026-03-05 13:44:13', NULL),
(62, 'Moreno', 'Zoé', 'etudiant64@cmc.ma', '0699907213', 'JX704441', '1989-10-31', 'F', 'Maroc', 43, '2025-11-12', '2026-06-24', 'actif', '2026-03-05 13:44:13', '2026-03-05 13:44:13', NULL),
(63, 'Moreau', 'Constance', 'etudiant65@cmc.ma', '0616988988', 'OF192116', '1987-01-02', 'F', 'Maroc', 62, '2025-12-31', '2026-07-07', 'actif', '2026-03-05 13:44:13', '2026-03-05 13:44:13', NULL),
(64, 'Benoit', 'Pénélope', 'etudiant66@cmc.ma', '0646287325', 'IJ030500', '1983-03-21', 'F', 'Maroc', 60, '2026-01-24', '2027-01-14', 'actif', '2026-03-05 13:44:13', '2026-03-05 13:44:13', NULL),
(65, 'Klein', 'Clémence', 'etudiant67@cmc.ma', '0651165152', 'ND605796', '1988-12-09', 'F', 'Maroc', 43, '2025-12-01', '2026-08-15', 'actif', '2026-03-05 13:44:13', '2026-03-05 13:44:13', NULL),
(66, 'Gaudin', 'Danielle', 'etudiant68@cmc.ma', '0667540351', 'YC426457', '1983-11-25', 'F', 'Maroc', 57, '2026-02-01', '2027-03-01', 'actif', '2026-03-05 13:44:13', '2026-03-05 13:44:13', NULL),
(67, 'Carre', 'Julie', 'etudiant69@cmc.ma', '0614531100', 'WI205811', '1996-07-09', 'F', 'Maroc', 41, '2025-10-05', '2026-12-23', 'actif', '2026-03-05 13:44:13', '2026-03-05 13:44:13', NULL),
(68, 'Charrier', 'Denise', 'etudiant70@cmc.ma', '0623094386', 'CT577482', '1989-05-05', 'F', 'Maroc', 47, '2026-02-05', '2027-01-02', 'actif', '2026-03-05 13:44:13', '2026-03-05 13:44:13', NULL),
(69, 'Chevalier', 'Nathalie', 'etudiant71@cmc.ma', '0670742073', 'WH757452', '1984-02-12', 'F', 'Maroc', 44, '2025-10-20', '2027-02-23', 'actif', '2026-03-05 13:44:13', '2026-03-05 13:44:13', NULL),
(70, 'Moulin', 'Véronique', 'etudiant72@cmc.ma', '0636121308', 'HC808067', '1991-10-13', 'F', 'Maroc', 41, '2025-10-13', '2026-08-12', 'actif', '2026-03-05 13:44:13', '2026-03-05 13:44:13', NULL),
(71, 'Pinto', 'Amélie', 'etudiant73@cmc.ma', '0619574871', 'LE162858', '1978-09-09', 'F', 'Maroc', 61, '2025-09-27', '2026-08-02', 'actif', '2026-03-05 13:44:13', '2026-03-05 13:44:13', NULL),
(72, 'Leblanc', 'Élisabeth', 'etudiant74@cmc.ma', '0691016121', 'RF045775', '1995-07-13', 'F', 'Maroc', 49, '2026-01-14', '2026-10-18', 'actif', '2026-03-05 13:44:13', '2026-03-05 13:44:13', NULL),
(73, 'Gilles', 'Diane', 'etudiant75@cmc.ma', '0649045329', 'CS207306', '1982-05-02', 'F', 'Maroc', 57, '2025-10-16', '2027-01-15', 'actif', '2026-03-05 13:44:13', '2026-03-05 13:44:13', NULL),
(74, 'Leclercq', 'Juliette', 'etudiant76@cmc.ma', '0669731271', 'WF119120', '1999-07-10', 'F', 'Maroc', 61, '2025-11-07', '2027-02-10', 'actif', '2026-03-05 13:44:13', '2026-03-05 13:44:13', NULL),
(75, 'Faivre', 'Nath', 'etudiant77@cmc.ma', '0621314153', 'IO319996', '1974-04-30', 'F', 'Maroc', 50, '2026-01-24', '2026-12-15', 'actif', '2026-03-05 13:44:13', '2026-03-05 13:44:13', NULL),
(76, 'Boulay', 'Marine', 'etudiant78@cmc.ma', '0692559178', 'JJ258206', '1985-03-28', 'F', 'Maroc', 47, '2026-01-11', '2027-02-21', 'actif', '2026-03-05 13:44:13', '2026-03-05 13:44:13', NULL),
(77, 'Bigot', 'Lucy', 'etudiant79@cmc.ma', '0622769021', 'DK116186', '1987-04-15', 'F', 'Maroc', 41, '2025-12-09', '2027-01-07', 'actif', '2026-03-05 13:44:13', '2026-03-05 13:44:13', NULL),
(78, 'Brunet', 'Anne', 'etudiant80@cmc.ma', '0648520597', 'TM585337', '2007-12-29', 'F', 'Maroc', 41, '2025-11-27', '2026-12-23', 'actif', '2026-03-05 13:44:13', '2026-03-05 13:44:13', NULL),
(79, 'Leblanc', 'Constance', 'etudiant81@cmc.ma', '0626179646', 'ZO979781', '1993-02-25', 'F', 'Maroc', 60, '2026-01-22', '2027-01-07', 'actif', '2026-03-05 13:44:13', '2026-03-05 13:44:13', NULL),
(80, 'Menard', 'Paulette', 'etudiant82@cmc.ma', '0642090388', 'KD872594', '2002-11-17', 'F', 'Maroc', 51, '2026-02-04', '2026-09-22', 'actif', '2026-03-05 13:44:13', '2026-03-05 13:44:13', NULL),
(81, 'Mahe', 'Manon', 'etudiant83@cmc.ma', '0684595345', 'FO001008', '2000-03-26', 'F', 'Maroc', 48, '2025-10-14', '2026-09-16', 'actif', '2026-03-05 13:44:13', '2026-03-05 13:44:13', NULL),
(82, 'Lecoq', 'Marthe', 'etudiant84@cmc.ma', '0672535244', 'FD057835', '1970-11-22', 'F', 'Maroc', 43, '2025-11-11', '2026-12-17', 'actif', '2026-03-05 13:44:13', '2026-03-05 13:44:13', NULL),
(83, 'Carre', 'Margaret', 'etudiant85@cmc.ma', '0657198215', 'SD141126', '2007-06-12', 'F', 'Maroc', 56, '2025-09-10', '2027-02-23', 'actif', '2026-03-05 13:44:13', '2026-03-05 13:44:13', NULL),
(84, 'Leleu', 'Julie', 'etudiant86@cmc.ma', '0657756259', 'LS326603', '1992-03-21', 'F', 'Maroc', 54, '2025-09-25', '2027-01-21', 'actif', '2026-03-05 13:44:13', '2026-03-05 13:44:13', NULL),
(85, 'Royer', 'Denise', 'etudiant87@cmc.ma', '0656356077', 'HI920949', '2004-07-17', 'F', 'Maroc', 47, '2025-09-25', '2026-12-18', 'actif', '2026-03-05 13:44:13', '2026-03-05 13:44:13', NULL),
(86, 'Francois', 'Lorraine', 'etudiant88@cmc.ma', '0687193688', 'YR022757', '1977-10-16', 'F', 'Maroc', 45, '2025-10-10', '2026-06-25', 'actif', '2026-03-05 13:44:13', '2026-03-05 13:44:13', NULL),
(87, 'Lopez', 'Adélaïde', 'etudiant89@cmc.ma', '0664974058', 'GZ364816', '1980-12-22', 'F', 'Maroc', 51, '2025-11-12', '2027-02-16', 'actif', '2026-03-05 13:44:13', '2026-03-05 13:44:13', NULL),
(88, 'Blin', 'Marianne', 'etudiant90@cmc.ma', '0661153054', 'QA497959', '2002-08-20', 'F', 'Maroc', 60, '2025-10-22', '2026-10-20', 'actif', '2026-03-05 13:44:13', '2026-03-05 13:44:13', NULL),
(89, 'Le Goff', 'Anouk', 'etudiant91@cmc.ma', '0677720643', 'AF388378', '1972-11-14', 'F', 'Maroc', 49, '2025-10-24', '2026-11-25', 'actif', '2026-03-05 13:44:13', '2026-03-05 13:44:13', NULL),
(90, 'Da Costa', 'Anouk', 'etudiant92@cmc.ma', '0679975864', 'IR045652', '1974-11-03', 'F', 'Maroc', 64, '2025-10-09', '2026-09-13', 'actif', '2026-03-05 13:44:13', '2026-03-05 13:44:13', NULL),
(91, 'Denis', 'Philippine', 'etudiant93@cmc.ma', '0628609507', 'JA896633', '1979-09-05', 'F', 'Maroc', 59, '2025-12-13', '2026-08-07', 'actif', '2026-03-05 13:44:13', '2026-03-05 13:44:13', NULL),
(92, 'Pascal', 'Margaud', 'etudiant94@cmc.ma', '0636822215', 'QO093394', '1990-09-29', 'F', 'Maroc', 56, '2025-12-14', '2026-06-29', 'actif', '2026-03-05 13:44:13', '2026-03-05 13:44:13', NULL),
(93, 'Roy', 'Marguerite', 'etudiant96@cmc.ma', '0627565618', 'ZW813932', '1970-08-07', 'F', 'Maroc', 57, '2026-01-11', '2027-01-20', 'actif', '2026-03-05 13:44:13', '2026-03-05 13:44:13', NULL),
(94, 'Navarro', 'Constance', 'etudiant97@cmc.ma', '0632055884', 'IG424571', '1973-03-02', 'F', 'Maroc', 59, '2025-12-12', '2026-12-08', 'actif', '2026-03-05 13:44:13', '2026-03-05 13:44:13', NULL),
(95, 'Carpentier', 'Luce', 'etudiant98@cmc.ma', '0672523866', 'QJ087920', '1994-02-28', 'F', 'Maroc', 46, '2025-09-23', '2026-08-26', 'actif', '2026-03-05 13:44:13', '2026-03-05 13:44:13', NULL),
(96, 'Lagarde', 'Marthe', 'etudiant100@cmc.ma', '0695906792', 'EG993547', '2005-06-03', 'F', 'Maroc', 54, '2025-11-18', '2026-10-01', 'actif', '2026-03-05 13:44:13', '2026-03-05 13:44:13', NULL),
(97, 'Laurent', 'Élodie', 'waitlist1@cmc.ma', '0683987399', 'BD970920', '2005-06-10', 'M', 'Maroc', NULL, '2026-03-05', NULL, 'actif', '2026-03-05 13:44:13', '2026-03-05 13:44:13', NULL),
(98, 'Laroche', 'Rémy', 'waitlist2@cmc.ma', '0615140292', 'HR572121', '1989-10-27', 'M', 'Maroc', NULL, '2026-03-05', NULL, 'actif', '2026-03-05 13:44:13', '2026-03-05 13:44:13', NULL),
(99, 'Garcia', 'Édouard', 'waitlist3@cmc.ma', '0636638655', 'QG223683', '2004-04-29', 'M', 'Maroc', NULL, '2026-03-05', NULL, 'actif', '2026-03-05 13:44:13', '2026-03-05 13:44:13', NULL),
(100, 'Noel', 'Gilles', 'waitlist4@cmc.ma', '0637486676', 'GB183486', '1988-05-05', 'F', 'Maroc', NULL, '2026-03-05', NULL, 'actif', '2026-03-05 13:44:13', '2026-03-05 13:44:13', NULL),
(101, 'Guyot', 'Maryse', 'waitlist5@cmc.ma', '0675715298', 'RY478606', '1990-12-16', 'M', 'Maroc', NULL, '2026-03-05', NULL, 'actif', '2026-03-05 13:44:13', '2026-03-05 13:44:13', NULL),
(102, 'Barbe', 'Nath', 'waitlist6@cmc.ma', '0615940207', 'QM668966', '1997-07-12', 'F', 'Maroc', NULL, '2026-03-05', NULL, 'actif', '2026-03-05 13:44:13', '2026-03-05 13:44:13', NULL),
(103, 'Dumas', 'Gérard', 'waitlist7@cmc.ma', '0667940215', 'PT810545', '1980-07-30', 'M', 'Maroc', NULL, '2026-03-05', NULL, 'actif', '2026-03-05 13:44:13', '2026-03-05 13:44:13', NULL),
(104, 'Morel', 'Véronique', 'waitlist8@cmc.ma', '0629967147', 'IL122354', '1987-04-13', 'M', 'Maroc', NULL, '2026-03-05', NULL, 'actif', '2026-03-05 13:44:13', '2026-03-05 13:44:13', NULL),
(105, 'Gros', 'Noël', 'waitlist9@cmc.ma', '0684619962', 'JO980823', '1976-05-31', 'M', 'Maroc', NULL, '2026-03-05', NULL, 'actif', '2026-03-05 13:44:13', '2026-03-05 13:44:13', NULL),
(106, 'Picard', 'Guy', 'waitlist10@cmc.ma', '0683103521', 'QO492757', '1988-06-08', 'M', 'Maroc', NULL, '2026-03-05', NULL, 'actif', '2026-03-05 13:44:13', '2026-03-05 13:44:13', NULL),
(107, 'El Alaoui', 'Mohammed', 'etudiant107@cmc.ma', '0612345678', 'AR123456', '2002-05-15', 'M', 'Maroc', NULL, '2026-06-24', '2028-06-24', 'actif', '2026-06-24 00:00:00', '2026-06-24 00:00:00', NULL);

-- --------------------------------------------------------

--
-- Table structure for table `failed_jobs`
--

CREATE TABLE `failed_jobs` (
  `id` bigint(20) UNSIGNED NOT NULL,
  `uuid` varchar(255) NOT NULL,
  `connection` text NOT NULL,
  `queue` text NOT NULL,
  `payload` longtext NOT NULL,
  `exception` longtext NOT NULL,
  `failed_at` timestamp NOT NULL DEFAULT current_timestamp()
) ENGINE=InnoDB DEFAULT CHARSET=utf8mb4 COLLATE=utf8mb4_unicode_ci;

-- --------------------------------------------------------

--
-- Table structure for table `jobs`
--

CREATE TABLE `jobs` (
  `id` bigint(20) UNSIGNED NOT NULL,
  `queue` varchar(255) NOT NULL,
  `payload` longtext NOT NULL,
  `attempts` tinyint(3) UNSIGNED NOT NULL,
  `reserved_at` int(10) UNSIGNED DEFAULT NULL,
  `available_at` int(10) UNSIGNED NOT NULL,
  `created_at` int(10) UNSIGNED NOT NULL
) ENGINE=InnoDB DEFAULT CHARSET=utf8mb4 COLLATE=utf8mb4_unicode_ci;

-- --------------------------------------------------------

--
-- Table structure for table `job_batches`
--

CREATE TABLE `job_batches` (
  `id` varchar(255) NOT NULL,
  `name` varchar(255) NOT NULL,
  `total_jobs` int(11) NOT NULL,
  `pending_jobs` int(11) NOT NULL,
  `failed_jobs` int(11) NOT NULL,
  `failed_job_ids` longtext NOT NULL,
  `options` mediumtext DEFAULT NULL,
  `cancelled_at` int(11) DEFAULT NULL,
  `created_at` int(11) NOT NULL,
  `finished_at` int(11) DEFAULT NULL
) ENGINE=InnoDB DEFAULT CHARSET=utf8mb4 COLLATE=utf8mb4_unicode_ci;

-- --------------------------------------------------------

--
-- Table structure for table `migrations`
--

CREATE TABLE `migrations` (
  `id` int(10) UNSIGNED NOT NULL,
  `migration` varchar(255) NOT NULL,
  `batch` int(11) NOT NULL
) ENGINE=InnoDB DEFAULT CHARSET=utf8mb4 COLLATE=utf8mb4_unicode_ci;

--
-- Dumping data for table `migrations`
--

INSERT INTO `migrations` (`id`, `migration`, `batch`) VALUES
(1, '0001_01_01_000000_create_users_table', 1),
(2, '0001_01_01_000001_create_cache_table', 1),
(3, '0001_01_01_000002_create_jobs_table', 1),
(4, '2026_03_04_141600_create_utilisateurs_table', 1),
(5, '2026_03_04_141620_create_pavillons_table', 1),
(6, '2026_03_04_141640_create_chambres_table', 1),
(7, '2026_03_04_141657_create_etudiants_table', 1),
(8, '2026_03_04_141714_create_mouvements_table', 1),
(9, '2026_03_04_141733_create_presences_table', 1),
(10, '2026_03_04_141751_create_demandes_table', 1),
(11, '2026_03_04_141810_create_sanctions_table', 1),
(12, '2026_03_04_141902_create_archive_mouvements_table', 1),
(13, '2026_03_04_141922_create_rapports_table', 1),
(14, '2026_03_04_141939_create_visites_table', 1);

-- --------------------------------------------------------

--
-- Table structure for table `mouvements`
--

CREATE TABLE `mouvements` (
  `id` bigint(20) UNSIGNED NOT NULL,
  `etudiant_id` bigint(20) UNSIGNED NOT NULL,
  `pavillon_id` bigint(20) UNSIGNED NOT NULL,
  `type` enum('entree','sortie') NOT NULL DEFAULT 'entree',
  `date_heure` datetime NOT NULL,
  `motif` varchar(255) DEFAULT NULL,
  `enregistre_par` bigint(20) UNSIGNED NOT NULL,
  `observations` text DEFAULT NULL,
  `created_at` timestamp NULL DEFAULT NULL,
  `updated_at` timestamp NULL DEFAULT NULL
) ENGINE=InnoDB DEFAULT CHARSET=utf8mb4 COLLATE=utf8mb4_unicode_ci;

--
-- Dumping data for table `mouvements`
--

INSERT INTO `mouvements` (`id`, `etudiant_id`, `pavillon_id`, `type`, `date_heure`, `motif`, `enregistre_par`, `observations`, `created_at`, `updated_at`) VALUES
(1, 7, 1, 'sortie', '2026-03-05 07:51:00', 'Restaurant', 3, NULL, '2026-03-05 13:44:13', '2026-03-05 13:44:13'),
(2, 7, 1, 'entree', '2026-03-05 18:38:00', 'Retour cours', 3, NULL, '2026-03-05 13:44:13', '2026-03-05 13:44:13'),
(3, 10, 1, 'entree', '2026-03-05 19:09:00', 'Retour restaurant', 4, NULL, '2026-03-05 13:44:13', '2026-03-05 13:44:13'),
(4, 11, 1, 'entree', '2026-03-05 21:30:00', 'Retour famille', 5, NULL, '2026-03-05 13:44:13', '2026-03-05 13:44:13'),
(5, 14, 1, 'entree', '2026-03-05 20:22:00', 'Retour famille', 6, NULL, '2026-03-05 13:44:13', '2026-03-05 13:44:13'),
(6, 27, 1, 'sortie', '2026-03-05 08:51:00', 'Bibliothèque', 5, NULL, '2026-03-05 13:44:13', '2026-03-05 13:44:13'),
(7, 27, 1, 'entree', '2026-03-05 21:24:00', 'Retour bibliothèque', 6, NULL, '2026-03-05 13:44:13', '2026-03-05 13:44:13'),
(8, 28, 1, 'sortie', '2026-03-05 09:02:00', 'Sortie personnelle', 2, NULL, '2026-03-05 13:44:13', '2026-03-05 13:44:13'),
(9, 28, 1, 'entree', '2026-03-05 19:40:00', 'Retour restaurant', 3, NULL, '2026-03-05 13:44:13', '2026-03-05 13:44:13'),
(10, 30, 1, 'sortie', '2026-03-05 07:37:00', 'Cours', 5, NULL, '2026-03-05 13:44:13', '2026-03-05 13:44:13'),
(11, 44, 1, 'sortie', '2026-03-05 09:11:00', 'Courses', 3, NULL, '2026-03-05 13:44:13', '2026-03-05 13:44:13'),
(12, 50, 1, 'sortie', '2026-03-05 08:24:00', 'Rendez-vous médical', 4, NULL, '2026-03-05 13:44:13', '2026-03-05 13:44:13'),
(13, 51, 1, 'entree', '2026-03-05 23:28:00', 'Retour cours', 6, 'Retard notable', '2026-03-05 13:44:13', '2026-03-05 13:44:13'),
(14, 52, 1, 'sortie', '2026-03-05 09:13:00', 'Sortie personnelle', 6, 'Sortie en groupe', '2026-03-05 13:44:13', '2026-03-05 13:44:13'),
(15, 54, 1, 'entree', '2026-03-05 19:00:00', 'Autre', 3, NULL, '2026-03-05 13:44:13', '2026-03-05 13:44:13'),
(16, 57, 1, 'sortie', '2026-03-05 08:38:00', 'Sortie personnelle', 3, NULL, '2026-03-05 13:44:13', '2026-03-05 13:44:13'),
(17, 57, 1, 'entree', '2026-03-05 22:24:00', 'Retour bibliothèque', 5, 'Retard notable', '2026-03-05 13:44:13', '2026-03-05 13:44:13'),
(18, 61, 2, 'sortie', '2026-03-05 08:32:00', 'Cours', 2, 'Sortie en groupe', '2026-03-05 13:44:13', '2026-03-05 13:44:13'),
(19, 61, 2, 'entree', '2026-03-05 23:33:00', 'Retour bibliothèque', 5, 'Retard notable', '2026-03-05 13:44:13', '2026-03-05 13:44:13'),
(20, 65, 2, 'sortie', '2026-03-05 09:18:00', 'Sortie personnelle', 2, NULL, '2026-03-05 13:44:13', '2026-03-05 13:44:13'),
(21, 65, 2, 'entree', '2026-03-05 19:28:00', 'Retour famille', 6, NULL, '2026-03-05 13:44:13', '2026-03-05 13:44:13'),
(22, 66, 2, 'sortie', '2026-03-05 08:19:00', 'Bibliothèque', 2, NULL, '2026-03-05 13:44:13', '2026-03-05 13:44:13'),
(23, 66, 2, 'entree', '2026-03-05 21:40:00', 'Autre', 6, NULL, '2026-03-05 13:44:13', '2026-03-05 13:44:13'),
(24, 78, 2, 'sortie', '2026-03-05 08:09:00', 'Restaurant', 3, NULL, '2026-03-05 13:44:13', '2026-03-05 13:44:13'),
(25, 86, 2, 'entree', '2026-03-05 20:26:00', 'Retour bibliothèque', 2, NULL, '2026-03-05 13:44:13', '2026-03-05 13:44:13'),
(26, 87, 2, 'sortie', '2026-03-05 07:33:00', 'Cours', 6, NULL, '2026-03-05 13:44:13', '2026-03-05 13:44:13'),
(27, 88, 2, 'sortie', '2026-03-05 09:13:00', 'Bibliothèque', 2, NULL, '2026-03-05 13:44:13', '2026-03-05 13:44:13'),
(28, 91, 2, 'entree', '2026-03-05 20:16:00', 'Retour famille', 4, NULL, '2026-03-05 13:44:13', '2026-03-05 13:44:13'),
(29, 96, 2, 'sortie', '2026-03-05 07:52:00', 'Restaurant', 6, NULL, '2026-03-05 13:44:13', '2026-03-05 13:44:13'),
(30, 96, 2, 'entree', '2026-03-05 21:10:00', 'Retour bibliothèque', 3, NULL, '2026-03-05 13:44:13', '2026-03-05 13:44:13'),
(31, 100, 2, 'sortie', '2026-03-05 09:01:00', 'Bibliothèque', 5, NULL, '2026-03-05 13:44:13', '2026-03-05 13:44:13'),
(32, 100, 2, 'entree', '2026-03-05 23:16:00', 'Autre', 6, 'Retard notable', '2026-03-05 13:44:13', '2026-03-05 13:44:13'),
(33, 9, 1, 'entree', '2026-03-04 22:46:00', 'Retour famille', 4, 'Retard notable', '2026-03-05 13:44:13', '2026-03-05 13:44:13'),
(34, 12, 1, 'entree', '2026-03-04 21:02:00', 'Retour bibliothèque', 2, NULL, '2026-03-05 13:44:13', '2026-03-05 13:44:13'),
(35, 18, 1, 'entree', '2026-03-04 23:28:00', 'Retour famille', 3, 'Retard notable', '2026-03-05 13:44:13', '2026-03-05 13:44:13'),
(36, 25, 1, 'entree', '2026-03-04 20:28:00', 'Retour bibliothèque', 5, NULL, '2026-03-05 13:44:13', '2026-03-05 13:44:13'),
(37, 30, 1, 'sortie', '2026-03-04 07:43:00', 'Bibliothèque', 6, NULL, '2026-03-05 13:44:13', '2026-03-05 13:44:13'),
(38, 30, 1, 'entree', '2026-03-04 22:16:00', 'Autre', 6, 'Retard notable', '2026-03-05 13:44:13', '2026-03-05 13:44:13'),
(39, 33, 1, 'sortie', '2026-03-04 07:22:00', 'Sortie personnelle', 5, NULL, '2026-03-05 13:44:13', '2026-03-05 13:44:13'),
(40, 33, 1, 'entree', '2026-03-04 18:42:00', 'Retour bibliothèque', 6, NULL, '2026-03-05 13:44:13', '2026-03-05 13:44:13'),
(41, 38, 1, 'sortie', '2026-03-04 09:09:00', 'Sortie personnelle', 4, NULL, '2026-03-05 13:44:13', '2026-03-05 13:44:13'),
(42, 38, 1, 'entree', '2026-03-04 21:33:00', 'Retour restaurant', 4, NULL, '2026-03-05 13:44:13', '2026-03-05 13:44:13'),
(43, 43, 1, 'sortie', '2026-03-04 08:51:00', 'Bibliothèque', 2, NULL, '2026-03-05 13:44:13', '2026-03-05 13:44:13'),
(44, 47, 1, 'sortie', '2026-03-04 07:06:00', 'Cours', 5, NULL, '2026-03-05 13:44:13', '2026-03-05 13:44:13'),
(45, 49, 1, 'sortie', '2026-03-04 09:49:00', 'Cours', 4, NULL, '2026-03-05 13:44:13', '2026-03-05 13:44:13'),
(46, 51, 1, 'sortie', '2026-03-04 09:40:00', 'Rendez-vous médical', 3, 'Sortie en groupe', '2026-03-05 13:44:13', '2026-03-05 13:44:13'),
(47, 54, 1, 'entree', '2026-03-04 23:22:00', 'Retour famille', 2, 'Retard notable', '2026-03-05 13:44:13', '2026-03-05 13:44:13'),
(48, 57, 1, 'entree', '2026-03-04 22:51:00', 'Retour cours', 2, 'Retard notable', '2026-03-05 13:44:13', '2026-03-05 13:44:13'),
(49, 60, 2, 'entree', '2026-03-04 21:49:00', 'Retour bibliothèque', 5, NULL, '2026-03-05 13:44:13', '2026-03-05 13:44:13'),
(50, 61, 2, 'sortie', '2026-03-04 07:01:00', 'Courses', 5, NULL, '2026-03-05 13:44:13', '2026-03-05 13:44:13'),
(51, 61, 2, 'entree', '2026-03-04 21:38:00', 'Retour restaurant', 4, NULL, '2026-03-05 13:44:13', '2026-03-05 13:44:13'),
(52, 76, 2, 'entree', '2026-03-04 23:37:00', 'Retour cours', 4, 'Retard notable', '2026-03-05 13:44:13', '2026-03-05 13:44:13'),
(53, 77, 2, 'entree', '2026-03-04 19:51:00', 'Retour bibliothèque', 3, NULL, '2026-03-05 13:44:13', '2026-03-05 13:44:13'),
(54, 80, 2, 'entree', '2026-03-04 21:30:00', 'Retour famille', 4, NULL, '2026-03-05 13:44:13', '2026-03-05 13:44:13'),
(55, 83, 2, 'sortie', '2026-03-04 07:54:00', 'Courses', 4, NULL, '2026-03-05 13:44:13', '2026-03-05 13:44:13'),
(56, 83, 2, 'entree', '2026-03-04 22:00:00', 'Retour famille', 6, 'Retard notable', '2026-03-05 13:44:13', '2026-03-05 13:44:13'),
(57, 84, 2, 'entree', '2026-03-04 22:23:00', 'Retour restaurant', 6, 'Retard notable', '2026-03-05 13:44:13', '2026-03-05 13:44:13'),
(58, 92, 2, 'entree', '2026-03-04 19:26:00', 'Retour bibliothèque', 5, NULL, '2026-03-05 13:44:13', '2026-03-05 13:44:13'),
(59, 96, 2, 'sortie', '2026-03-04 09:47:00', 'Sortie personnelle', 2, 'Sortie en groupe', '2026-03-05 13:44:13', '2026-03-05 13:44:13'),
(60, 96, 2, 'entree', '2026-03-04 23:40:00', 'Retour restaurant', 3, 'Retard notable', '2026-03-05 13:44:13', '2026-03-05 13:44:13'),
(61, 5, 1, 'sortie', '2026-03-03 09:42:00', 'Bibliothèque', 3, 'Sortie en groupe', '2026-03-05 13:44:13', '2026-03-05 13:44:13'),
(62, 10, 1, 'sortie', '2026-03-03 09:55:00', 'Restaurant', 3, NULL, '2026-03-05 13:44:13', '2026-03-05 13:44:13'),
(63, 10, 1, 'entree', '2026-03-03 22:43:00', 'Retour famille', 4, 'Retard notable', '2026-03-05 13:44:13', '2026-03-05 13:44:13'),
(64, 18, 1, 'sortie', '2026-03-03 07:51:00', 'Restaurant', 4, NULL, '2026-03-05 13:44:13', '2026-03-05 13:44:13'),
(65, 18, 1, 'entree', '2026-03-03 20:14:00', 'Retour cours', 5, NULL, '2026-03-05 13:44:13', '2026-03-05 13:44:13'),
(66, 26, 1, 'sortie', '2026-03-03 08:43:00', 'Bibliothèque', 6, NULL, '2026-03-05 13:44:13', '2026-03-05 13:44:13'),
(67, 26, 1, 'entree', '2026-03-03 23:35:00', 'Retour famille', 4, 'Retard notable', '2026-03-05 13:44:13', '2026-03-05 13:44:13'),
(68, 30, 1, 'sortie', '2026-03-03 09:54:00', 'Sortie personnelle', 2, NULL, '2026-03-05 13:44:13', '2026-03-05 13:44:13'),
(69, 36, 1, 'sortie', '2026-03-03 07:05:00', 'Rendez-vous médical', 3, 'Sortie en groupe', '2026-03-05 13:44:13', '2026-03-05 13:44:13'),
(70, 43, 1, 'sortie', '2026-03-03 08:17:00', 'Restaurant', 6, NULL, '2026-03-05 13:44:13', '2026-03-05 13:44:13'),
(71, 44, 1, 'sortie', '2026-03-03 08:43:00', 'Sortie personnelle', 5, NULL, '2026-03-05 13:44:13', '2026-03-05 13:44:13'),
(72, 44, 1, 'entree', '2026-03-03 22:32:00', 'Retour restaurant', 6, 'Retard notable', '2026-03-05 13:44:13', '2026-03-05 13:44:13'),
(73, 49, 1, 'sortie', '2026-03-03 07:41:00', 'Restaurant', 6, NULL, '2026-03-05 13:44:13', '2026-03-05 13:44:13'),
(74, 49, 1, 'entree', '2026-03-03 18:08:00', 'Retour bibliothèque', 5, NULL, '2026-03-05 13:44:13', '2026-03-05 13:44:13'),
(75, 50, 1, 'sortie', '2026-03-03 08:24:00', 'Courses', 5, NULL, '2026-03-05 13:44:13', '2026-03-05 13:44:13'),
(76, 50, 1, 'entree', '2026-03-03 19:12:00', 'Retour bibliothèque', 5, NULL, '2026-03-05 13:44:13', '2026-03-05 13:44:13'),
(77, 57, 1, 'sortie', '2026-03-03 09:03:00', 'Restaurant', 5, NULL, '2026-03-05 13:44:13', '2026-03-05 13:44:13'),
(78, 60, 2, 'sortie', '2026-03-03 09:24:00', 'Sortie personnelle', 2, 'Sortie en groupe', '2026-03-05 13:44:13', '2026-03-05 13:44:13'),
(79, 60, 2, 'entree', '2026-03-03 21:09:00', 'Retour famille', 5, NULL, '2026-03-05 13:44:13', '2026-03-05 13:44:13'),
(80, 78, 2, 'sortie', '2026-03-03 09:07:00', 'Restaurant', 5, NULL, '2026-03-05 13:44:13', '2026-03-05 13:44:13'),
(81, 78, 2, 'entree', '2026-03-03 19:26:00', 'Retour famille', 3, NULL, '2026-03-05 13:44:13', '2026-03-05 13:44:13'),
(82, 79, 2, 'sortie', '2026-03-03 07:01:00', 'Restaurant', 4, NULL, '2026-03-05 13:44:13', '2026-03-05 13:44:13'),
(83, 79, 2, 'entree', '2026-03-03 21:06:00', 'Retour cours', 3, NULL, '2026-03-05 13:44:13', '2026-03-05 13:44:13'),
(84, 81, 2, 'sortie', '2026-03-03 08:53:00', 'Sortie personnelle', 4, NULL, '2026-03-05 13:44:13', '2026-03-05 13:44:13'),
(85, 81, 2, 'entree', '2026-03-03 20:37:00', 'Retour cours', 3, NULL, '2026-03-05 13:44:13', '2026-03-05 13:44:13'),
(86, 92, 2, 'sortie', '2026-03-03 07:49:00', 'Restaurant', 3, NULL, '2026-03-05 13:44:13', '2026-03-05 13:44:13'),
(87, 96, 2, 'entree', '2026-03-03 18:33:00', 'Retour bibliothèque', 6, NULL, '2026-03-05 13:44:13', '2026-03-05 13:44:13'),
(88, 99, 1, 'sortie', '2026-03-03 09:22:00', 'Rendez-vous médical', 6, NULL, '2026-03-05 13:44:13', '2026-03-05 13:44:13'),
(89, 105, 1, 'sortie', '2026-03-03 09:52:00', 'Courses', 2, NULL, '2026-03-05 13:44:13', '2026-03-05 13:44:13'),
(90, 2, 1, 'sortie', '2026-03-02 09:02:00', 'Sortie personnelle', 4, NULL, '2026-03-05 13:44:13', '2026-03-05 13:44:13'),
(91, 5, 1, 'sortie', '2026-03-02 08:11:00', 'Bibliothèque', 5, NULL, '2026-03-05 13:44:13', '2026-03-05 13:44:13'),
(92, 7, 1, 'sortie', '2026-03-02 09:45:00', 'Restaurant', 5, 'Sortie en groupe', '2026-03-05 13:44:13', '2026-03-05 13:44:13'),
(93, 7, 1, 'entree', '2026-03-02 18:47:00', 'Retour cours', 4, NULL, '2026-03-05 13:44:13', '2026-03-05 13:44:13'),
(94, 8, 1, 'entree', '2026-03-02 20:11:00', 'Retour restaurant', 5, NULL, '2026-03-05 13:44:13', '2026-03-05 13:44:13'),
(95, 11, 1, 'sortie', '2026-03-02 07:03:00', 'Courses', 3, NULL, '2026-03-05 13:44:13', '2026-03-05 13:44:13'),
(96, 12, 1, 'sortie', '2026-03-02 08:52:00', 'Courses', 2, NULL, '2026-03-05 13:44:13', '2026-03-05 13:44:13'),
(97, 13, 1, 'sortie', '2026-03-02 08:04:00', 'Bibliothèque', 6, NULL, '2026-03-05 13:44:13', '2026-03-05 13:44:13'),
(98, 16, 1, 'entree', '2026-03-02 21:21:00', 'Retour restaurant', 6, NULL, '2026-03-05 13:44:13', '2026-03-05 13:44:13'),
(99, 18, 1, 'sortie', '2026-03-02 07:24:00', 'Sortie personnelle', 3, NULL, '2026-03-05 13:44:13', '2026-03-05 13:44:13'),
(100, 18, 1, 'entree', '2026-03-02 23:55:00', 'Retour famille', 2, 'Retard notable', '2026-03-05 13:44:13', '2026-03-05 13:44:13'),
(101, 20, 1, 'sortie', '2026-03-02 09:15:00', 'Courses', 5, NULL, '2026-03-05 13:44:13', '2026-03-05 13:44:13'),
(102, 20, 1, 'entree', '2026-03-02 20:13:00', 'Retour famille', 6, NULL, '2026-03-05 13:44:13', '2026-03-05 13:44:13'),
(103, 28, 1, 'sortie', '2026-03-02 07:53:00', 'Restaurant', 3, NULL, '2026-03-05 13:44:13', '2026-03-05 13:44:13'),
(104, 28, 1, 'entree', '2026-03-02 23:19:00', 'Retour bibliothèque', 5, 'Retard notable', '2026-03-05 13:44:13', '2026-03-05 13:44:13'),
(105, 33, 1, 'sortie', '2026-03-02 07:36:00', 'Cours', 3, NULL, '2026-03-05 13:44:14', '2026-03-05 13:44:14'),
(106, 33, 1, 'entree', '2026-03-02 22:16:00', 'Retour cours', 3, 'Retard notable', '2026-03-05 13:44:14', '2026-03-05 13:44:14'),
(107, 45, 1, 'sortie', '2026-03-02 07:10:00', 'Bibliothèque', 6, NULL, '2026-03-05 13:44:14', '2026-03-05 13:44:14'),
(108, 46, 1, 'sortie', '2026-03-02 07:24:00', 'Cours', 3, NULL, '2026-03-05 13:44:14', '2026-03-05 13:44:14'),
(109, 52, 1, 'entree', '2026-03-02 23:55:00', 'Autre', 3, 'Retard notable', '2026-03-05 13:44:14', '2026-03-05 13:44:14'),
(110, 53, 1, 'sortie', '2026-03-02 09:23:00', 'Sortie personnelle', 2, NULL, '2026-03-05 13:44:14', '2026-03-05 13:44:14'),
(111, 53, 1, 'entree', '2026-03-02 20:23:00', 'Autre', 4, NULL, '2026-03-05 13:44:14', '2026-03-05 13:44:14'),
(112, 58, 1, 'entree', '2026-03-02 20:33:00', 'Autre', 6, NULL, '2026-03-05 13:44:14', '2026-03-05 13:44:14'),
(113, 59, 2, 'entree', '2026-03-02 20:02:00', 'Retour cours', 2, NULL, '2026-03-05 13:44:14', '2026-03-05 13:44:14'),
(114, 62, 2, 'sortie', '2026-03-02 08:52:00', 'Restaurant', 4, NULL, '2026-03-05 13:44:14', '2026-03-05 13:44:14'),
(115, 62, 2, 'entree', '2026-03-02 22:03:00', 'Retour famille', 3, 'Retard notable', '2026-03-05 13:44:14', '2026-03-05 13:44:14'),
(116, 68, 2, 'entree', '2026-03-02 19:11:00', 'Retour cours', 2, NULL, '2026-03-05 13:44:14', '2026-03-05 13:44:14'),
(117, 71, 2, 'sortie', '2026-03-02 07:23:00', 'Bibliothèque', 5, NULL, '2026-03-05 13:44:14', '2026-03-05 13:44:14'),
(118, 71, 2, 'entree', '2026-03-02 22:06:00', 'Autre', 5, 'Retard notable', '2026-03-05 13:44:14', '2026-03-05 13:44:14'),
(119, 73, 2, 'sortie', '2026-03-02 09:05:00', 'Courses', 5, NULL, '2026-03-05 13:44:14', '2026-03-05 13:44:14'),
(120, 76, 2, 'entree', '2026-03-02 20:06:00', 'Autre', 2, NULL, '2026-03-05 13:44:14', '2026-03-05 13:44:14'),
(121, 77, 2, 'sortie', '2026-03-02 07:19:00', 'Bibliothèque', 4, NULL, '2026-03-05 13:44:14', '2026-03-05 13:44:14'),
(122, 78, 2, 'sortie', '2026-03-02 07:48:00', 'Rendez-vous médical', 3, NULL, '2026-03-05 13:44:14', '2026-03-05 13:44:14'),
(123, 78, 2, 'entree', '2026-03-02 23:42:00', 'Retour cours', 6, 'Retard notable', '2026-03-05 13:44:14', '2026-03-05 13:44:14'),
(124, 81, 2, 'sortie', '2026-03-02 08:42:00', 'Courses', 3, 'Sortie en groupe', '2026-03-05 13:44:14', '2026-03-05 13:44:14'),
(125, 83, 2, 'sortie', '2026-03-02 09:35:00', 'Cours', 5, NULL, '2026-03-05 13:44:14', '2026-03-05 13:44:14'),
(126, 83, 2, 'entree', '2026-03-02 18:23:00', 'Retour cours', 2, NULL, '2026-03-05 13:44:14', '2026-03-05 13:44:14'),
(127, 84, 2, 'sortie', '2026-03-02 07:16:00', 'Sortie personnelle', 3, NULL, '2026-03-05 13:44:14', '2026-03-05 13:44:14'),
(128, 85, 2, 'sortie', '2026-03-02 07:33:00', 'Rendez-vous médical', 2, 'Sortie en groupe', '2026-03-05 13:44:14', '2026-03-05 13:44:14'),
(129, 87, 2, 'entree', '2026-03-02 18:33:00', 'Retour restaurant', 4, NULL, '2026-03-05 13:44:14', '2026-03-05 13:44:14'),
(130, 89, 2, 'sortie', '2026-03-02 07:32:00', 'Sortie personnelle', 4, NULL, '2026-03-05 13:44:14', '2026-03-05 13:44:14'),
(131, 90, 2, 'sortie', '2026-03-02 08:13:00', 'Restaurant', 6, NULL, '2026-03-05 13:44:14', '2026-03-05 13:44:14'),
(132, 99, 1, 'sortie', '2026-03-02 09:26:00', 'Courses', 3, NULL, '2026-03-05 13:44:14', '2026-03-05 13:44:14'),
(133, 99, 1, 'entree', '2026-03-02 18:57:00', 'Retour restaurant', 3, NULL, '2026-03-05 13:44:14', '2026-03-05 13:44:14'),
(134, 100, 2, 'sortie', '2026-03-02 08:34:00', 'Bibliothèque', 4, NULL, '2026-03-05 13:44:14', '2026-03-05 13:44:14'),
(135, 100, 2, 'entree', '2026-03-02 18:09:00', 'Retour famille', 2, NULL, '2026-03-05 13:44:14', '2026-03-05 13:44:14'),
(136, 6, 1, 'sortie', '2026-02-27 09:09:00', 'Cours', 5, NULL, '2026-03-05 13:44:14', '2026-03-05 13:44:14'),
(137, 6, 1, 'entree', '2026-02-27 20:25:00', 'Retour bibliothèque', 6, NULL, '2026-03-05 13:44:14', '2026-03-05 13:44:14'),
(138, 11, 1, 'sortie', '2026-02-27 09:28:00', 'Cours', 5, NULL, '2026-03-05 13:44:14', '2026-03-05 13:44:14'),
(139, 13, 1, 'sortie', '2026-02-27 08:01:00', 'Restaurant', 5, NULL, '2026-03-05 13:44:14', '2026-03-05 13:44:14'),
(140, 14, 1, 'sortie', '2026-02-27 09:15:00', 'Rendez-vous médical', 3, NULL, '2026-03-05 13:44:14', '2026-03-05 13:44:14'),
(141, 14, 1, 'entree', '2026-02-27 18:52:00', 'Autre', 3, NULL, '2026-03-05 13:44:14', '2026-03-05 13:44:14'),
(142, 16, 1, 'sortie', '2026-02-27 09:29:00', 'Sortie personnelle', 3, NULL, '2026-03-05 13:44:14', '2026-03-05 13:44:14'),
(143, 16, 1, 'entree', '2026-02-27 23:47:00', 'Retour bibliothèque', 5, 'Retard notable', '2026-03-05 13:44:14', '2026-03-05 13:44:14'),
(144, 20, 1, 'sortie', '2026-02-27 07:57:00', 'Courses', 3, NULL, '2026-03-05 13:44:14', '2026-03-05 13:44:14'),
(145, 21, 1, 'entree', '2026-02-27 22:08:00', 'Retour restaurant', 2, 'Retard notable', '2026-03-05 13:44:14', '2026-03-05 13:44:14'),
(146, 25, 1, 'sortie', '2026-02-27 08:30:00', 'Restaurant', 3, NULL, '2026-03-05 13:44:14', '2026-03-05 13:44:14'),
(147, 25, 1, 'entree', '2026-02-27 20:38:00', 'Retour restaurant', 3, NULL, '2026-03-05 13:44:14', '2026-03-05 13:44:14'),
(148, 32, 1, 'sortie', '2026-02-27 07:54:00', 'Rendez-vous médical', 3, 'Sortie en groupe', '2026-03-05 13:44:14', '2026-03-05 13:44:14'),
(149, 33, 1, 'sortie', '2026-02-27 08:02:00', 'Bibliothèque', 4, NULL, '2026-03-05 13:44:14', '2026-03-05 13:44:14'),
(150, 33, 1, 'entree', '2026-02-27 21:54:00', 'Retour famille', 6, NULL, '2026-03-05 13:44:14', '2026-03-05 13:44:14'),
(151, 34, 1, 'sortie', '2026-02-27 08:31:00', 'Restaurant', 2, NULL, '2026-03-05 13:44:14', '2026-03-05 13:44:14'),
(152, 36, 1, 'entree', '2026-02-27 22:18:00', 'Retour famille', 3, 'Retard notable', '2026-03-05 13:44:14', '2026-03-05 13:44:14'),
(153, 39, 1, 'sortie', '2026-02-27 07:41:00', 'Rendez-vous médical', 2, NULL, '2026-03-05 13:44:14', '2026-03-05 13:44:14'),
(154, 42, 1, 'sortie', '2026-02-27 07:33:00', 'Courses', 3, NULL, '2026-03-05 13:44:14', '2026-03-05 13:44:14'),
(155, 43, 1, 'sortie', '2026-02-27 09:37:00', 'Sortie personnelle', 3, NULL, '2026-03-05 13:44:14', '2026-03-05 13:44:14'),
(156, 43, 1, 'entree', '2026-02-27 23:37:00', 'Retour famille', 2, 'Retard notable', '2026-03-05 13:44:14', '2026-03-05 13:44:14'),
(157, 45, 1, 'sortie', '2026-02-27 09:49:00', 'Rendez-vous médical', 4, NULL, '2026-03-05 13:44:14', '2026-03-05 13:44:14'),
(158, 46, 1, 'sortie', '2026-02-27 07:03:00', 'Cours', 4, NULL, '2026-03-05 13:44:14', '2026-03-05 13:44:14'),
(159, 46, 1, 'entree', '2026-02-27 18:38:00', 'Retour bibliothèque', 6, NULL, '2026-03-05 13:44:14', '2026-03-05 13:44:14'),
(160, 47, 1, 'sortie', '2026-02-27 07:54:00', 'Rendez-vous médical', 6, NULL, '2026-03-05 13:44:14', '2026-03-05 13:44:14'),
(161, 48, 1, 'sortie', '2026-02-27 08:03:00', 'Rendez-vous médical', 4, NULL, '2026-03-05 13:44:14', '2026-03-05 13:44:14'),
(162, 54, 1, 'sortie', '2026-02-27 07:05:00', 'Courses', 2, NULL, '2026-03-05 13:44:14', '2026-03-05 13:44:14'),
(163, 54, 1, 'entree', '2026-02-27 18:17:00', 'Retour restaurant', 6, NULL, '2026-03-05 13:44:14', '2026-03-05 13:44:14'),
(164, 57, 1, 'sortie', '2026-02-27 09:31:00', 'Bibliothèque', 2, NULL, '2026-03-05 13:44:14', '2026-03-05 13:44:14'),
(165, 57, 1, 'entree', '2026-02-27 18:20:00', 'Retour famille', 6, NULL, '2026-03-05 13:44:14', '2026-03-05 13:44:14'),
(166, 59, 2, 'sortie', '2026-02-27 08:23:00', 'Cours', 2, NULL, '2026-03-05 13:44:14', '2026-03-05 13:44:14'),
(167, 60, 2, 'sortie', '2026-02-27 08:07:00', 'Restaurant', 6, NULL, '2026-03-05 13:44:14', '2026-03-05 13:44:14'),
(168, 66, 2, 'sortie', '2026-02-27 07:32:00', 'Sortie personnelle', 5, 'Sortie en groupe', '2026-03-05 13:44:14', '2026-03-05 13:44:14'),
(169, 66, 2, 'entree', '2026-02-27 19:05:00', 'Retour cours', 4, NULL, '2026-03-05 13:44:14', '2026-03-05 13:44:14'),
(170, 70, 2, 'sortie', '2026-02-27 08:49:00', 'Cours', 2, NULL, '2026-03-05 13:44:14', '2026-03-05 13:44:14'),
(171, 74, 2, 'sortie', '2026-02-27 09:04:00', 'Cours', 2, NULL, '2026-03-05 13:44:14', '2026-03-05 13:44:14'),
(172, 77, 2, 'sortie', '2026-02-27 07:48:00', 'Bibliothèque', 6, NULL, '2026-03-05 13:44:14', '2026-03-05 13:44:14'),
(173, 77, 2, 'entree', '2026-02-27 18:31:00', 'Retour bibliothèque', 3, NULL, '2026-03-05 13:44:14', '2026-03-05 13:44:14'),
(174, 79, 2, 'sortie', '2026-02-27 07:55:00', 'Rendez-vous médical', 3, NULL, '2026-03-05 13:44:14', '2026-03-05 13:44:14'),
(175, 79, 2, 'entree', '2026-02-27 22:42:00', 'Autre', 3, 'Retard notable', '2026-03-05 13:44:14', '2026-03-05 13:44:14'),
(176, 80, 2, 'sortie', '2026-02-27 09:45:00', 'Rendez-vous médical', 6, NULL, '2026-03-05 13:44:14', '2026-03-05 13:44:14'),
(177, 80, 2, 'entree', '2026-02-27 23:23:00', 'Retour famille', 4, 'Retard notable', '2026-03-05 13:44:14', '2026-03-05 13:44:14'),
(178, 87, 2, 'sortie', '2026-02-27 08:12:00', 'Rendez-vous médical', 4, 'Sortie en groupe', '2026-03-05 13:44:14', '2026-03-05 13:44:14'),
(179, 87, 2, 'entree', '2026-02-27 18:37:00', 'Retour bibliothèque', 3, NULL, '2026-03-05 13:44:14', '2026-03-05 13:44:14'),
(180, 88, 2, 'sortie', '2026-02-27 08:41:00', 'Restaurant', 5, NULL, '2026-03-05 13:44:14', '2026-03-05 13:44:14'),
(181, 91, 2, 'sortie', '2026-02-27 09:29:00', 'Bibliothèque', 2, NULL, '2026-03-05 13:44:14', '2026-03-05 13:44:14'),
(182, 91, 2, 'entree', '2026-02-27 22:13:00', 'Retour famille', 6, 'Retard notable', '2026-03-05 13:44:14', '2026-03-05 13:44:14'),
(183, 95, 2, 'entree', '2026-02-27 22:39:00', 'Retour restaurant', 3, 'Retard notable', '2026-03-05 13:44:14', '2026-03-05 13:44:14'),
(184, 97, 1, 'sortie', '2026-02-27 09:10:00', 'Sortie personnelle', 2, NULL, '2026-03-05 13:44:14', '2026-03-05 13:44:14'),
(185, 97, 1, 'entree', '2026-02-27 19:24:00', 'Retour cours', 2, NULL, '2026-03-05 13:44:14', '2026-03-05 13:44:14'),
(186, 98, 1, 'sortie', '2026-02-27 08:22:00', 'Cours', 5, NULL, '2026-03-05 13:44:14', '2026-03-05 13:44:14'),
(187, 101, 1, 'entree', '2026-02-27 22:13:00', 'Retour cours', 3, 'Retard notable', '2026-03-05 13:44:14', '2026-03-05 13:44:14'),
(188, 103, 1, 'sortie', '2026-02-27 08:50:00', 'Sortie personnelle', 4, NULL, '2026-03-05 13:44:14', '2026-03-05 13:44:14'),
(189, 103, 1, 'entree', '2026-02-27 18:52:00', 'Autre', 3, NULL, '2026-03-05 13:44:14', '2026-03-05 13:44:14'),
(190, 104, 1, 'sortie', '2026-02-27 07:23:00', 'Sortie personnelle', 4, NULL, '2026-03-05 13:44:14', '2026-03-05 13:44:14'),
(191, 104, 1, 'entree', '2026-02-27 22:41:00', 'Retour restaurant', 3, 'Retard notable', '2026-03-05 13:44:14', '2026-03-05 13:44:14'),
(192, 106, 1, 'sortie', '2026-02-27 09:47:00', 'Bibliothèque', 6, NULL, '2026-03-05 13:44:14', '2026-03-05 13:44:14'),
(193, 4, 1, 'entree', '2026-02-26 18:50:00', 'Retour restaurant', 4, NULL, '2026-03-05 13:44:14', '2026-03-05 13:44:14'),
(194, 8, 1, 'sortie', '2026-02-26 09:40:00', 'Cours', 2, NULL, '2026-03-05 13:44:14', '2026-03-05 13:44:14'),
(195, 15, 1, 'sortie', '2026-02-26 09:29:00', 'Bibliothèque', 6, NULL, '2026-03-05 13:44:14', '2026-03-05 13:44:14'),
(196, 16, 1, 'sortie', '2026-02-26 07:27:00', 'Rendez-vous médical', 5, NULL, '2026-03-05 13:44:14', '2026-03-05 13:44:14'),
(197, 23, 1, 'sortie', '2026-02-26 08:29:00', 'Restaurant', 2, 'Sortie en groupe', '2026-03-05 13:44:14', '2026-03-05 13:44:14'),
(198, 23, 1, 'entree', '2026-02-26 19:19:00', 'Retour famille', 3, NULL, '2026-03-05 13:44:14', '2026-03-05 13:44:14'),
(199, 24, 1, 'entree', '2026-02-26 23:46:00', 'Retour famille', 6, 'Retard notable', '2026-03-05 13:44:14', '2026-03-05 13:44:14'),
(200, 29, 1, 'sortie', '2026-02-26 07:16:00', 'Restaurant', 2, NULL, '2026-03-05 13:44:14', '2026-03-05 13:44:14'),
(201, 29, 1, 'entree', '2026-02-26 19:04:00', 'Retour restaurant', 3, NULL, '2026-03-05 13:44:14', '2026-03-05 13:44:14'),
(202, 32, 1, 'sortie', '2026-02-26 07:51:00', 'Rendez-vous médical', 6, NULL, '2026-03-05 13:44:14', '2026-03-05 13:44:14'),
(203, 36, 1, 'sortie', '2026-02-26 08:34:00', 'Cours', 5, NULL, '2026-03-05 13:44:14', '2026-03-05 13:44:14'),
(204, 36, 1, 'entree', '2026-02-26 22:19:00', 'Autre', 4, 'Retard notable', '2026-03-05 13:44:14', '2026-03-05 13:44:14'),
(205, 40, 1, 'sortie', '2026-02-26 08:23:00', 'Sortie personnelle', 6, NULL, '2026-03-05 13:44:14', '2026-03-05 13:44:14'),
(206, 40, 1, 'entree', '2026-02-26 23:44:00', 'Retour famille', 6, 'Retard notable', '2026-03-05 13:44:14', '2026-03-05 13:44:14'),
(207, 49, 1, 'entree', '2026-02-26 18:42:00', 'Autre', 6, NULL, '2026-03-05 13:44:14', '2026-03-05 13:44:14'),
(208, 58, 1, 'sortie', '2026-02-26 07:05:00', 'Bibliothèque', 5, NULL, '2026-03-05 13:44:14', '2026-03-05 13:44:14'),
(209, 69, 2, 'sortie', '2026-02-26 07:20:00', 'Bibliothèque', 2, NULL, '2026-03-05 13:44:14', '2026-03-05 13:44:14'),
(210, 69, 2, 'entree', '2026-02-26 20:25:00', 'Retour bibliothèque', 3, NULL, '2026-03-05 13:44:14', '2026-03-05 13:44:14'),
(211, 73, 2, 'sortie', '2026-02-26 09:03:00', 'Restaurant', 3, NULL, '2026-03-05 13:44:14', '2026-03-05 13:44:14'),
(212, 73, 2, 'entree', '2026-02-26 21:41:00', 'Retour famille', 5, NULL, '2026-03-05 13:44:14', '2026-03-05 13:44:14'),
(213, 85, 2, 'entree', '2026-02-26 18:43:00', 'Retour restaurant', 5, NULL, '2026-03-05 13:44:14', '2026-03-05 13:44:14'),
(214, 88, 2, 'entree', '2026-02-26 21:17:00', 'Retour bibliothèque', 2, NULL, '2026-03-05 13:44:14', '2026-03-05 13:44:14'),
(215, 91, 2, 'sortie', '2026-02-26 09:35:00', 'Courses', 4, NULL, '2026-03-05 13:44:14', '2026-03-05 13:44:14'),
(216, 94, 2, 'entree', '2026-02-26 23:53:00', 'Retour famille', 3, 'Retard notable', '2026-03-05 13:44:14', '2026-03-05 13:44:14'),
(217, 95, 2, 'sortie', '2026-02-26 07:24:00', 'Sortie personnelle', 4, NULL, '2026-03-05 13:44:14', '2026-03-05 13:44:14'),
(218, 95, 2, 'entree', '2026-02-26 22:20:00', 'Retour cours', 2, 'Retard notable', '2026-03-05 13:44:14', '2026-03-05 13:44:14'),
(219, 11, 1, 'sortie', '2026-02-25 09:11:00', 'Restaurant', 4, NULL, '2026-03-05 13:44:14', '2026-03-05 13:44:14'),
(220, 21, 1, 'entree', '2026-02-25 22:44:00', 'Autre', 4, 'Retard notable', '2026-03-05 13:44:14', '2026-03-05 13:44:14'),
(221, 23, 1, 'sortie', '2026-02-25 09:29:00', 'Courses', 2, NULL, '2026-03-05 13:44:14', '2026-03-05 13:44:14'),
(222, 23, 1, 'entree', '2026-02-25 21:57:00', 'Retour cours', 3, NULL, '2026-03-05 13:44:14', '2026-03-05 13:44:14'),
(223, 27, 1, 'sortie', '2026-02-25 09:41:00', 'Bibliothèque', 2, NULL, '2026-03-05 13:44:14', '2026-03-05 13:44:14'),
(224, 28, 1, 'sortie', '2026-02-25 08:43:00', 'Courses', 2, NULL, '2026-03-05 13:44:14', '2026-03-05 13:44:14'),
(225, 28, 1, 'entree', '2026-02-25 22:47:00', 'Retour famille', 6, 'Retard notable', '2026-03-05 13:44:14', '2026-03-05 13:44:14'),
(226, 30, 1, 'entree', '2026-02-25 23:33:00', 'Retour bibliothèque', 5, 'Retard notable', '2026-03-05 13:44:14', '2026-03-05 13:44:14'),
(227, 34, 1, 'entree', '2026-02-25 22:13:00', 'Retour bibliothèque', 3, 'Retard notable', '2026-03-05 13:44:14', '2026-03-05 13:44:14'),
(228, 45, 1, 'sortie', '2026-02-25 08:41:00', 'Restaurant', 4, NULL, '2026-03-05 13:44:14', '2026-03-05 13:44:14'),
(229, 45, 1, 'entree', '2026-02-25 19:36:00', 'Retour bibliothèque', 5, NULL, '2026-03-05 13:44:14', '2026-03-05 13:44:14'),
(230, 55, 1, 'sortie', '2026-02-25 08:27:00', 'Rendez-vous médical', 2, NULL, '2026-03-05 13:44:14', '2026-03-05 13:44:14'),
(231, 56, 1, 'entree', '2026-02-25 21:57:00', 'Retour restaurant', 2, NULL, '2026-03-05 13:44:14', '2026-03-05 13:44:14'),
(232, 59, 2, 'entree', '2026-02-25 18:29:00', 'Retour cours', 4, NULL, '2026-03-05 13:44:14', '2026-03-05 13:44:14'),
(233, 63, 2, 'entree', '2026-02-25 18:00:00', 'Retour famille', 3, NULL, '2026-03-05 13:44:14', '2026-03-05 13:44:14'),
(234, 77, 2, 'entree', '2026-02-25 22:34:00', 'Retour cours', 2, 'Retard notable', '2026-03-05 13:44:14', '2026-03-05 13:44:14'),
(235, 90, 2, 'sortie', '2026-02-25 09:18:00', 'Cours', 3, NULL, '2026-03-05 13:44:14', '2026-03-05 13:44:14'),
(236, 103, 1, 'entree', '2026-02-25 18:06:00', 'Retour cours', 5, NULL, '2026-03-05 13:44:14', '2026-03-05 13:44:14'),
(237, 104, 1, 'sortie', '2026-02-25 07:11:00', 'Sortie personnelle', 2, NULL, '2026-03-05 13:44:14', '2026-03-05 13:44:14'),
(238, 105, 1, 'entree', '2026-02-25 19:57:00', 'Retour bibliothèque', 5, NULL, '2026-03-05 13:44:14', '2026-03-05 13:44:14'),
(239, 3, 1, 'entree', '2026-02-24 23:46:00', 'Autre', 3, 'Retard notable', '2026-03-05 13:44:14', '2026-03-05 13:44:14'),
(240, 5, 1, 'sortie', '2026-02-24 09:01:00', 'Restaurant', 4, NULL, '2026-03-05 13:44:14', '2026-03-05 13:44:14'),
(241, 5, 1, 'entree', '2026-02-24 18:56:00', 'Retour cours', 5, NULL, '2026-03-05 13:44:14', '2026-03-05 13:44:14'),
(242, 10, 1, 'sortie', '2026-02-24 07:42:00', 'Cours', 6, NULL, '2026-03-05 13:44:14', '2026-03-05 13:44:14'),
(243, 11, 1, 'sortie', '2026-02-24 07:09:00', 'Bibliothèque', 6, NULL, '2026-03-05 13:44:14', '2026-03-05 13:44:14'),
(244, 12, 1, 'entree', '2026-02-24 20:33:00', 'Retour famille', 3, NULL, '2026-03-05 13:44:14', '2026-03-05 13:44:14'),
(245, 13, 1, 'sortie', '2026-02-24 07:37:00', 'Cours', 3, NULL, '2026-03-05 13:44:14', '2026-03-05 13:44:14'),
(246, 13, 1, 'entree', '2026-02-24 19:54:00', 'Autre', 6, NULL, '2026-03-05 13:44:14', '2026-03-05 13:44:14'),
(247, 18, 1, 'entree', '2026-02-24 23:55:00', 'Retour famille', 4, 'Retard notable', '2026-03-05 13:44:14', '2026-03-05 13:44:14'),
(248, 27, 1, 'sortie', '2026-02-24 07:48:00', 'Courses', 5, NULL, '2026-03-05 13:44:14', '2026-03-05 13:44:14'),
(249, 32, 1, 'entree', '2026-02-24 18:21:00', 'Retour cours', 6, NULL, '2026-03-05 13:44:14', '2026-03-05 13:44:14'),
(250, 37, 1, 'sortie', '2026-02-24 08:28:00', 'Rendez-vous médical', 5, NULL, '2026-03-05 13:44:14', '2026-03-05 13:44:14'),
(251, 47, 1, 'sortie', '2026-02-24 09:14:00', 'Cours', 4, 'Sortie en groupe', '2026-03-05 13:44:14', '2026-03-05 13:44:14'),
(252, 47, 1, 'entree', '2026-02-24 22:50:00', 'Autre', 2, 'Retard notable', '2026-03-05 13:44:14', '2026-03-05 13:44:14'),
(253, 48, 1, 'entree', '2026-02-24 19:56:00', 'Retour restaurant', 6, NULL, '2026-03-05 13:44:14', '2026-03-05 13:44:14'),
(254, 61, 2, 'sortie', '2026-02-24 08:02:00', 'Courses', 6, NULL, '2026-03-05 13:44:14', '2026-03-05 13:44:14'),
(255, 62, 2, 'sortie', '2026-02-24 07:19:00', 'Rendez-vous médical', 4, NULL, '2026-03-05 13:44:14', '2026-03-05 13:44:14'),
(256, 62, 2, 'entree', '2026-02-24 18:40:00', 'Retour famille', 3, NULL, '2026-03-05 13:44:14', '2026-03-05 13:44:14'),
(257, 65, 2, 'sortie', '2026-02-24 07:32:00', 'Sortie personnelle', 2, NULL, '2026-03-05 13:44:14', '2026-03-05 13:44:14'),
(258, 66, 2, 'sortie', '2026-02-24 09:38:00', 'Sortie personnelle', 2, NULL, '2026-03-05 13:44:14', '2026-03-05 13:44:14'),
(259, 66, 2, 'entree', '2026-02-24 23:36:00', 'Retour restaurant', 5, 'Retard notable', '2026-03-05 13:44:14', '2026-03-05 13:44:14'),
(260, 71, 2, 'sortie', '2026-02-24 07:32:00', 'Cours', 3, NULL, '2026-03-05 13:44:14', '2026-03-05 13:44:14'),
(261, 72, 2, 'entree', '2026-02-24 21:10:00', 'Retour bibliothèque', 3, NULL, '2026-03-05 13:44:14', '2026-03-05 13:44:14'),
(262, 78, 2, 'entree', '2026-02-24 20:19:00', 'Retour cours', 2, NULL, '2026-03-05 13:44:14', '2026-03-05 13:44:14'),
(263, 79, 2, 'sortie', '2026-02-24 08:25:00', 'Sortie personnelle', 3, NULL, '2026-03-05 13:44:14', '2026-03-05 13:44:14'),
(264, 79, 2, 'entree', '2026-02-24 19:10:00', 'Retour bibliothèque', 4, NULL, '2026-03-05 13:44:14', '2026-03-05 13:44:14'),
(265, 82, 2, 'sortie', '2026-02-24 09:33:00', 'Sortie personnelle', 2, 'Sortie en groupe', '2026-03-05 13:44:14', '2026-03-05 13:44:14'),
(266, 88, 2, 'sortie', '2026-02-24 08:47:00', 'Cours', 4, 'Sortie en groupe', '2026-03-05 13:44:14', '2026-03-05 13:44:14'),
(267, 90, 2, 'sortie', '2026-02-24 09:21:00', 'Sortie personnelle', 2, NULL, '2026-03-05 13:44:14', '2026-03-05 13:44:14'),
(268, 90, 2, 'entree', '2026-02-24 23:20:00', 'Retour famille', 5, 'Retard notable', '2026-03-05 13:44:14', '2026-03-05 13:44:14'),
(269, 97, 1, 'entree', '2026-02-24 22:10:00', 'Retour restaurant', 6, 'Retard notable', '2026-03-05 13:44:14', '2026-03-05 13:44:14'),
(270, 102, 2, 'entree', '2026-02-24 21:13:00', 'Retour bibliothèque', 2, NULL, '2026-03-05 13:44:14', '2026-03-05 13:44:14'),
(271, 105, 1, 'entree', '2026-02-24 18:49:00', 'Retour restaurant', 2, NULL, '2026-03-05 13:44:14', '2026-03-05 13:44:14'),
(272, 1, 1, 'sortie', '2026-02-23 08:35:00', 'Cours', 6, NULL, '2026-03-05 13:44:14', '2026-03-05 13:44:14'),
(273, 1, 1, 'entree', '2026-02-23 23:50:00', 'Retour bibliothèque', 2, 'Retard notable', '2026-03-05 13:44:14', '2026-03-05 13:44:14'),
(274, 11, 1, 'sortie', '2026-02-23 09:19:00', 'Cours', 4, NULL, '2026-03-05 13:44:14', '2026-03-05 13:44:14'),
(275, 23, 1, 'sortie', '2026-02-23 07:42:00', 'Rendez-vous médical', 4, NULL, '2026-03-05 13:44:14', '2026-03-05 13:44:14'),
(276, 36, 1, 'entree', '2026-02-23 21:33:00', 'Autre', 4, NULL, '2026-03-05 13:44:14', '2026-03-05 13:44:14'),
(277, 38, 1, 'sortie', '2026-02-23 08:34:00', 'Rendez-vous médical', 2, NULL, '2026-03-05 13:44:14', '2026-03-05 13:44:14'),
(278, 38, 1, 'entree', '2026-02-23 19:43:00', 'Retour cours', 6, NULL, '2026-03-05 13:44:14', '2026-03-05 13:44:14'),
(279, 53, 1, 'entree', '2026-02-23 22:44:00', 'Retour cours', 4, 'Retard notable', '2026-03-05 13:44:14', '2026-03-05 13:44:14'),
(280, 56, 1, 'sortie', '2026-02-23 08:18:00', 'Courses', 4, NULL, '2026-03-05 13:44:14', '2026-03-05 13:44:14'),
(281, 56, 1, 'entree', '2026-02-23 21:24:00', 'Retour famille', 2, NULL, '2026-03-05 13:44:14', '2026-03-05 13:44:14'),
(282, 61, 2, 'sortie', '2026-02-23 07:50:00', 'Rendez-vous médical', 6, NULL, '2026-03-05 13:44:14', '2026-03-05 13:44:14'),
(283, 79, 2, 'sortie', '2026-02-23 07:13:00', 'Sortie personnelle', 2, NULL, '2026-03-05 13:44:14', '2026-03-05 13:44:14'),
(284, 82, 2, 'sortie', '2026-02-23 08:51:00', 'Cours', 3, 'Sortie en groupe', '2026-03-05 13:44:14', '2026-03-05 13:44:14'),
(285, 84, 2, 'sortie', '2026-02-23 07:17:00', 'Cours', 5, NULL, '2026-03-05 13:44:14', '2026-03-05 13:44:14'),
(286, 98, 1, 'sortie', '2026-02-23 07:55:00', 'Bibliothèque', 2, NULL, '2026-03-05 13:44:14', '2026-03-05 13:44:14'),
(287, 99, 1, 'sortie', '2026-02-23 07:03:00', 'Bibliothèque', 4, NULL, '2026-03-05 13:44:14', '2026-03-05 13:44:14'),
(288, 99, 1, 'entree', '2026-02-23 21:24:00', 'Retour famille', 6, NULL, '2026-03-05 13:44:14', '2026-03-05 13:44:14'),
(289, 104, 1, 'entree', '2026-02-23 18:55:00', 'Retour cours', 3, NULL, '2026-03-05 13:44:14', '2026-03-05 13:44:14'),
(290, 1, 1, 'sortie', '2026-02-21 09:13:00', 'Rendez-vous médical', 4, NULL, '2026-03-05 13:44:14', '2026-03-05 13:44:14'),
(291, 1, 1, 'entree', '2026-02-21 20:58:00', 'Retour famille', 5, NULL, '2026-03-05 13:44:14', '2026-03-05 13:44:14'),
(292, 9, 1, 'entree', '2026-02-21 18:12:00', 'Retour cours', 2, NULL, '2026-03-05 13:44:14', '2026-03-05 13:44:14'),
(293, 10, 1, 'sortie', '2026-02-21 09:59:00', 'Rendez-vous médical', 3, NULL, '2026-03-05 13:44:14', '2026-03-05 13:44:14'),
(294, 15, 1, 'sortie', '2026-02-21 09:49:00', 'Rendez-vous médical', 5, NULL, '2026-03-05 13:44:14', '2026-03-05 13:44:14'),
(295, 15, 1, 'entree', '2026-02-21 19:55:00', 'Retour bibliothèque', 5, NULL, '2026-03-05 13:44:14', '2026-03-05 13:44:14'),
(296, 42, 1, 'sortie', '2026-02-21 07:14:00', 'Rendez-vous médical', 5, NULL, '2026-03-05 13:44:14', '2026-03-05 13:44:14'),
(297, 43, 1, 'entree', '2026-02-21 22:30:00', 'Retour restaurant', 6, 'Retard notable', '2026-03-05 13:44:14', '2026-03-05 13:44:14'),
(298, 56, 1, 'sortie', '2026-02-21 07:06:00', 'Rendez-vous médical', 2, 'Sortie en groupe', '2026-03-05 13:44:14', '2026-03-05 13:44:14'),
(299, 56, 1, 'entree', '2026-02-21 21:43:00', 'Autre', 6, NULL, '2026-03-05 13:44:14', '2026-03-05 13:44:14'),
(300, 57, 1, 'entree', '2026-02-21 22:46:00', 'Retour cours', 6, 'Retard notable', '2026-03-05 13:44:14', '2026-03-05 13:44:14'),
(301, 60, 2, 'entree', '2026-02-21 21:18:00', 'Autre', 4, NULL, '2026-03-05 13:44:14', '2026-03-05 13:44:14'),
(302, 65, 2, 'entree', '2026-02-21 20:22:00', 'Retour cours', 3, NULL, '2026-03-05 13:44:14', '2026-03-05 13:44:14'),
(303, 68, 2, 'entree', '2026-02-21 20:54:00', 'Retour cours', 5, NULL, '2026-03-05 13:44:14', '2026-03-05 13:44:14'),
(304, 77, 2, 'entree', '2026-02-21 19:12:00', 'Retour famille', 5, NULL, '2026-03-05 13:44:14', '2026-03-05 13:44:14'),
(305, 84, 2, 'sortie', '2026-02-21 07:27:00', 'Restaurant', 3, NULL, '2026-03-05 13:44:14', '2026-03-05 13:44:14'),
(306, 89, 2, 'sortie', '2026-02-21 08:50:00', 'Courses', 6, 'Sortie en groupe', '2026-03-05 13:44:14', '2026-03-05 13:44:14'),
(307, 90, 2, 'sortie', '2026-02-21 09:20:00', 'Rendez-vous médical', 6, NULL, '2026-03-05 13:44:14', '2026-03-05 13:44:14'),
(308, 90, 2, 'entree', '2026-02-21 21:45:00', 'Retour famille', 6, NULL, '2026-03-05 13:44:14', '2026-03-05 13:44:14'),
(309, 96, 2, 'sortie', '2026-02-21 07:58:00', 'Courses', 4, 'Sortie en groupe', '2026-03-05 13:44:14', '2026-03-05 13:44:14'),
(310, 96, 2, 'entree', '2026-02-21 22:45:00', 'Retour bibliothèque', 5, 'Retard notable', '2026-03-05 13:44:14', '2026-03-05 13:44:14'),
(311, 97, 1, 'entree', '2026-02-21 21:12:00', 'Retour famille', 5, NULL, '2026-03-05 13:44:14', '2026-03-05 13:44:14'),
(312, 98, 1, 'entree', '2026-02-21 22:30:00', 'Retour bibliothèque', 3, 'Retard notable', '2026-03-05 13:44:14', '2026-03-05 13:44:14'),
(313, 102, 2, 'sortie', '2026-02-21 08:07:00', 'Restaurant', 6, 'Sortie en groupe', '2026-03-05 13:44:14', '2026-03-05 13:44:14'),
(314, 102, 2, 'entree', '2026-02-21 21:17:00', 'Autre', 5, NULL, '2026-03-05 13:44:14', '2026-03-05 13:44:14'),
(315, 104, 1, 'sortie', '2026-02-21 07:56:00', 'Restaurant', 6, NULL, '2026-03-05 13:44:14', '2026-03-05 13:44:14'),
(316, 9, 1, 'sortie', '2026-02-20 08:14:00', 'Restaurant', 3, NULL, '2026-03-05 13:44:14', '2026-03-05 13:44:14'),
(317, 11, 1, 'sortie', '2026-02-20 09:15:00', 'Sortie personnelle', 6, NULL, '2026-03-05 13:44:14', '2026-03-05 13:44:14'),
(318, 11, 1, 'entree', '2026-02-20 18:35:00', 'Retour famille', 5, NULL, '2026-03-05 13:44:14', '2026-03-05 13:44:14'),
(319, 13, 1, 'sortie', '2026-02-20 07:09:00', 'Cours', 4, NULL, '2026-03-05 13:44:14', '2026-03-05 13:44:14'),
(320, 13, 1, 'entree', '2026-02-20 21:43:00', 'Retour cours', 4, NULL, '2026-03-05 13:44:14', '2026-03-05 13:44:14'),
(321, 15, 1, 'sortie', '2026-02-20 08:56:00', 'Restaurant', 4, NULL, '2026-03-05 13:44:14', '2026-03-05 13:44:14'),
(322, 15, 1, 'entree', '2026-02-20 22:47:00', 'Retour bibliothèque', 3, 'Retard notable', '2026-03-05 13:44:14', '2026-03-05 13:44:14'),
(323, 31, 1, 'entree', '2026-02-20 21:09:00', 'Retour bibliothèque', 4, NULL, '2026-03-05 13:44:14', '2026-03-05 13:44:14'),
(324, 33, 1, 'sortie', '2026-02-20 08:36:00', 'Cours', 2, NULL, '2026-03-05 13:44:14', '2026-03-05 13:44:14'),
(325, 35, 1, 'entree', '2026-02-20 19:44:00', 'Retour cours', 4, NULL, '2026-03-05 13:44:14', '2026-03-05 13:44:14'),
(326, 36, 1, 'sortie', '2026-02-20 08:02:00', 'Bibliothèque', 4, NULL, '2026-03-05 13:44:14', '2026-03-05 13:44:14'),
(327, 40, 1, 'sortie', '2026-02-20 09:20:00', 'Courses', 5, NULL, '2026-03-05 13:44:14', '2026-03-05 13:44:14'),
(328, 45, 1, 'sortie', '2026-02-20 07:47:00', 'Bibliothèque', 2, NULL, '2026-03-05 13:44:14', '2026-03-05 13:44:14'),
(329, 45, 1, 'entree', '2026-02-20 21:15:00', 'Retour bibliothèque', 3, NULL, '2026-03-05 13:44:14', '2026-03-05 13:44:14'),
(330, 47, 1, 'entree', '2026-02-20 18:31:00', 'Retour famille', 2, NULL, '2026-03-05 13:44:14', '2026-03-05 13:44:14'),
(331, 49, 1, 'sortie', '2026-02-20 07:52:00', 'Rendez-vous médical', 5, NULL, '2026-03-05 13:44:14', '2026-03-05 13:44:14'),
(332, 55, 1, 'sortie', '2026-02-20 08:54:00', 'Cours', 3, NULL, '2026-03-05 13:44:14', '2026-03-05 13:44:14'),
(333, 55, 1, 'entree', '2026-02-20 20:26:00', 'Retour bibliothèque', 3, NULL, '2026-03-05 13:44:14', '2026-03-05 13:44:14'),
(334, 60, 2, 'sortie', '2026-02-20 08:39:00', 'Cours', 3, 'Sortie en groupe', '2026-03-05 13:44:14', '2026-03-05 13:44:14'),
(335, 64, 2, 'entree', '2026-02-20 18:59:00', 'Retour restaurant', 2, NULL, '2026-03-05 13:44:14', '2026-03-05 13:44:14'),
(336, 67, 2, 'entree', '2026-02-20 22:42:00', 'Autre', 6, 'Retard notable', '2026-03-05 13:44:14', '2026-03-05 13:44:14'),
(337, 68, 2, 'entree', '2026-02-20 20:42:00', 'Retour restaurant', 5, NULL, '2026-03-05 13:44:14', '2026-03-05 13:44:14'),
(338, 74, 2, 'entree', '2026-02-20 22:24:00', 'Retour bibliothèque', 5, 'Retard notable', '2026-03-05 13:44:14', '2026-03-05 13:44:14'),
(339, 77, 2, 'sortie', '2026-02-20 09:38:00', 'Bibliothèque', 4, NULL, '2026-03-05 13:44:14', '2026-03-05 13:44:14'),
(340, 77, 2, 'entree', '2026-02-20 21:58:00', 'Autre', 3, NULL, '2026-03-05 13:44:14', '2026-03-05 13:44:14'),
(341, 84, 2, 'sortie', '2026-02-20 07:16:00', 'Rendez-vous médical', 6, NULL, '2026-03-05 13:44:14', '2026-03-05 13:44:14'),
(342, 90, 2, 'sortie', '2026-02-20 09:38:00', 'Bibliothèque', 3, NULL, '2026-03-05 13:44:14', '2026-03-05 13:44:14'),
(343, 94, 2, 'entree', '2026-02-20 18:12:00', 'Retour cours', 6, NULL, '2026-03-05 13:44:14', '2026-03-05 13:44:14'),
(344, 97, 1, 'entree', '2026-02-20 21:57:00', 'Retour cours', 3, NULL, '2026-03-05 13:44:14', '2026-03-05 13:44:14'),
(345, 3, 1, 'entree', '2026-02-19 22:59:00', 'Retour cours', 5, 'Retard notable', '2026-03-05 13:44:14', '2026-03-05 13:44:14'),
(346, 7, 1, 'sortie', '2026-02-19 08:33:00', 'Bibliothèque', 3, 'Sortie en groupe', '2026-03-05 13:44:14', '2026-03-05 13:44:14'),
(347, 7, 1, 'entree', '2026-02-19 22:54:00', 'Retour restaurant', 2, 'Retard notable', '2026-03-05 13:44:14', '2026-03-05 13:44:14'),
(348, 10, 1, 'entree', '2026-02-19 19:48:00', 'Retour bibliothèque', 5, NULL, '2026-03-05 13:44:14', '2026-03-05 13:44:14'),
(349, 12, 1, 'entree', '2026-02-19 21:06:00', 'Retour restaurant', 6, NULL, '2026-03-05 13:44:14', '2026-03-05 13:44:14'),
(350, 14, 1, 'sortie', '2026-02-19 07:30:00', 'Bibliothèque', 6, NULL, '2026-03-05 13:44:14', '2026-03-05 13:44:14'),
(351, 14, 1, 'entree', '2026-02-19 19:52:00', 'Autre', 3, NULL, '2026-03-05 13:44:14', '2026-03-05 13:44:14'),
(352, 15, 1, 'entree', '2026-02-19 18:32:00', 'Retour restaurant', 3, NULL, '2026-03-05 13:44:14', '2026-03-05 13:44:14'),
(353, 25, 1, 'sortie', '2026-02-19 07:55:00', 'Restaurant', 3, NULL, '2026-03-05 13:44:14', '2026-03-05 13:44:14'),
(354, 27, 1, 'sortie', '2026-02-19 07:55:00', 'Sortie personnelle', 6, NULL, '2026-03-05 13:44:14', '2026-03-05 13:44:14'),
(355, 27, 1, 'entree', '2026-02-19 23:24:00', 'Retour famille', 3, 'Retard notable', '2026-03-05 13:44:14', '2026-03-05 13:44:14'),
(356, 28, 1, 'sortie', '2026-02-19 07:32:00', 'Rendez-vous médical', 2, NULL, '2026-03-05 13:44:14', '2026-03-05 13:44:14'),
(357, 34, 1, 'sortie', '2026-02-19 08:35:00', 'Courses', 4, NULL, '2026-03-05 13:44:14', '2026-03-05 13:44:14'),
(358, 34, 1, 'entree', '2026-02-19 18:46:00', 'Retour restaurant', 4, NULL, '2026-03-05 13:44:14', '2026-03-05 13:44:14'),
(359, 41, 1, 'sortie', '2026-02-19 08:34:00', 'Sortie personnelle', 3, 'Sortie en groupe', '2026-03-05 13:44:14', '2026-03-05 13:44:14'),
(360, 41, 1, 'entree', '2026-02-19 21:34:00', 'Retour famille', 2, NULL, '2026-03-05 13:44:14', '2026-03-05 13:44:14'),
(361, 42, 1, 'sortie', '2026-02-19 08:33:00', 'Cours', 3, NULL, '2026-03-05 13:44:14', '2026-03-05 13:44:14'),
(362, 44, 1, 'sortie', '2026-02-19 09:10:00', 'Sortie personnelle', 5, NULL, '2026-03-05 13:44:14', '2026-03-05 13:44:14'),
(363, 44, 1, 'entree', '2026-02-19 23:43:00', 'Retour bibliothèque', 5, 'Retard notable', '2026-03-05 13:44:14', '2026-03-05 13:44:14'),
(364, 52, 1, 'sortie', '2026-02-19 08:02:00', 'Sortie personnelle', 6, NULL, '2026-03-05 13:44:14', '2026-03-05 13:44:14'),
(365, 53, 1, 'sortie', '2026-02-19 07:10:00', 'Courses', 2, NULL, '2026-03-05 13:44:14', '2026-03-05 13:44:14'),
(366, 56, 1, 'sortie', '2026-02-19 09:51:00', 'Cours', 5, 'Sortie en groupe', '2026-03-05 13:44:14', '2026-03-05 13:44:14'),
(367, 57, 1, 'sortie', '2026-02-19 09:28:00', 'Courses', 5, NULL, '2026-03-05 13:44:14', '2026-03-05 13:44:14'),
(368, 58, 1, 'sortie', '2026-02-19 08:14:00', 'Cours', 4, NULL, '2026-03-05 13:44:14', '2026-03-05 13:44:14'),
(369, 58, 1, 'entree', '2026-02-19 22:53:00', 'Retour cours', 2, 'Retard notable', '2026-03-05 13:44:14', '2026-03-05 13:44:14'),
(370, 64, 2, 'sortie', '2026-02-19 08:04:00', 'Sortie personnelle', 5, NULL, '2026-03-05 13:44:14', '2026-03-05 13:44:14'),
(371, 64, 2, 'entree', '2026-02-19 20:46:00', 'Retour restaurant', 2, NULL, '2026-03-05 13:44:14', '2026-03-05 13:44:14'),
(372, 67, 2, 'entree', '2026-02-19 21:52:00', 'Retour cours', 4, NULL, '2026-03-05 13:44:14', '2026-03-05 13:44:14'),
(373, 70, 2, 'entree', '2026-02-19 20:49:00', 'Retour bibliothèque', 3, NULL, '2026-03-05 13:44:14', '2026-03-05 13:44:14'),
(374, 72, 2, 'entree', '2026-02-19 18:03:00', 'Retour restaurant', 2, NULL, '2026-03-05 13:44:14', '2026-03-05 13:44:14'),
(375, 73, 2, 'sortie', '2026-02-19 09:02:00', 'Cours', 5, NULL, '2026-03-05 13:44:14', '2026-03-05 13:44:14'),
(376, 74, 2, 'entree', '2026-02-19 20:46:00', 'Retour restaurant', 5, NULL, '2026-03-05 13:44:14', '2026-03-05 13:44:14'),
(377, 75, 2, 'sortie', '2026-02-19 07:31:00', 'Sortie personnelle', 5, NULL, '2026-03-05 13:44:14', '2026-03-05 13:44:14'),
(378, 75, 2, 'entree', '2026-02-19 18:00:00', 'Retour bibliothèque', 4, NULL, '2026-03-05 13:44:14', '2026-03-05 13:44:14'),
(379, 81, 2, 'sortie', '2026-02-19 08:52:00', 'Cours', 4, NULL, '2026-03-05 13:44:14', '2026-03-05 13:44:14'),
(380, 81, 2, 'entree', '2026-02-19 23:50:00', 'Retour cours', 6, 'Retard notable', '2026-03-05 13:44:14', '2026-03-05 13:44:14'),
(381, 92, 2, 'sortie', '2026-02-19 08:11:00', 'Rendez-vous médical', 4, NULL, '2026-03-05 13:44:14', '2026-03-05 13:44:14'),
(382, 92, 2, 'entree', '2026-02-19 18:58:00', 'Autre', 5, NULL, '2026-03-05 13:44:14', '2026-03-05 13:44:14'),
(383, 98, 1, 'entree', '2026-02-19 23:01:00', 'Retour cours', 3, 'Retard notable', '2026-03-05 13:44:14', '2026-03-05 13:44:14'),
(384, 103, 1, 'sortie', '2026-02-19 08:27:00', 'Cours', 2, NULL, '2026-03-05 13:44:14', '2026-03-05 13:44:14'),
(385, 103, 1, 'entree', '2026-02-19 19:10:00', 'Autre', 4, NULL, '2026-03-05 13:44:14', '2026-03-05 13:44:14'),
(386, 104, 1, 'sortie', '2026-02-19 08:00:00', 'Sortie personnelle', 5, NULL, '2026-03-05 13:44:14', '2026-03-05 13:44:14'),
(387, 104, 1, 'entree', '2026-02-19 19:58:00', 'Retour bibliothèque', 6, NULL, '2026-03-05 13:44:14', '2026-03-05 13:44:14'),
(388, 4, 1, 'sortie', '2026-02-18 08:14:00', 'Bibliothèque', 2, NULL, '2026-03-05 13:44:14', '2026-03-05 13:44:14'),
(389, 4, 1, 'entree', '2026-02-18 19:36:00', 'Retour famille', 2, NULL, '2026-03-05 13:44:14', '2026-03-05 13:44:14'),
(390, 7, 1, 'sortie', '2026-02-18 08:24:00', 'Sortie personnelle', 3, NULL, '2026-03-05 13:44:14', '2026-03-05 13:44:14'),
(391, 8, 1, 'sortie', '2026-02-18 08:17:00', 'Bibliothèque', 5, NULL, '2026-03-05 13:44:14', '2026-03-05 13:44:14'),
(392, 8, 1, 'entree', '2026-02-18 21:37:00', 'Retour cours', 6, NULL, '2026-03-05 13:44:14', '2026-03-05 13:44:14'),
(393, 9, 1, 'entree', '2026-02-18 21:25:00', 'Retour bibliothèque', 5, NULL, '2026-03-05 13:44:14', '2026-03-05 13:44:14'),
(394, 12, 1, 'entree', '2026-02-18 19:18:00', 'Autre', 6, NULL, '2026-03-05 13:44:14', '2026-03-05 13:44:14'),
(395, 27, 1, 'sortie', '2026-02-18 08:05:00', 'Rendez-vous médical', 4, NULL, '2026-03-05 13:44:14', '2026-03-05 13:44:14'),
(396, 27, 1, 'entree', '2026-02-18 20:10:00', 'Retour famille', 6, NULL, '2026-03-05 13:44:14', '2026-03-05 13:44:14'),
(397, 40, 1, 'sortie', '2026-02-18 08:42:00', 'Bibliothèque', 6, NULL, '2026-03-05 13:44:14', '2026-03-05 13:44:14'),
(398, 59, 2, 'sortie', '2026-02-18 08:28:00', 'Rendez-vous médical', 5, NULL, '2026-03-05 13:44:14', '2026-03-05 13:44:14'),
(399, 68, 2, 'entree', '2026-02-18 18:59:00', 'Retour cours', 4, NULL, '2026-03-05 13:44:14', '2026-03-05 13:44:14'),
(400, 84, 2, 'sortie', '2026-02-18 08:22:00', 'Restaurant', 5, NULL, '2026-03-05 13:44:14', '2026-03-05 13:44:14'),
(401, 84, 2, 'entree', '2026-02-18 23:45:00', 'Retour famille', 6, 'Retard notable', '2026-03-05 13:44:14', '2026-03-05 13:44:14'),
(402, 87, 2, 'sortie', '2026-02-18 07:11:00', 'Bibliothèque', 4, NULL, '2026-03-05 13:44:14', '2026-03-05 13:44:14'),
(403, 88, 2, 'sortie', '2026-02-18 08:41:00', 'Rendez-vous médical', 5, NULL, '2026-03-05 13:44:14', '2026-03-05 13:44:14'),
(404, 88, 2, 'entree', '2026-02-18 22:06:00', 'Retour cours', 6, 'Retard notable', '2026-03-05 13:44:14', '2026-03-05 13:44:14'),
(405, 94, 2, 'sortie', '2026-02-18 09:34:00', 'Restaurant', 3, NULL, '2026-03-05 13:44:14', '2026-03-05 13:44:14'),
(406, 94, 2, 'entree', '2026-02-18 23:37:00', 'Retour restaurant', 2, 'Retard notable', '2026-03-05 13:44:14', '2026-03-05 13:44:14'),
(407, 98, 1, 'entree', '2026-02-18 23:37:00', 'Retour cours', 2, 'Retard notable', '2026-03-05 13:44:14', '2026-03-05 13:44:14'),
(408, 104, 1, 'sortie', '2026-02-18 07:40:00', 'Bibliothèque', 5, NULL, '2026-03-05 13:44:14', '2026-03-05 13:44:14'),
(409, 104, 1, 'entree', '2026-02-18 18:55:00', 'Retour cours', 2, NULL, '2026-03-05 13:44:14', '2026-03-05 13:44:14'),
(410, 105, 1, 'sortie', '2026-02-18 08:37:00', 'Courses', 3, 'Sortie en groupe', '2026-03-05 13:44:14', '2026-03-05 13:44:14'),
(411, 2, 1, 'sortie', '2026-02-17 09:11:00', 'Courses', 3, NULL, '2026-03-05 13:44:14', '2026-03-05 13:44:14'),
(412, 7, 1, 'entree', '2026-02-17 18:53:00', 'Retour famille', 3, NULL, '2026-03-05 13:44:14', '2026-03-05 13:44:14'),
(413, 10, 1, 'sortie', '2026-02-17 09:46:00', 'Rendez-vous médical', 3, 'Sortie en groupe', '2026-03-05 13:44:14', '2026-03-05 13:44:14'),
(414, 14, 1, 'entree', '2026-02-17 18:34:00', 'Retour bibliothèque', 3, NULL, '2026-03-05 13:44:14', '2026-03-05 13:44:14'),
(415, 16, 1, 'sortie', '2026-02-17 09:19:00', 'Bibliothèque', 6, NULL, '2026-03-05 13:44:14', '2026-03-05 13:44:14'),
(416, 16, 1, 'entree', '2026-02-17 21:43:00', 'Retour famille', 5, NULL, '2026-03-05 13:44:14', '2026-03-05 13:44:14');
INSERT INTO `mouvements` (`id`, `etudiant_id`, `pavillon_id`, `type`, `date_heure`, `motif`, `enregistre_par`, `observations`, `created_at`, `updated_at`) VALUES
(417, 21, 1, 'sortie', '2026-02-17 09:41:00', 'Courses', 2, NULL, '2026-03-05 13:44:14', '2026-03-05 13:44:14'),
(418, 21, 1, 'entree', '2026-02-17 19:36:00', 'Retour bibliothèque', 5, NULL, '2026-03-05 13:44:14', '2026-03-05 13:44:14'),
(419, 25, 1, 'entree', '2026-02-17 20:04:00', 'Retour cours', 3, NULL, '2026-03-05 13:44:14', '2026-03-05 13:44:14'),
(420, 36, 1, 'sortie', '2026-02-17 07:06:00', 'Courses', 5, NULL, '2026-03-05 13:44:14', '2026-03-05 13:44:14'),
(421, 37, 1, 'sortie', '2026-02-17 09:11:00', 'Sortie personnelle', 6, NULL, '2026-03-05 13:44:14', '2026-03-05 13:44:14'),
(422, 39, 1, 'sortie', '2026-02-17 09:21:00', 'Restaurant', 5, NULL, '2026-03-05 13:44:14', '2026-03-05 13:44:14'),
(423, 44, 1, 'sortie', '2026-02-17 09:39:00', 'Courses', 3, NULL, '2026-03-05 13:44:14', '2026-03-05 13:44:14'),
(424, 51, 1, 'entree', '2026-02-17 19:41:00', 'Autre', 5, NULL, '2026-03-05 13:44:14', '2026-03-05 13:44:14'),
(425, 55, 1, 'sortie', '2026-02-17 08:00:00', 'Sortie personnelle', 2, 'Sortie en groupe', '2026-03-05 13:44:14', '2026-03-05 13:44:14'),
(426, 58, 1, 'entree', '2026-02-17 21:31:00', 'Retour bibliothèque', 6, NULL, '2026-03-05 13:44:14', '2026-03-05 13:44:14'),
(427, 60, 2, 'sortie', '2026-02-17 07:37:00', 'Restaurant', 2, NULL, '2026-03-05 13:44:14', '2026-03-05 13:44:14'),
(428, 60, 2, 'entree', '2026-02-17 23:26:00', 'Retour restaurant', 5, 'Retard notable', '2026-03-05 13:44:14', '2026-03-05 13:44:14'),
(429, 62, 2, 'sortie', '2026-02-17 08:07:00', 'Restaurant', 6, NULL, '2026-03-05 13:44:14', '2026-03-05 13:44:14'),
(430, 62, 2, 'entree', '2026-02-17 18:09:00', 'Retour cours', 3, NULL, '2026-03-05 13:44:14', '2026-03-05 13:44:14'),
(431, 64, 2, 'sortie', '2026-02-17 08:06:00', 'Bibliothèque', 3, NULL, '2026-03-05 13:44:14', '2026-03-05 13:44:14'),
(432, 64, 2, 'entree', '2026-02-17 18:57:00', 'Retour restaurant', 4, NULL, '2026-03-05 13:44:14', '2026-03-05 13:44:14'),
(433, 65, 2, 'entree', '2026-02-17 20:53:00', 'Retour restaurant', 3, NULL, '2026-03-05 13:44:14', '2026-03-05 13:44:14'),
(434, 66, 2, 'sortie', '2026-02-17 08:00:00', 'Courses', 3, NULL, '2026-03-05 13:44:14', '2026-03-05 13:44:14'),
(435, 77, 2, 'entree', '2026-02-17 22:57:00', 'Retour famille', 4, 'Retard notable', '2026-03-05 13:44:14', '2026-03-05 13:44:14'),
(436, 79, 2, 'sortie', '2026-02-17 07:30:00', 'Sortie personnelle', 3, 'Sortie en groupe', '2026-03-05 13:44:14', '2026-03-05 13:44:14'),
(437, 79, 2, 'entree', '2026-02-17 22:46:00', 'Retour restaurant', 5, 'Retard notable', '2026-03-05 13:44:14', '2026-03-05 13:44:14'),
(438, 86, 2, 'sortie', '2026-02-17 07:16:00', 'Restaurant', 4, 'Sortie en groupe', '2026-03-05 13:44:14', '2026-03-05 13:44:14'),
(439, 90, 2, 'sortie', '2026-02-17 07:13:00', 'Rendez-vous médical', 5, NULL, '2026-03-05 13:44:14', '2026-03-05 13:44:14'),
(440, 90, 2, 'entree', '2026-02-17 21:54:00', 'Retour bibliothèque', 5, NULL, '2026-03-05 13:44:14', '2026-03-05 13:44:14'),
(441, 94, 2, 'sortie', '2026-02-17 08:28:00', 'Bibliothèque', 4, NULL, '2026-03-05 13:44:14', '2026-03-05 13:44:14'),
(442, 96, 2, 'entree', '2026-02-17 22:29:00', 'Retour cours', 4, 'Retard notable', '2026-03-05 13:44:14', '2026-03-05 13:44:14'),
(443, 98, 1, 'entree', '2026-02-17 23:23:00', 'Autre', 3, 'Retard notable', '2026-03-05 13:44:14', '2026-03-05 13:44:14'),
(444, 104, 1, 'sortie', '2026-02-17 07:14:00', 'Sortie personnelle', 6, NULL, '2026-03-05 13:44:14', '2026-03-05 13:44:14'),
(445, 1, 1, 'sortie', '2026-02-16 07:23:00', 'Rendez-vous médical', 4, NULL, '2026-03-05 13:44:14', '2026-03-05 13:44:14'),
(446, 6, 1, 'sortie', '2026-02-16 08:51:00', 'Sortie personnelle', 5, NULL, '2026-03-05 13:44:14', '2026-03-05 13:44:14'),
(447, 6, 1, 'entree', '2026-02-16 22:38:00', 'Retour restaurant', 2, 'Retard notable', '2026-03-05 13:44:14', '2026-03-05 13:44:14'),
(448, 12, 1, 'sortie', '2026-02-16 07:34:00', 'Restaurant', 6, NULL, '2026-03-05 13:44:14', '2026-03-05 13:44:14'),
(449, 12, 1, 'entree', '2026-02-16 19:01:00', 'Retour restaurant', 5, NULL, '2026-03-05 13:44:14', '2026-03-05 13:44:14'),
(450, 15, 1, 'sortie', '2026-02-16 08:42:00', 'Bibliothèque', 5, NULL, '2026-03-05 13:44:14', '2026-03-05 13:44:14'),
(451, 17, 1, 'sortie', '2026-02-16 09:45:00', 'Sortie personnelle', 3, NULL, '2026-03-05 13:44:14', '2026-03-05 13:44:14'),
(452, 17, 1, 'entree', '2026-02-16 21:18:00', 'Retour famille', 5, NULL, '2026-03-05 13:44:14', '2026-03-05 13:44:14'),
(453, 21, 1, 'entree', '2026-02-16 20:23:00', 'Retour cours', 5, NULL, '2026-03-05 13:44:14', '2026-03-05 13:44:14'),
(454, 24, 1, 'entree', '2026-02-16 23:13:00', 'Retour cours', 4, 'Retard notable', '2026-03-05 13:44:14', '2026-03-05 13:44:14'),
(455, 28, 1, 'entree', '2026-02-16 20:48:00', 'Retour famille', 6, NULL, '2026-03-05 13:44:14', '2026-03-05 13:44:14'),
(456, 30, 1, 'sortie', '2026-02-16 08:07:00', 'Bibliothèque', 2, NULL, '2026-03-05 13:44:14', '2026-03-05 13:44:14'),
(457, 32, 1, 'sortie', '2026-02-16 07:10:00', 'Rendez-vous médical', 6, 'Sortie en groupe', '2026-03-05 13:44:14', '2026-03-05 13:44:14'),
(458, 32, 1, 'entree', '2026-02-16 21:03:00', 'Retour restaurant', 3, NULL, '2026-03-05 13:44:14', '2026-03-05 13:44:14'),
(459, 33, 1, 'sortie', '2026-02-16 08:28:00', 'Bibliothèque', 5, NULL, '2026-03-05 13:44:14', '2026-03-05 13:44:14'),
(460, 33, 1, 'entree', '2026-02-16 23:05:00', 'Retour restaurant', 6, 'Retard notable', '2026-03-05 13:44:14', '2026-03-05 13:44:14'),
(461, 34, 1, 'sortie', '2026-02-16 07:45:00', 'Bibliothèque', 6, NULL, '2026-03-05 13:44:14', '2026-03-05 13:44:14'),
(462, 40, 1, 'sortie', '2026-02-16 08:04:00', 'Cours', 2, NULL, '2026-03-05 13:44:14', '2026-03-05 13:44:14'),
(463, 40, 1, 'entree', '2026-02-16 21:32:00', 'Retour restaurant', 3, NULL, '2026-03-05 13:44:14', '2026-03-05 13:44:14'),
(464, 43, 1, 'entree', '2026-02-16 19:56:00', 'Retour famille', 4, NULL, '2026-03-05 13:44:14', '2026-03-05 13:44:14'),
(465, 45, 1, 'entree', '2026-02-16 22:46:00', 'Retour bibliothèque', 6, 'Retard notable', '2026-03-05 13:44:14', '2026-03-05 13:44:14'),
(466, 46, 1, 'sortie', '2026-02-16 07:38:00', 'Cours', 3, NULL, '2026-03-05 13:44:14', '2026-03-05 13:44:14'),
(467, 49, 1, 'sortie', '2026-02-16 09:24:00', 'Courses', 4, NULL, '2026-03-05 13:44:14', '2026-03-05 13:44:14'),
(468, 49, 1, 'entree', '2026-02-16 19:58:00', 'Retour restaurant', 5, NULL, '2026-03-05 13:44:14', '2026-03-05 13:44:14'),
(469, 51, 1, 'sortie', '2026-02-16 07:52:00', 'Cours', 4, NULL, '2026-03-05 13:44:14', '2026-03-05 13:44:14'),
(470, 57, 1, 'sortie', '2026-02-16 09:38:00', 'Sortie personnelle', 6, 'Sortie en groupe', '2026-03-05 13:44:14', '2026-03-05 13:44:14'),
(471, 57, 1, 'entree', '2026-02-16 19:46:00', 'Retour cours', 2, NULL, '2026-03-05 13:44:14', '2026-03-05 13:44:14'),
(472, 64, 2, 'entree', '2026-02-16 19:58:00', 'Retour restaurant', 2, NULL, '2026-03-05 13:44:14', '2026-03-05 13:44:14'),
(473, 75, 2, 'sortie', '2026-02-16 07:33:00', 'Rendez-vous médical', 4, NULL, '2026-03-05 13:44:14', '2026-03-05 13:44:14'),
(474, 75, 2, 'entree', '2026-02-16 21:13:00', 'Retour cours', 2, NULL, '2026-03-05 13:44:14', '2026-03-05 13:44:14'),
(475, 77, 2, 'entree', '2026-02-16 18:12:00', 'Autre', 5, NULL, '2026-03-05 13:44:14', '2026-03-05 13:44:14'),
(476, 84, 2, 'sortie', '2026-02-16 07:01:00', 'Bibliothèque', 2, NULL, '2026-03-05 13:44:14', '2026-03-05 13:44:14'),
(477, 86, 2, 'sortie', '2026-02-16 09:12:00', 'Courses', 5, NULL, '2026-03-05 13:44:14', '2026-03-05 13:44:14'),
(478, 86, 2, 'entree', '2026-02-16 21:44:00', 'Retour cours', 2, NULL, '2026-03-05 13:44:14', '2026-03-05 13:44:14'),
(479, 88, 2, 'sortie', '2026-02-16 07:52:00', 'Courses', 4, NULL, '2026-03-05 13:44:14', '2026-03-05 13:44:14'),
(480, 88, 2, 'entree', '2026-02-16 20:02:00', 'Retour cours', 2, NULL, '2026-03-05 13:44:14', '2026-03-05 13:44:14'),
(481, 90, 2, 'sortie', '2026-02-16 08:42:00', 'Cours', 5, NULL, '2026-03-05 13:44:14', '2026-03-05 13:44:14'),
(482, 90, 2, 'entree', '2026-02-16 23:43:00', 'Retour famille', 5, 'Retard notable', '2026-03-05 13:44:14', '2026-03-05 13:44:14'),
(483, 91, 2, 'sortie', '2026-02-16 08:22:00', 'Cours', 4, NULL, '2026-03-05 13:44:14', '2026-03-05 13:44:14'),
(484, 91, 2, 'entree', '2026-02-16 21:20:00', 'Retour restaurant', 4, NULL, '2026-03-05 13:44:14', '2026-03-05 13:44:14'),
(485, 100, 2, 'sortie', '2026-02-16 09:21:00', 'Cours', 6, NULL, '2026-03-05 13:44:14', '2026-03-05 13:44:14'),
(486, 104, 1, 'sortie', '2026-02-16 09:01:00', 'Restaurant', 3, NULL, '2026-03-05 13:44:14', '2026-03-05 13:44:14'),
(487, 105, 1, 'sortie', '2026-02-16 07:33:00', 'Sortie personnelle', 5, NULL, '2026-03-05 13:44:14', '2026-03-05 13:44:14'),
(488, 106, 1, 'sortie', '2026-02-16 09:18:00', 'Rendez-vous médical', 2, NULL, '2026-03-05 13:44:14', '2026-03-05 13:44:14'),
(489, 2, 1, 'sortie', '2026-02-13 09:41:00', 'Restaurant', 6, NULL, '2026-03-05 13:44:14', '2026-03-05 13:44:14'),
(490, 9, 1, 'sortie', '2026-02-13 08:51:00', 'Courses', 4, NULL, '2026-03-05 13:44:14', '2026-03-05 13:44:14'),
(491, 10, 1, 'sortie', '2026-02-13 09:15:00', 'Rendez-vous médical', 3, NULL, '2026-03-05 13:44:14', '2026-03-05 13:44:14'),
(492, 10, 1, 'entree', '2026-02-13 20:09:00', 'Autre', 5, NULL, '2026-03-05 13:44:14', '2026-03-05 13:44:14'),
(493, 13, 1, 'sortie', '2026-02-13 08:22:00', 'Cours', 6, NULL, '2026-03-05 13:44:14', '2026-03-05 13:44:14'),
(494, 15, 1, 'sortie', '2026-02-13 07:26:00', 'Cours', 5, NULL, '2026-03-05 13:44:14', '2026-03-05 13:44:14'),
(495, 15, 1, 'entree', '2026-02-13 23:52:00', 'Retour famille', 3, 'Retard notable', '2026-03-05 13:44:14', '2026-03-05 13:44:14'),
(496, 20, 1, 'entree', '2026-02-13 22:16:00', 'Retour restaurant', 2, 'Retard notable', '2026-03-05 13:44:14', '2026-03-05 13:44:14'),
(497, 21, 1, 'sortie', '2026-02-13 08:46:00', 'Cours', 6, NULL, '2026-03-05 13:44:14', '2026-03-05 13:44:14'),
(498, 23, 1, 'sortie', '2026-02-13 09:11:00', 'Restaurant', 4, NULL, '2026-03-05 13:44:14', '2026-03-05 13:44:14'),
(499, 23, 1, 'entree', '2026-02-13 18:16:00', 'Retour famille', 2, NULL, '2026-03-05 13:44:14', '2026-03-05 13:44:14'),
(500, 24, 1, 'entree', '2026-02-13 19:36:00', 'Autre', 5, NULL, '2026-03-05 13:44:14', '2026-03-05 13:44:14'),
(501, 27, 1, 'sortie', '2026-02-13 07:54:00', 'Restaurant', 2, NULL, '2026-03-05 13:44:14', '2026-03-05 13:44:14'),
(502, 27, 1, 'entree', '2026-02-13 22:25:00', 'Retour restaurant', 5, 'Retard notable', '2026-03-05 13:44:14', '2026-03-05 13:44:14'),
(503, 29, 1, 'sortie', '2026-02-13 08:31:00', 'Rendez-vous médical', 3, NULL, '2026-03-05 13:44:14', '2026-03-05 13:44:14'),
(504, 34, 1, 'sortie', '2026-02-13 08:00:00', 'Sortie personnelle', 6, NULL, '2026-03-05 13:44:14', '2026-03-05 13:44:14'),
(505, 34, 1, 'entree', '2026-02-13 19:28:00', 'Autre', 6, NULL, '2026-03-05 13:44:14', '2026-03-05 13:44:14'),
(506, 35, 1, 'entree', '2026-02-13 21:06:00', 'Retour restaurant', 5, NULL, '2026-03-05 13:44:14', '2026-03-05 13:44:14'),
(507, 37, 1, 'sortie', '2026-02-13 08:31:00', 'Rendez-vous médical', 4, NULL, '2026-03-05 13:44:14', '2026-03-05 13:44:14'),
(508, 49, 1, 'entree', '2026-02-13 21:47:00', 'Retour bibliothèque', 5, NULL, '2026-03-05 13:44:14', '2026-03-05 13:44:14'),
(509, 52, 1, 'sortie', '2026-02-13 09:47:00', 'Bibliothèque', 6, NULL, '2026-03-05 13:44:14', '2026-03-05 13:44:14'),
(510, 55, 1, 'entree', '2026-02-13 23:02:00', 'Retour famille', 3, 'Retard notable', '2026-03-05 13:44:14', '2026-03-05 13:44:14'),
(511, 57, 1, 'sortie', '2026-02-13 07:54:00', 'Courses', 6, NULL, '2026-03-05 13:44:14', '2026-03-05 13:44:14'),
(512, 60, 2, 'sortie', '2026-02-13 07:52:00', 'Bibliothèque', 5, NULL, '2026-03-05 13:44:14', '2026-03-05 13:44:14'),
(513, 60, 2, 'entree', '2026-02-13 18:36:00', 'Autre', 5, NULL, '2026-03-05 13:44:14', '2026-03-05 13:44:14'),
(514, 70, 2, 'sortie', '2026-02-13 08:27:00', 'Rendez-vous médical', 6, NULL, '2026-03-05 13:44:14', '2026-03-05 13:44:14'),
(515, 74, 2, 'entree', '2026-02-13 20:55:00', 'Retour restaurant', 5, NULL, '2026-03-05 13:44:14', '2026-03-05 13:44:14'),
(516, 83, 2, 'sortie', '2026-02-13 09:14:00', 'Bibliothèque', 2, NULL, '2026-03-05 13:44:14', '2026-03-05 13:44:14'),
(517, 92, 2, 'entree', '2026-02-13 20:33:00', 'Retour famille', 2, NULL, '2026-03-05 13:44:14', '2026-03-05 13:44:14'),
(518, 94, 2, 'sortie', '2026-02-13 09:12:00', 'Courses', 3, NULL, '2026-03-05 13:44:14', '2026-03-05 13:44:14'),
(519, 97, 1, 'sortie', '2026-02-13 08:55:00', 'Bibliothèque', 2, 'Sortie en groupe', '2026-03-05 13:44:14', '2026-03-05 13:44:14'),
(520, 98, 1, 'sortie', '2026-02-13 07:41:00', 'Courses', 5, NULL, '2026-03-05 13:44:14', '2026-03-05 13:44:14'),
(521, 101, 1, 'entree', '2026-02-13 21:30:00', 'Autre', 2, NULL, '2026-03-05 13:44:14', '2026-03-05 13:44:14'),
(522, 106, 1, 'entree', '2026-02-13 21:12:00', 'Autre', 5, NULL, '2026-03-05 13:44:14', '2026-03-05 13:44:14'),
(523, 1, 1, 'sortie', '2026-02-12 07:17:00', 'Rendez-vous médical', 5, NULL, '2026-03-05 13:44:14', '2026-03-05 13:44:14'),
(524, 1, 1, 'entree', '2026-02-12 22:12:00', 'Retour famille', 5, 'Retard notable', '2026-03-05 13:44:14', '2026-03-05 13:44:14'),
(525, 5, 1, 'entree', '2026-02-12 23:03:00', 'Retour restaurant', 2, 'Retard notable', '2026-03-05 13:44:14', '2026-03-05 13:44:14'),
(526, 10, 1, 'sortie', '2026-02-12 07:19:00', 'Bibliothèque', 4, NULL, '2026-03-05 13:44:14', '2026-03-05 13:44:14'),
(527, 15, 1, 'entree', '2026-02-12 18:14:00', 'Retour cours', 5, NULL, '2026-03-05 13:44:14', '2026-03-05 13:44:14'),
(528, 16, 1, 'sortie', '2026-02-12 08:12:00', 'Restaurant', 6, NULL, '2026-03-05 13:44:14', '2026-03-05 13:44:14'),
(529, 16, 1, 'entree', '2026-02-12 22:53:00', 'Autre', 3, 'Retard notable', '2026-03-05 13:44:14', '2026-03-05 13:44:14'),
(530, 18, 1, 'sortie', '2026-02-12 09:05:00', 'Courses', 6, NULL, '2026-03-05 13:44:14', '2026-03-05 13:44:14'),
(531, 22, 1, 'sortie', '2026-02-12 09:00:00', 'Rendez-vous médical', 4, NULL, '2026-03-05 13:44:14', '2026-03-05 13:44:14'),
(532, 23, 1, 'entree', '2026-02-12 20:19:00', 'Retour famille', 3, NULL, '2026-03-05 13:44:14', '2026-03-05 13:44:14'),
(533, 24, 1, 'sortie', '2026-02-12 07:57:00', 'Bibliothèque', 4, NULL, '2026-03-05 13:44:14', '2026-03-05 13:44:14'),
(534, 24, 1, 'entree', '2026-02-12 19:11:00', 'Autre', 4, NULL, '2026-03-05 13:44:14', '2026-03-05 13:44:14'),
(535, 31, 1, 'sortie', '2026-02-12 08:28:00', 'Courses', 5, NULL, '2026-03-05 13:44:14', '2026-03-05 13:44:14'),
(536, 34, 1, 'entree', '2026-02-12 22:12:00', 'Retour famille', 4, 'Retard notable', '2026-03-05 13:44:14', '2026-03-05 13:44:14'),
(537, 38, 1, 'sortie', '2026-02-12 07:15:00', 'Bibliothèque', 5, NULL, '2026-03-05 13:44:14', '2026-03-05 13:44:14'),
(538, 42, 1, 'entree', '2026-02-12 21:30:00', 'Retour cours', 2, NULL, '2026-03-05 13:44:14', '2026-03-05 13:44:14'),
(539, 43, 1, 'sortie', '2026-02-12 09:56:00', 'Restaurant', 3, NULL, '2026-03-05 13:44:14', '2026-03-05 13:44:14'),
(540, 45, 1, 'sortie', '2026-02-12 07:05:00', 'Courses', 5, 'Sortie en groupe', '2026-03-05 13:44:14', '2026-03-05 13:44:14'),
(541, 45, 1, 'entree', '2026-02-12 23:33:00', 'Retour famille', 2, 'Retard notable', '2026-03-05 13:44:14', '2026-03-05 13:44:14'),
(542, 50, 1, 'entree', '2026-02-12 23:01:00', 'Autre', 4, 'Retard notable', '2026-03-05 13:44:14', '2026-03-05 13:44:14'),
(543, 51, 1, 'entree', '2026-02-12 22:51:00', 'Retour cours', 5, 'Retard notable', '2026-03-05 13:44:14', '2026-03-05 13:44:14'),
(544, 53, 1, 'sortie', '2026-02-12 08:37:00', 'Cours', 3, NULL, '2026-03-05 13:44:14', '2026-03-05 13:44:14'),
(545, 53, 1, 'entree', '2026-02-12 23:08:00', 'Retour bibliothèque', 2, 'Retard notable', '2026-03-05 13:44:14', '2026-03-05 13:44:14'),
(546, 62, 2, 'entree', '2026-02-12 20:59:00', 'Retour bibliothèque', 4, NULL, '2026-03-05 13:44:14', '2026-03-05 13:44:14'),
(547, 73, 2, 'sortie', '2026-02-12 09:01:00', 'Rendez-vous médical', 2, NULL, '2026-03-05 13:44:14', '2026-03-05 13:44:14'),
(548, 77, 2, 'sortie', '2026-02-12 09:21:00', 'Cours', 3, NULL, '2026-03-05 13:44:14', '2026-03-05 13:44:14'),
(549, 77, 2, 'entree', '2026-02-12 22:23:00', 'Retour restaurant', 3, 'Retard notable', '2026-03-05 13:44:14', '2026-03-05 13:44:14'),
(550, 81, 2, 'entree', '2026-02-12 19:33:00', 'Retour cours', 5, NULL, '2026-03-05 13:44:14', '2026-03-05 13:44:14'),
(551, 84, 2, 'entree', '2026-02-12 20:13:00', 'Retour famille', 5, NULL, '2026-03-05 13:44:14', '2026-03-05 13:44:14'),
(552, 85, 2, 'sortie', '2026-02-12 07:06:00', 'Restaurant', 3, NULL, '2026-03-05 13:44:14', '2026-03-05 13:44:14'),
(553, 85, 2, 'entree', '2026-02-12 21:01:00', 'Retour cours', 2, NULL, '2026-03-05 13:44:14', '2026-03-05 13:44:14'),
(554, 86, 2, 'sortie', '2026-02-12 07:32:00', 'Rendez-vous médical', 2, NULL, '2026-03-05 13:44:14', '2026-03-05 13:44:14'),
(555, 86, 2, 'entree', '2026-02-12 22:55:00', 'Retour famille', 3, 'Retard notable', '2026-03-05 13:44:14', '2026-03-05 13:44:14'),
(556, 91, 2, 'sortie', '2026-02-12 09:38:00', 'Courses', 2, NULL, '2026-03-05 13:44:14', '2026-03-05 13:44:14'),
(557, 91, 2, 'entree', '2026-02-12 22:13:00', 'Retour famille', 5, 'Retard notable', '2026-03-05 13:44:14', '2026-03-05 13:44:14'),
(558, 96, 2, 'sortie', '2026-02-12 07:00:00', 'Sortie personnelle', 3, 'Sortie en groupe', '2026-03-05 13:44:14', '2026-03-05 13:44:14'),
(559, 96, 2, 'entree', '2026-02-12 22:48:00', 'Retour bibliothèque', 2, 'Retard notable', '2026-03-05 13:44:14', '2026-03-05 13:44:14'),
(560, 99, 1, 'entree', '2026-02-12 21:34:00', 'Retour cours', 4, NULL, '2026-03-05 13:44:14', '2026-03-05 13:44:14'),
(561, 102, 2, 'sortie', '2026-02-12 08:32:00', 'Restaurant', 6, NULL, '2026-03-05 13:44:14', '2026-03-05 13:44:14'),
(562, 102, 2, 'entree', '2026-02-12 21:15:00', 'Retour restaurant', 2, NULL, '2026-03-05 13:44:14', '2026-03-05 13:44:14'),
(563, 3, 1, 'entree', '2026-02-11 21:05:00', 'Retour famille', 2, NULL, '2026-03-05 13:44:14', '2026-03-05 13:44:14'),
(564, 10, 1, 'sortie', '2026-02-11 07:48:00', 'Courses', 4, NULL, '2026-03-05 13:44:14', '2026-03-05 13:44:14'),
(565, 10, 1, 'entree', '2026-02-11 21:00:00', 'Retour famille', 5, NULL, '2026-03-05 13:44:14', '2026-03-05 13:44:14'),
(566, 17, 1, 'entree', '2026-02-11 23:03:00', 'Retour famille', 6, 'Retard notable', '2026-03-05 13:44:14', '2026-03-05 13:44:14'),
(567, 18, 1, 'sortie', '2026-02-11 08:18:00', 'Bibliothèque', 4, NULL, '2026-03-05 13:44:14', '2026-03-05 13:44:14'),
(568, 22, 1, 'sortie', '2026-02-11 08:38:00', 'Restaurant', 3, NULL, '2026-03-05 13:44:14', '2026-03-05 13:44:14'),
(569, 22, 1, 'entree', '2026-02-11 22:27:00', 'Retour bibliothèque', 6, 'Retard notable', '2026-03-05 13:44:14', '2026-03-05 13:44:14'),
(570, 27, 1, 'sortie', '2026-02-11 09:10:00', 'Bibliothèque', 4, NULL, '2026-03-05 13:44:14', '2026-03-05 13:44:14'),
(571, 27, 1, 'entree', '2026-02-11 19:12:00', 'Retour cours', 5, NULL, '2026-03-05 13:44:14', '2026-03-05 13:44:14'),
(572, 38, 1, 'entree', '2026-02-11 18:38:00', 'Retour cours', 5, NULL, '2026-03-05 13:44:14', '2026-03-05 13:44:14'),
(573, 40, 1, 'entree', '2026-02-11 20:47:00', 'Retour famille', 5, NULL, '2026-03-05 13:44:14', '2026-03-05 13:44:14'),
(574, 49, 1, 'sortie', '2026-02-11 09:34:00', 'Bibliothèque', 4, NULL, '2026-03-05 13:44:14', '2026-03-05 13:44:14'),
(575, 53, 1, 'sortie', '2026-02-11 09:48:00', 'Sortie personnelle', 6, NULL, '2026-03-05 13:44:14', '2026-03-05 13:44:14'),
(576, 60, 2, 'sortie', '2026-02-11 08:31:00', 'Cours', 4, NULL, '2026-03-05 13:44:14', '2026-03-05 13:44:14'),
(577, 63, 2, 'entree', '2026-02-11 23:35:00', 'Retour cours', 5, 'Retard notable', '2026-03-05 13:44:14', '2026-03-05 13:44:14'),
(578, 64, 2, 'sortie', '2026-02-11 07:03:00', 'Courses', 4, NULL, '2026-03-05 13:44:14', '2026-03-05 13:44:14'),
(579, 64, 2, 'entree', '2026-02-11 23:26:00', 'Retour cours', 3, 'Retard notable', '2026-03-05 13:44:14', '2026-03-05 13:44:14'),
(580, 73, 2, 'sortie', '2026-02-11 09:25:00', 'Courses', 4, NULL, '2026-03-05 13:44:14', '2026-03-05 13:44:14'),
(581, 74, 2, 'sortie', '2026-02-11 07:49:00', 'Courses', 6, NULL, '2026-03-05 13:44:14', '2026-03-05 13:44:14'),
(582, 86, 2, 'sortie', '2026-02-11 08:12:00', 'Restaurant', 4, NULL, '2026-03-05 13:44:14', '2026-03-05 13:44:14'),
(583, 91, 2, 'sortie', '2026-02-11 08:10:00', 'Cours', 6, NULL, '2026-03-05 13:44:14', '2026-03-05 13:44:14'),
(584, 102, 2, 'sortie', '2026-02-11 09:11:00', 'Cours', 4, NULL, '2026-03-05 13:44:14', '2026-03-05 13:44:14'),
(585, 102, 2, 'entree', '2026-02-11 20:27:00', 'Retour cours', 4, NULL, '2026-03-05 13:44:14', '2026-03-05 13:44:14'),
(586, 5, 1, 'sortie', '2026-02-10 07:28:00', 'Sortie personnelle', 4, 'Sortie en groupe', '2026-03-05 13:44:14', '2026-03-05 13:44:14'),
(587, 11, 1, 'sortie', '2026-02-10 07:58:00', 'Courses', 3, NULL, '2026-03-05 13:44:14', '2026-03-05 13:44:14'),
(588, 11, 1, 'entree', '2026-02-10 21:18:00', 'Retour cours', 3, NULL, '2026-03-05 13:44:14', '2026-03-05 13:44:14'),
(589, 40, 1, 'sortie', '2026-02-10 07:32:00', 'Courses', 5, NULL, '2026-03-05 13:44:14', '2026-03-05 13:44:14'),
(590, 40, 1, 'entree', '2026-02-10 22:40:00', 'Autre', 2, 'Retard notable', '2026-03-05 13:44:14', '2026-03-05 13:44:14'),
(591, 46, 1, 'sortie', '2026-02-10 07:22:00', 'Restaurant', 6, NULL, '2026-03-05 13:44:14', '2026-03-05 13:44:14'),
(592, 46, 1, 'entree', '2026-02-10 20:49:00', 'Retour famille', 6, NULL, '2026-03-05 13:44:14', '2026-03-05 13:44:14'),
(593, 48, 1, 'sortie', '2026-02-10 08:59:00', 'Restaurant', 2, NULL, '2026-03-05 13:44:14', '2026-03-05 13:44:14'),
(594, 52, 1, 'entree', '2026-02-10 22:08:00', 'Retour cours', 4, 'Retard notable', '2026-03-05 13:44:14', '2026-03-05 13:44:14'),
(595, 53, 1, 'sortie', '2026-02-10 08:10:00', 'Sortie personnelle', 6, NULL, '2026-03-05 13:44:14', '2026-03-05 13:44:14'),
(596, 55, 1, 'sortie', '2026-02-10 09:37:00', 'Rendez-vous médical', 5, NULL, '2026-03-05 13:44:14', '2026-03-05 13:44:14'),
(597, 55, 1, 'entree', '2026-02-10 22:02:00', 'Retour famille', 6, 'Retard notable', '2026-03-05 13:44:14', '2026-03-05 13:44:14'),
(598, 59, 2, 'entree', '2026-02-10 19:33:00', 'Retour bibliothèque', 5, NULL, '2026-03-05 13:44:14', '2026-03-05 13:44:14'),
(599, 60, 2, 'entree', '2026-02-10 21:13:00', 'Autre', 3, NULL, '2026-03-05 13:44:14', '2026-03-05 13:44:14'),
(600, 62, 2, 'sortie', '2026-02-10 08:01:00', 'Courses', 5, NULL, '2026-03-05 13:44:14', '2026-03-05 13:44:14'),
(601, 65, 2, 'entree', '2026-02-10 20:06:00', 'Retour famille', 5, NULL, '2026-03-05 13:44:14', '2026-03-05 13:44:14'),
(602, 74, 2, 'sortie', '2026-02-10 07:37:00', 'Rendez-vous médical', 2, 'Sortie en groupe', '2026-03-05 13:44:14', '2026-03-05 13:44:14'),
(603, 74, 2, 'entree', '2026-02-10 23:00:00', 'Autre', 2, 'Retard notable', '2026-03-05 13:44:14', '2026-03-05 13:44:14'),
(604, 77, 2, 'sortie', '2026-02-10 07:51:00', 'Rendez-vous médical', 5, NULL, '2026-03-05 13:44:14', '2026-03-05 13:44:14'),
(605, 77, 2, 'entree', '2026-02-10 19:24:00', 'Retour bibliothèque', 6, NULL, '2026-03-05 13:44:14', '2026-03-05 13:44:14'),
(606, 79, 2, 'sortie', '2026-02-10 07:24:00', 'Restaurant', 5, NULL, '2026-03-05 13:44:14', '2026-03-05 13:44:14'),
(607, 80, 2, 'sortie', '2026-02-10 07:17:00', 'Bibliothèque', 5, NULL, '2026-03-05 13:44:14', '2026-03-05 13:44:14'),
(608, 82, 2, 'sortie', '2026-02-10 08:03:00', 'Sortie personnelle', 5, 'Sortie en groupe', '2026-03-05 13:44:14', '2026-03-05 13:44:14'),
(609, 83, 2, 'sortie', '2026-02-10 07:22:00', 'Restaurant', 6, NULL, '2026-03-05 13:44:14', '2026-03-05 13:44:14'),
(610, 83, 2, 'entree', '2026-02-10 19:12:00', 'Autre', 6, NULL, '2026-03-05 13:44:14', '2026-03-05 13:44:14'),
(611, 85, 2, 'sortie', '2026-02-10 08:22:00', 'Cours', 5, NULL, '2026-03-05 13:44:14', '2026-03-05 13:44:14'),
(612, 92, 2, 'entree', '2026-02-10 20:59:00', 'Autre', 5, NULL, '2026-03-05 13:44:14', '2026-03-05 13:44:14'),
(613, 100, 2, 'sortie', '2026-02-10 07:19:00', 'Cours', 5, NULL, '2026-03-05 13:44:14', '2026-03-05 13:44:14'),
(614, 101, 1, 'sortie', '2026-02-10 09:05:00', 'Cours', 6, 'Sortie en groupe', '2026-03-05 13:44:14', '2026-03-05 13:44:14'),
(615, 101, 1, 'entree', '2026-02-10 22:45:00', 'Retour famille', 4, 'Retard notable', '2026-03-05 13:44:14', '2026-03-05 13:44:14'),
(616, 104, 1, 'sortie', '2026-02-10 09:11:00', 'Rendez-vous médical', 3, NULL, '2026-03-05 13:44:14', '2026-03-05 13:44:14'),
(617, 3, 1, 'sortie', '2026-02-09 08:02:00', 'Courses', 2, NULL, '2026-03-05 13:44:14', '2026-03-05 13:44:14'),
(618, 3, 1, 'entree', '2026-02-09 22:49:00', 'Retour cours', 3, 'Retard notable', '2026-03-05 13:44:14', '2026-03-05 13:44:14'),
(619, 9, 1, 'sortie', '2026-02-09 07:55:00', 'Cours', 6, NULL, '2026-03-05 13:44:14', '2026-03-05 13:44:14'),
(620, 14, 1, 'sortie', '2026-02-09 08:37:00', 'Restaurant', 5, NULL, '2026-03-05 13:44:14', '2026-03-05 13:44:14'),
(621, 17, 1, 'entree', '2026-02-09 20:05:00', 'Retour bibliothèque', 6, NULL, '2026-03-05 13:44:14', '2026-03-05 13:44:14'),
(622, 22, 1, 'sortie', '2026-02-09 08:13:00', 'Rendez-vous médical', 6, NULL, '2026-03-05 13:44:14', '2026-03-05 13:44:14'),
(623, 22, 1, 'entree', '2026-02-09 19:02:00', 'Autre', 5, NULL, '2026-03-05 13:44:14', '2026-03-05 13:44:14'),
(624, 23, 1, 'entree', '2026-02-09 19:17:00', 'Retour restaurant', 6, NULL, '2026-03-05 13:44:14', '2026-03-05 13:44:14'),
(625, 32, 1, 'sortie', '2026-02-09 09:44:00', 'Courses', 3, 'Sortie en groupe', '2026-03-05 13:44:14', '2026-03-05 13:44:14'),
(626, 32, 1, 'entree', '2026-02-09 23:46:00', 'Retour bibliothèque', 4, 'Retard notable', '2026-03-05 13:44:14', '2026-03-05 13:44:14'),
(627, 44, 1, 'entree', '2026-02-09 21:34:00', 'Retour restaurant', 3, NULL, '2026-03-05 13:44:14', '2026-03-05 13:44:14'),
(628, 46, 1, 'entree', '2026-02-09 19:14:00', 'Retour restaurant', 4, NULL, '2026-03-05 13:44:14', '2026-03-05 13:44:14'),
(629, 47, 1, 'sortie', '2026-02-09 07:38:00', 'Cours', 4, NULL, '2026-03-05 13:44:14', '2026-03-05 13:44:14'),
(630, 47, 1, 'entree', '2026-02-09 20:25:00', 'Retour restaurant', 6, NULL, '2026-03-05 13:44:14', '2026-03-05 13:44:14'),
(631, 48, 1, 'sortie', '2026-02-09 07:35:00', 'Rendez-vous médical', 3, 'Sortie en groupe', '2026-03-05 13:44:14', '2026-03-05 13:44:14'),
(632, 72, 2, 'sortie', '2026-02-09 08:29:00', 'Sortie personnelle', 4, 'Sortie en groupe', '2026-03-05 13:44:14', '2026-03-05 13:44:14'),
(633, 72, 2, 'entree', '2026-02-09 22:15:00', 'Autre', 4, 'Retard notable', '2026-03-05 13:44:14', '2026-03-05 13:44:14'),
(634, 77, 2, 'sortie', '2026-02-09 07:09:00', 'Rendez-vous médical', 3, NULL, '2026-03-05 13:44:14', '2026-03-05 13:44:14'),
(635, 77, 2, 'entree', '2026-02-09 21:30:00', 'Retour cours', 2, NULL, '2026-03-05 13:44:14', '2026-03-05 13:44:14'),
(636, 78, 2, 'entree', '2026-02-09 21:41:00', 'Autre', 2, NULL, '2026-03-05 13:44:14', '2026-03-05 13:44:14'),
(637, 79, 2, 'entree', '2026-02-09 19:40:00', 'Retour bibliothèque', 6, NULL, '2026-03-05 13:44:14', '2026-03-05 13:44:14'),
(638, 80, 2, 'entree', '2026-02-09 21:15:00', 'Retour bibliothèque', 4, NULL, '2026-03-05 13:44:14', '2026-03-05 13:44:14'),
(639, 81, 2, 'sortie', '2026-02-09 09:50:00', 'Rendez-vous médical', 4, NULL, '2026-03-05 13:44:14', '2026-03-05 13:44:14'),
(640, 87, 2, 'sortie', '2026-02-09 09:38:00', 'Courses', 4, NULL, '2026-03-05 13:44:14', '2026-03-05 13:44:14'),
(641, 91, 2, 'sortie', '2026-02-09 09:05:00', 'Bibliothèque', 5, NULL, '2026-03-05 13:44:14', '2026-03-05 13:44:14'),
(642, 93, 2, 'entree', '2026-02-09 20:44:00', 'Retour restaurant', 5, NULL, '2026-03-05 13:44:14', '2026-03-05 13:44:14'),
(643, 103, 1, 'entree', '2026-02-09 21:41:00', 'Retour restaurant', 5, NULL, '2026-03-05 13:44:14', '2026-03-05 13:44:14'),
(644, 105, 1, 'sortie', '2026-02-09 09:05:00', 'Rendez-vous médical', 5, NULL, '2026-03-05 13:44:14', '2026-03-05 13:44:14'),
(645, 105, 1, 'entree', '2026-02-09 23:16:00', 'Retour restaurant', 4, 'Retard notable', '2026-03-05 13:44:14', '2026-03-05 13:44:14'),
(646, 4, 1, 'entree', '2026-02-08 23:48:00', 'Retour cours', 2, 'Retard notable', '2026-03-05 13:44:14', '2026-03-05 13:44:14'),
(647, 15, 1, 'sortie', '2026-02-08 09:15:00', 'Sortie personnelle', 3, NULL, '2026-03-05 13:44:14', '2026-03-05 13:44:14'),
(648, 16, 1, 'sortie', '2026-02-08 09:59:00', 'Bibliothèque', 3, NULL, '2026-03-05 13:44:14', '2026-03-05 13:44:14'),
(649, 16, 1, 'entree', '2026-02-08 19:38:00', 'Retour cours', 4, NULL, '2026-03-05 13:44:14', '2026-03-05 13:44:14'),
(650, 19, 1, 'sortie', '2026-02-08 08:31:00', 'Bibliothèque', 3, NULL, '2026-03-05 13:44:14', '2026-03-05 13:44:14'),
(651, 19, 1, 'entree', '2026-02-08 19:54:00', 'Retour bibliothèque', 3, NULL, '2026-03-05 13:44:14', '2026-03-05 13:44:14'),
(652, 20, 1, 'entree', '2026-02-08 20:52:00', 'Retour famille', 2, NULL, '2026-03-05 13:44:14', '2026-03-05 13:44:14'),
(653, 24, 1, 'entree', '2026-02-08 18:25:00', 'Retour famille', 4, NULL, '2026-03-05 13:44:14', '2026-03-05 13:44:14'),
(654, 30, 1, 'sortie', '2026-02-08 09:52:00', 'Courses', 4, NULL, '2026-03-05 13:44:14', '2026-03-05 13:44:14'),
(655, 32, 1, 'entree', '2026-02-08 23:41:00', 'Retour restaurant', 3, 'Retard notable', '2026-03-05 13:44:14', '2026-03-05 13:44:14'),
(656, 35, 1, 'sortie', '2026-02-08 08:31:00', 'Courses', 2, NULL, '2026-03-05 13:44:14', '2026-03-05 13:44:14'),
(657, 44, 1, 'sortie', '2026-02-08 09:45:00', 'Sortie personnelle', 4, NULL, '2026-03-05 13:44:14', '2026-03-05 13:44:14'),
(658, 51, 1, 'sortie', '2026-02-08 07:04:00', 'Courses', 6, NULL, '2026-03-05 13:44:14', '2026-03-05 13:44:14'),
(659, 52, 1, 'entree', '2026-02-08 21:26:00', 'Retour famille', 2, NULL, '2026-03-05 13:44:14', '2026-03-05 13:44:14'),
(660, 54, 1, 'sortie', '2026-02-08 09:45:00', 'Cours', 6, NULL, '2026-03-05 13:44:14', '2026-03-05 13:44:14'),
(661, 55, 1, 'sortie', '2026-02-08 09:54:00', 'Sortie personnelle', 4, NULL, '2026-03-05 13:44:14', '2026-03-05 13:44:14'),
(662, 55, 1, 'entree', '2026-02-08 22:19:00', 'Retour bibliothèque', 3, 'Retard notable', '2026-03-05 13:44:14', '2026-03-05 13:44:14'),
(663, 59, 2, 'entree', '2026-02-08 21:23:00', 'Retour restaurant', 6, NULL, '2026-03-05 13:44:14', '2026-03-05 13:44:14'),
(664, 60, 2, 'sortie', '2026-02-08 08:14:00', 'Cours', 4, NULL, '2026-03-05 13:44:14', '2026-03-05 13:44:14'),
(665, 60, 2, 'entree', '2026-02-08 20:14:00', 'Retour bibliothèque', 3, NULL, '2026-03-05 13:44:14', '2026-03-05 13:44:14'),
(666, 66, 2, 'sortie', '2026-02-08 07:04:00', 'Bibliothèque', 6, NULL, '2026-03-05 13:44:14', '2026-03-05 13:44:14'),
(667, 68, 2, 'sortie', '2026-02-08 07:40:00', 'Restaurant', 4, NULL, '2026-03-05 13:44:14', '2026-03-05 13:44:14'),
(668, 68, 2, 'entree', '2026-02-08 22:13:00', 'Retour famille', 6, 'Retard notable', '2026-03-05 13:44:14', '2026-03-05 13:44:14'),
(669, 69, 2, 'sortie', '2026-02-08 09:01:00', 'Restaurant', 6, NULL, '2026-03-05 13:44:14', '2026-03-05 13:44:14'),
(670, 69, 2, 'entree', '2026-02-08 18:43:00', 'Retour famille', 2, NULL, '2026-03-05 13:44:14', '2026-03-05 13:44:14'),
(671, 79, 2, 'entree', '2026-02-08 23:03:00', 'Retour bibliothèque', 6, 'Retard notable', '2026-03-05 13:44:14', '2026-03-05 13:44:14'),
(672, 88, 2, 'entree', '2026-02-08 23:12:00', 'Retour bibliothèque', 2, 'Retard notable', '2026-03-05 13:44:14', '2026-03-05 13:44:14'),
(673, 94, 2, 'entree', '2026-02-08 23:08:00', 'Retour restaurant', 3, 'Retard notable', '2026-03-05 13:44:14', '2026-03-05 13:44:14'),
(674, 95, 2, 'entree', '2026-02-08 23:46:00', 'Autre', 3, 'Retard notable', '2026-03-05 13:44:14', '2026-03-05 13:44:14'),
(675, 101, 1, 'sortie', '2026-02-08 07:16:00', 'Courses', 6, 'Sortie en groupe', '2026-03-05 13:44:14', '2026-03-05 13:44:14'),
(676, 102, 2, 'sortie', '2026-02-08 09:59:00', 'Rendez-vous médical', 6, NULL, '2026-03-05 13:44:14', '2026-03-05 13:44:14'),
(677, 103, 1, 'sortie', '2026-02-08 07:06:00', 'Courses', 5, NULL, '2026-03-05 13:44:14', '2026-03-05 13:44:14'),
(678, 106, 1, 'entree', '2026-02-08 18:40:00', 'Retour famille', 3, NULL, '2026-03-05 13:44:14', '2026-03-05 13:44:14'),
(679, 2, 1, 'sortie', '2026-02-06 07:16:00', 'Cours', 4, NULL, '2026-03-05 13:44:14', '2026-03-05 13:44:14'),
(680, 3, 1, 'entree', '2026-02-06 23:08:00', 'Autre', 3, 'Retard notable', '2026-03-05 13:44:14', '2026-03-05 13:44:14'),
(681, 4, 1, 'sortie', '2026-02-06 09:28:00', 'Bibliothèque', 5, NULL, '2026-03-05 13:44:14', '2026-03-05 13:44:14'),
(682, 4, 1, 'entree', '2026-02-06 23:00:00', 'Retour bibliothèque', 2, 'Retard notable', '2026-03-05 13:44:14', '2026-03-05 13:44:14'),
(683, 7, 1, 'sortie', '2026-02-06 07:59:00', 'Sortie personnelle', 3, NULL, '2026-03-05 13:44:14', '2026-03-05 13:44:14'),
(684, 9, 1, 'sortie', '2026-02-06 07:44:00', 'Restaurant', 6, 'Sortie en groupe', '2026-03-05 13:44:14', '2026-03-05 13:44:14'),
(685, 9, 1, 'entree', '2026-02-06 20:59:00', 'Retour restaurant', 4, NULL, '2026-03-05 13:44:14', '2026-03-05 13:44:14'),
(686, 11, 1, 'sortie', '2026-02-06 07:23:00', 'Courses', 3, NULL, '2026-03-05 13:44:14', '2026-03-05 13:44:14'),
(687, 11, 1, 'entree', '2026-02-06 22:58:00', 'Retour cours', 3, 'Retard notable', '2026-03-05 13:44:14', '2026-03-05 13:44:14'),
(688, 19, 1, 'sortie', '2026-02-06 09:06:00', 'Sortie personnelle', 6, 'Sortie en groupe', '2026-03-05 13:44:14', '2026-03-05 13:44:14'),
(689, 23, 1, 'sortie', '2026-02-06 09:37:00', 'Sortie personnelle', 2, NULL, '2026-03-05 13:44:14', '2026-03-05 13:44:14'),
(690, 24, 1, 'entree', '2026-02-06 20:52:00', 'Retour famille', 6, NULL, '2026-03-05 13:44:14', '2026-03-05 13:44:14'),
(691, 27, 1, 'sortie', '2026-02-06 07:00:00', 'Cours', 5, NULL, '2026-03-05 13:44:14', '2026-03-05 13:44:14'),
(692, 27, 1, 'entree', '2026-02-06 22:16:00', 'Retour famille', 2, 'Retard notable', '2026-03-05 13:44:14', '2026-03-05 13:44:14'),
(693, 29, 1, 'sortie', '2026-02-06 07:36:00', 'Bibliothèque', 6, NULL, '2026-03-05 13:44:14', '2026-03-05 13:44:14'),
(694, 29, 1, 'entree', '2026-02-06 21:33:00', 'Retour famille', 6, NULL, '2026-03-05 13:44:14', '2026-03-05 13:44:14'),
(695, 30, 1, 'sortie', '2026-02-06 07:58:00', 'Sortie personnelle', 4, NULL, '2026-03-05 13:44:14', '2026-03-05 13:44:14'),
(696, 30, 1, 'entree', '2026-02-06 19:57:00', 'Retour bibliothèque', 4, NULL, '2026-03-05 13:44:14', '2026-03-05 13:44:14'),
(697, 31, 1, 'entree', '2026-02-06 21:39:00', 'Autre', 6, NULL, '2026-03-05 13:44:14', '2026-03-05 13:44:14'),
(698, 35, 1, 'sortie', '2026-02-06 07:16:00', 'Bibliothèque', 4, NULL, '2026-03-05 13:44:14', '2026-03-05 13:44:14'),
(699, 36, 1, 'entree', '2026-02-06 20:46:00', 'Retour cours', 2, NULL, '2026-03-05 13:44:15', '2026-03-05 13:44:15'),
(700, 37, 1, 'entree', '2026-02-06 20:58:00', 'Retour bibliothèque', 4, NULL, '2026-03-05 13:44:15', '2026-03-05 13:44:15'),
(701, 39, 1, 'entree', '2026-02-06 20:35:00', 'Retour bibliothèque', 2, NULL, '2026-03-05 13:44:15', '2026-03-05 13:44:15'),
(702, 41, 1, 'sortie', '2026-02-06 09:58:00', 'Courses', 4, NULL, '2026-03-05 13:44:15', '2026-03-05 13:44:15'),
(703, 41, 1, 'entree', '2026-02-06 21:03:00', 'Retour restaurant', 3, NULL, '2026-03-05 13:44:15', '2026-03-05 13:44:15'),
(704, 43, 1, 'sortie', '2026-02-06 07:58:00', 'Bibliothèque', 4, NULL, '2026-03-05 13:44:15', '2026-03-05 13:44:15'),
(705, 45, 1, 'entree', '2026-02-06 22:57:00', 'Retour famille', 3, 'Retard notable', '2026-03-05 13:44:15', '2026-03-05 13:44:15'),
(706, 48, 1, 'entree', '2026-02-06 18:47:00', 'Retour famille', 4, NULL, '2026-03-05 13:44:15', '2026-03-05 13:44:15'),
(707, 56, 1, 'sortie', '2026-02-06 08:25:00', 'Rendez-vous médical', 2, NULL, '2026-03-05 13:44:15', '2026-03-05 13:44:15'),
(708, 58, 1, 'sortie', '2026-02-06 09:59:00', 'Bibliothèque', 4, NULL, '2026-03-05 13:44:15', '2026-03-05 13:44:15'),
(709, 59, 2, 'entree', '2026-02-06 20:41:00', 'Autre', 5, NULL, '2026-03-05 13:44:15', '2026-03-05 13:44:15'),
(710, 63, 2, 'entree', '2026-02-06 19:35:00', 'Retour bibliothèque', 5, NULL, '2026-03-05 13:44:15', '2026-03-05 13:44:15'),
(711, 67, 2, 'sortie', '2026-02-06 09:21:00', 'Rendez-vous médical', 3, NULL, '2026-03-05 13:44:15', '2026-03-05 13:44:15'),
(712, 68, 2, 'entree', '2026-02-06 21:51:00', 'Autre', 5, NULL, '2026-03-05 13:44:15', '2026-03-05 13:44:15'),
(713, 69, 2, 'sortie', '2026-02-06 08:35:00', 'Cours', 6, NULL, '2026-03-05 13:44:15', '2026-03-05 13:44:15'),
(714, 70, 2, 'sortie', '2026-02-06 09:05:00', 'Rendez-vous médical', 4, NULL, '2026-03-05 13:44:15', '2026-03-05 13:44:15'),
(715, 72, 2, 'sortie', '2026-02-06 07:30:00', 'Bibliothèque', 3, NULL, '2026-03-05 13:44:15', '2026-03-05 13:44:15'),
(716, 72, 2, 'entree', '2026-02-06 22:35:00', 'Autre', 6, 'Retard notable', '2026-03-05 13:44:15', '2026-03-05 13:44:15'),
(717, 77, 2, 'entree', '2026-02-06 19:21:00', 'Autre', 3, NULL, '2026-03-05 13:44:15', '2026-03-05 13:44:15'),
(718, 86, 2, 'sortie', '2026-02-06 07:04:00', 'Bibliothèque', 4, NULL, '2026-03-05 13:44:15', '2026-03-05 13:44:15'),
(719, 86, 2, 'entree', '2026-02-06 22:14:00', 'Retour famille', 2, 'Retard notable', '2026-03-05 13:44:15', '2026-03-05 13:44:15'),
(720, 91, 2, 'sortie', '2026-02-06 07:42:00', 'Cours', 3, NULL, '2026-03-05 13:44:15', '2026-03-05 13:44:15'),
(721, 92, 2, 'sortie', '2026-02-06 08:53:00', 'Cours', 6, 'Sortie en groupe', '2026-03-05 13:44:15', '2026-03-05 13:44:15'),
(722, 92, 2, 'entree', '2026-02-06 19:11:00', 'Retour cours', 4, NULL, '2026-03-05 13:44:15', '2026-03-05 13:44:15'),
(723, 93, 2, 'sortie', '2026-02-06 08:50:00', 'Sortie personnelle', 2, NULL, '2026-03-05 13:44:15', '2026-03-05 13:44:15'),
(724, 93, 2, 'entree', '2026-02-06 23:44:00', 'Retour cours', 2, 'Retard notable', '2026-03-05 13:44:15', '2026-03-05 13:44:15'),
(725, 95, 2, 'sortie', '2026-02-06 09:25:00', 'Cours', 4, 'Sortie en groupe', '2026-03-05 13:44:15', '2026-03-05 13:44:15'),
(726, 101, 1, 'sortie', '2026-02-06 08:57:00', 'Courses', 4, NULL, '2026-03-05 13:44:15', '2026-03-05 13:44:15'),
(727, 103, 1, 'sortie', '2026-02-06 07:34:00', 'Rendez-vous médical', 2, NULL, '2026-03-05 13:44:15', '2026-03-05 13:44:15'),
(728, 103, 1, 'entree', '2026-02-06 22:05:00', 'Retour cours', 5, 'Retard notable', '2026-03-05 13:44:15', '2026-03-05 13:44:15'),
(729, 106, 1, 'sortie', '2026-02-06 08:42:00', 'Restaurant', 2, NULL, '2026-03-05 13:44:15', '2026-03-05 13:44:15'),
(730, 1, 1, 'sortie', '2026-02-05 09:13:00', 'Cours', 5, NULL, '2026-03-05 13:44:15', '2026-03-05 13:44:15'),
(731, 5, 1, 'sortie', '2026-02-05 07:22:00', 'Bibliothèque', 6, NULL, '2026-03-05 13:44:15', '2026-03-05 13:44:15'),
(732, 5, 1, 'entree', '2026-02-05 23:53:00', 'Autre', 5, 'Retard notable', '2026-03-05 13:44:15', '2026-03-05 13:44:15'),
(733, 6, 1, 'sortie', '2026-02-05 08:13:00', 'Rendez-vous médical', 6, NULL, '2026-03-05 13:44:15', '2026-03-05 13:44:15'),
(734, 6, 1, 'entree', '2026-02-05 18:14:00', 'Retour bibliothèque', 3, NULL, '2026-03-05 13:44:15', '2026-03-05 13:44:15'),
(735, 9, 1, 'entree', '2026-02-05 23:47:00', 'Retour bibliothèque', 6, 'Retard notable', '2026-03-05 13:44:15', '2026-03-05 13:44:15'),
(736, 13, 1, 'sortie', '2026-02-05 09:57:00', 'Bibliothèque', 4, 'Sortie en groupe', '2026-03-05 13:44:15', '2026-03-05 13:44:15'),
(737, 13, 1, 'entree', '2026-02-05 20:09:00', 'Retour bibliothèque', 5, NULL, '2026-03-05 13:44:15', '2026-03-05 13:44:15'),
(738, 23, 1, 'sortie', '2026-02-05 08:26:00', 'Bibliothèque', 6, NULL, '2026-03-05 13:44:15', '2026-03-05 13:44:15'),
(739, 25, 1, 'sortie', '2026-02-05 07:38:00', 'Rendez-vous médical', 4, NULL, '2026-03-05 13:44:15', '2026-03-05 13:44:15'),
(740, 26, 1, 'entree', '2026-02-05 22:55:00', 'Retour restaurant', 5, 'Retard notable', '2026-03-05 13:44:15', '2026-03-05 13:44:15'),
(741, 28, 1, 'sortie', '2026-02-05 07:12:00', 'Rendez-vous médical', 2, NULL, '2026-03-05 13:44:15', '2026-03-05 13:44:15'),
(742, 28, 1, 'entree', '2026-02-05 19:10:00', 'Retour restaurant', 3, NULL, '2026-03-05 13:44:15', '2026-03-05 13:44:15'),
(743, 32, 1, 'sortie', '2026-02-05 09:43:00', 'Rendez-vous médical', 6, NULL, '2026-03-05 13:44:15', '2026-03-05 13:44:15'),
(744, 33, 1, 'sortie', '2026-02-05 07:28:00', 'Restaurant', 5, NULL, '2026-03-05 13:44:15', '2026-03-05 13:44:15'),
(745, 33, 1, 'entree', '2026-02-05 18:34:00', 'Retour famille', 5, NULL, '2026-03-05 13:44:15', '2026-03-05 13:44:15'),
(746, 34, 1, 'sortie', '2026-02-05 07:05:00', 'Sortie personnelle', 5, NULL, '2026-03-05 13:44:15', '2026-03-05 13:44:15'),
(747, 39, 1, 'sortie', '2026-02-05 08:17:00', 'Sortie personnelle', 5, NULL, '2026-03-05 13:44:15', '2026-03-05 13:44:15'),
(748, 39, 1, 'entree', '2026-02-05 19:35:00', 'Autre', 4, NULL, '2026-03-05 13:44:15', '2026-03-05 13:44:15'),
(749, 43, 1, 'sortie', '2026-02-05 08:48:00', 'Courses', 4, NULL, '2026-03-05 13:44:15', '2026-03-05 13:44:15'),
(750, 44, 1, 'sortie', '2026-02-05 07:01:00', 'Cours', 5, NULL, '2026-03-05 13:44:15', '2026-03-05 13:44:15'),
(751, 44, 1, 'entree', '2026-02-05 22:23:00', 'Retour bibliothèque', 5, 'Retard notable', '2026-03-05 13:44:15', '2026-03-05 13:44:15'),
(752, 45, 1, 'sortie', '2026-02-05 08:22:00', 'Restaurant', 4, NULL, '2026-03-05 13:44:15', '2026-03-05 13:44:15'),
(753, 46, 1, 'sortie', '2026-02-05 08:36:00', 'Restaurant', 5, NULL, '2026-03-05 13:44:15', '2026-03-05 13:44:15'),
(754, 47, 1, 'sortie', '2026-02-05 08:21:00', 'Rendez-vous médical', 4, NULL, '2026-03-05 13:44:15', '2026-03-05 13:44:15'),
(755, 56, 1, 'entree', '2026-02-05 18:28:00', 'Retour bibliothèque', 4, NULL, '2026-03-05 13:44:15', '2026-03-05 13:44:15'),
(756, 57, 1, 'sortie', '2026-02-05 08:59:00', 'Rendez-vous médical', 3, NULL, '2026-03-05 13:44:15', '2026-03-05 13:44:15'),
(757, 57, 1, 'entree', '2026-02-05 19:35:00', 'Retour bibliothèque', 2, NULL, '2026-03-05 13:44:15', '2026-03-05 13:44:15'),
(758, 67, 2, 'sortie', '2026-02-05 09:36:00', 'Restaurant', 2, NULL, '2026-03-05 13:44:15', '2026-03-05 13:44:15'),
(759, 67, 2, 'entree', '2026-02-05 23:17:00', 'Retour bibliothèque', 3, 'Retard notable', '2026-03-05 13:44:15', '2026-03-05 13:44:15'),
(760, 68, 2, 'sortie', '2026-02-05 09:19:00', 'Courses', 2, 'Sortie en groupe', '2026-03-05 13:44:15', '2026-03-05 13:44:15'),
(761, 68, 2, 'entree', '2026-02-05 21:24:00', 'Retour restaurant', 3, NULL, '2026-03-05 13:44:15', '2026-03-05 13:44:15'),
(762, 69, 2, 'sortie', '2026-02-05 08:07:00', 'Sortie personnelle', 6, NULL, '2026-03-05 13:44:15', '2026-03-05 13:44:15'),
(763, 78, 2, 'entree', '2026-02-05 23:47:00', 'Retour restaurant', 2, 'Retard notable', '2026-03-05 13:44:15', '2026-03-05 13:44:15'),
(764, 80, 2, 'sortie', '2026-02-05 08:15:00', 'Restaurant', 4, NULL, '2026-03-05 13:44:15', '2026-03-05 13:44:15'),
(765, 83, 2, 'sortie', '2026-02-05 09:22:00', 'Courses', 3, NULL, '2026-03-05 13:44:15', '2026-03-05 13:44:15'),
(766, 83, 2, 'entree', '2026-02-05 19:32:00', 'Retour famille', 2, NULL, '2026-03-05 13:44:15', '2026-03-05 13:44:15'),
(767, 85, 2, 'entree', '2026-02-05 23:10:00', 'Autre', 2, 'Retard notable', '2026-03-05 13:44:15', '2026-03-05 13:44:15'),
(768, 86, 2, 'sortie', '2026-02-05 07:39:00', 'Courses', 6, NULL, '2026-03-05 13:44:15', '2026-03-05 13:44:15'),
(769, 86, 2, 'entree', '2026-02-05 19:37:00', 'Retour famille', 6, NULL, '2026-03-05 13:44:15', '2026-03-05 13:44:15'),
(770, 88, 2, 'sortie', '2026-02-05 07:45:00', 'Bibliothèque', 4, NULL, '2026-03-05 13:44:15', '2026-03-05 13:44:15'),
(771, 88, 2, 'entree', '2026-02-05 18:01:00', 'Retour bibliothèque', 5, NULL, '2026-03-05 13:44:15', '2026-03-05 13:44:15'),
(772, 91, 2, 'sortie', '2026-02-05 07:59:00', 'Cours', 6, 'Sortie en groupe', '2026-03-05 13:44:15', '2026-03-05 13:44:15'),
(773, 91, 2, 'entree', '2026-02-05 18:21:00', 'Autre', 5, NULL, '2026-03-05 13:44:15', '2026-03-05 13:44:15'),
(774, 93, 2, 'sortie', '2026-02-05 09:04:00', 'Cours', 4, NULL, '2026-03-05 13:44:15', '2026-03-05 13:44:15'),
(775, 97, 1, 'entree', '2026-02-05 21:00:00', 'Retour cours', 5, NULL, '2026-03-05 13:44:15', '2026-03-05 13:44:15'),
(776, 98, 1, 'sortie', '2026-02-05 09:53:00', 'Bibliothèque', 4, NULL, '2026-03-05 13:44:15', '2026-03-05 13:44:15'),
(777, 99, 1, 'sortie', '2026-02-05 07:15:00', 'Restaurant', 4, 'Sortie en groupe', '2026-03-05 13:44:15', '2026-03-05 13:44:15'),
(778, 99, 1, 'entree', '2026-02-05 22:40:00', 'Retour restaurant', 3, 'Retard notable', '2026-03-05 13:44:15', '2026-03-05 13:44:15'),
(779, 101, 1, 'sortie', '2026-02-05 07:30:00', 'Restaurant', 3, NULL, '2026-03-05 13:44:15', '2026-03-05 13:44:15'),
(780, 106, 1, 'sortie', '2026-02-05 08:02:00', 'Courses', 5, NULL, '2026-03-05 13:44:15', '2026-03-05 13:44:15'),
(781, 106, 1, 'entree', '2026-02-05 22:02:00', 'Retour bibliothèque', 5, 'Retard notable', '2026-03-05 13:44:15', '2026-03-05 13:44:15'),
(782, 3, 1, 'sortie', '2026-02-04 09:10:00', 'Bibliothèque', 4, NULL, '2026-03-05 13:44:15', '2026-03-05 13:44:15'),
(783, 3, 1, 'entree', '2026-02-04 23:53:00', 'Autre', 5, 'Retard notable', '2026-03-05 13:44:15', '2026-03-05 13:44:15'),
(784, 5, 1, 'sortie', '2026-02-04 07:09:00', 'Rendez-vous médical', 4, NULL, '2026-03-05 13:44:15', '2026-03-05 13:44:15'),
(785, 5, 1, 'entree', '2026-02-04 21:43:00', 'Retour famille', 6, NULL, '2026-03-05 13:44:15', '2026-03-05 13:44:15'),
(786, 7, 1, 'sortie', '2026-02-04 07:20:00', 'Restaurant', 5, NULL, '2026-03-05 13:44:15', '2026-03-05 13:44:15'),
(787, 8, 1, 'entree', '2026-02-04 22:19:00', 'Retour cours', 6, 'Retard notable', '2026-03-05 13:44:15', '2026-03-05 13:44:15'),
(788, 9, 1, 'entree', '2026-02-04 22:35:00', 'Retour restaurant', 2, 'Retard notable', '2026-03-05 13:44:15', '2026-03-05 13:44:15'),
(789, 10, 1, 'sortie', '2026-02-04 07:17:00', 'Courses', 6, 'Sortie en groupe', '2026-03-05 13:44:15', '2026-03-05 13:44:15'),
(790, 11, 1, 'sortie', '2026-02-04 09:25:00', 'Bibliothèque', 3, NULL, '2026-03-05 13:44:15', '2026-03-05 13:44:15'),
(791, 11, 1, 'entree', '2026-02-04 22:37:00', 'Retour bibliothèque', 2, 'Retard notable', '2026-03-05 13:44:15', '2026-03-05 13:44:15'),
(792, 15, 1, 'sortie', '2026-02-04 09:06:00', 'Rendez-vous médical', 3, NULL, '2026-03-05 13:44:15', '2026-03-05 13:44:15'),
(793, 15, 1, 'entree', '2026-02-04 23:14:00', 'Retour famille', 2, 'Retard notable', '2026-03-05 13:44:15', '2026-03-05 13:44:15'),
(794, 17, 1, 'sortie', '2026-02-04 08:07:00', 'Cours', 6, NULL, '2026-03-05 13:44:15', '2026-03-05 13:44:15'),
(795, 17, 1, 'entree', '2026-02-04 19:50:00', 'Autre', 4, NULL, '2026-03-05 13:44:15', '2026-03-05 13:44:15'),
(796, 21, 1, 'entree', '2026-02-04 21:38:00', 'Retour famille', 6, NULL, '2026-03-05 13:44:15', '2026-03-05 13:44:15'),
(797, 22, 1, 'sortie', '2026-02-04 07:41:00', 'Bibliothèque', 5, 'Sortie en groupe', '2026-03-05 13:44:15', '2026-03-05 13:44:15'),
(798, 22, 1, 'entree', '2026-02-04 21:44:00', 'Retour famille', 2, NULL, '2026-03-05 13:44:15', '2026-03-05 13:44:15'),
(799, 23, 1, 'entree', '2026-02-04 18:20:00', 'Autre', 5, NULL, '2026-03-05 13:44:15', '2026-03-05 13:44:15'),
(800, 26, 1, 'sortie', '2026-02-04 07:07:00', 'Cours', 3, NULL, '2026-03-05 13:44:15', '2026-03-05 13:44:15'),
(801, 28, 1, 'sortie', '2026-02-04 09:04:00', 'Sortie personnelle', 5, NULL, '2026-03-05 13:44:15', '2026-03-05 13:44:15'),
(802, 28, 1, 'entree', '2026-02-04 21:38:00', 'Autre', 6, NULL, '2026-03-05 13:44:15', '2026-03-05 13:44:15'),
(803, 30, 1, 'sortie', '2026-02-04 09:48:00', 'Restaurant', 2, NULL, '2026-03-05 13:44:15', '2026-03-05 13:44:15'),
(804, 30, 1, 'entree', '2026-02-04 21:54:00', 'Autre', 3, NULL, '2026-03-05 13:44:15', '2026-03-05 13:44:15'),
(805, 39, 1, 'entree', '2026-02-04 21:04:00', 'Retour cours', 4, NULL, '2026-03-05 13:44:15', '2026-03-05 13:44:15'),
(806, 40, 1, 'sortie', '2026-02-04 07:33:00', 'Restaurant', 5, NULL, '2026-03-05 13:44:15', '2026-03-05 13:44:15'),
(807, 40, 1, 'entree', '2026-02-04 21:00:00', 'Retour famille', 6, NULL, '2026-03-05 13:44:15', '2026-03-05 13:44:15'),
(808, 44, 1, 'entree', '2026-02-04 18:05:00', 'Retour cours', 3, NULL, '2026-03-05 13:44:15', '2026-03-05 13:44:15'),
(809, 46, 1, 'entree', '2026-02-04 22:57:00', 'Retour restaurant', 4, 'Retard notable', '2026-03-05 13:44:15', '2026-03-05 13:44:15'),
(810, 47, 1, 'entree', '2026-02-04 21:29:00', 'Retour restaurant', 5, NULL, '2026-03-05 13:44:15', '2026-03-05 13:44:15'),
(811, 48, 1, 'sortie', '2026-02-04 09:32:00', 'Courses', 4, NULL, '2026-03-05 13:44:15', '2026-03-05 13:44:15'),
(812, 48, 1, 'entree', '2026-02-04 21:12:00', 'Retour famille', 4, NULL, '2026-03-05 13:44:15', '2026-03-05 13:44:15'),
(813, 49, 1, 'entree', '2026-02-04 22:50:00', 'Autre', 5, 'Retard notable', '2026-03-05 13:44:15', '2026-03-05 13:44:15'),
(814, 53, 1, 'entree', '2026-02-04 22:46:00', 'Retour bibliothèque', 4, 'Retard notable', '2026-03-05 13:44:15', '2026-03-05 13:44:15'),
(815, 56, 1, 'sortie', '2026-02-04 09:47:00', 'Courses', 3, NULL, '2026-03-05 13:44:15', '2026-03-05 13:44:15'),
(816, 56, 1, 'entree', '2026-02-04 18:44:00', 'Retour cours', 5, NULL, '2026-03-05 13:44:15', '2026-03-05 13:44:15'),
(817, 59, 2, 'sortie', '2026-02-04 07:13:00', 'Courses', 6, NULL, '2026-03-05 13:44:15', '2026-03-05 13:44:15'),
(818, 63, 2, 'sortie', '2026-02-04 09:47:00', 'Rendez-vous médical', 5, NULL, '2026-03-05 13:44:15', '2026-03-05 13:44:15'),
(819, 63, 2, 'entree', '2026-02-04 21:16:00', 'Retour famille', 4, NULL, '2026-03-05 13:44:15', '2026-03-05 13:44:15'),
(820, 64, 2, 'sortie', '2026-02-04 07:29:00', 'Courses', 4, NULL, '2026-03-05 13:44:15', '2026-03-05 13:44:15'),
(821, 65, 2, 'sortie', '2026-02-04 08:23:00', 'Sortie personnelle', 4, NULL, '2026-03-05 13:44:15', '2026-03-05 13:44:15'),
(822, 84, 2, 'entree', '2026-02-04 18:45:00', 'Retour cours', 6, NULL, '2026-03-05 13:44:15', '2026-03-05 13:44:15'),
(823, 85, 2, 'entree', '2026-02-04 21:56:00', 'Retour bibliothèque', 2, NULL, '2026-03-05 13:44:15', '2026-03-05 13:44:15'),
(824, 90, 2, 'entree', '2026-02-04 23:37:00', 'Retour famille', 2, 'Retard notable', '2026-03-05 13:44:15', '2026-03-05 13:44:15'),
(825, 91, 2, 'sortie', '2026-02-04 08:19:00', 'Restaurant', 2, 'Sortie en groupe', '2026-03-05 13:44:15', '2026-03-05 13:44:15'),
(826, 94, 2, 'sortie', '2026-02-04 08:51:00', 'Rendez-vous médical', 4, NULL, '2026-03-05 13:44:15', '2026-03-05 13:44:15'),
(827, 98, 1, 'sortie', '2026-02-04 08:25:00', 'Sortie personnelle', 5, NULL, '2026-03-05 13:44:15', '2026-03-05 13:44:15'),
(828, 98, 1, 'entree', '2026-02-04 19:32:00', 'Autre', 2, NULL, '2026-03-05 13:44:15', '2026-03-05 13:44:15'),
(829, 101, 1, 'sortie', '2026-02-04 09:38:00', 'Cours', 6, NULL, '2026-03-05 13:44:15', '2026-03-05 13:44:15'),
(830, 106, 1, 'entree', '2026-02-04 21:55:00', 'Retour bibliothèque', 6, NULL, '2026-03-05 13:44:15', '2026-03-05 13:44:15'),
(831, 2, 1, 'entree', '2026-02-03 21:35:00', 'Retour cours', 5, NULL, '2026-03-05 13:44:15', '2026-03-05 13:44:15'),
(832, 3, 1, 'sortie', '2026-02-03 09:44:00', 'Sortie personnelle', 2, NULL, '2026-03-05 13:44:15', '2026-03-05 13:44:15');
INSERT INTO `mouvements` (`id`, `etudiant_id`, `pavillon_id`, `type`, `date_heure`, `motif`, `enregistre_par`, `observations`, `created_at`, `updated_at`) VALUES
(833, 3, 1, 'entree', '2026-02-03 19:44:00', 'Retour restaurant', 2, NULL, '2026-03-05 13:44:15', '2026-03-05 13:44:15'),
(834, 7, 1, 'sortie', '2026-02-03 08:59:00', 'Sortie personnelle', 4, 'Sortie en groupe', '2026-03-05 13:44:15', '2026-03-05 13:44:15'),
(835, 9, 1, 'entree', '2026-02-03 21:07:00', 'Retour bibliothèque', 3, NULL, '2026-03-05 13:44:15', '2026-03-05 13:44:15'),
(836, 17, 1, 'entree', '2026-02-03 23:55:00', 'Autre', 2, 'Retard notable', '2026-03-05 13:44:15', '2026-03-05 13:44:15'),
(837, 18, 1, 'sortie', '2026-02-03 08:48:00', 'Restaurant', 2, NULL, '2026-03-05 13:44:15', '2026-03-05 13:44:15'),
(838, 18, 1, 'entree', '2026-02-03 21:35:00', 'Retour bibliothèque', 5, NULL, '2026-03-05 13:44:15', '2026-03-05 13:44:15'),
(839, 20, 1, 'entree', '2026-02-03 20:37:00', 'Retour restaurant', 6, NULL, '2026-03-05 13:44:15', '2026-03-05 13:44:15'),
(840, 22, 1, 'entree', '2026-02-03 19:30:00', 'Retour famille', 6, NULL, '2026-03-05 13:44:15', '2026-03-05 13:44:15'),
(841, 23, 1, 'entree', '2026-02-03 19:58:00', 'Autre', 6, NULL, '2026-03-05 13:44:15', '2026-03-05 13:44:15'),
(842, 28, 1, 'sortie', '2026-02-03 08:25:00', 'Cours', 6, NULL, '2026-03-05 13:44:15', '2026-03-05 13:44:15'),
(843, 37, 1, 'entree', '2026-02-03 19:40:00', 'Retour restaurant', 2, NULL, '2026-03-05 13:44:15', '2026-03-05 13:44:15'),
(844, 40, 1, 'sortie', '2026-02-03 07:26:00', 'Sortie personnelle', 5, NULL, '2026-03-05 13:44:15', '2026-03-05 13:44:15'),
(845, 40, 1, 'entree', '2026-02-03 19:43:00', 'Retour cours', 5, NULL, '2026-03-05 13:44:15', '2026-03-05 13:44:15'),
(846, 43, 1, 'sortie', '2026-02-03 09:28:00', 'Sortie personnelle', 3, NULL, '2026-03-05 13:44:15', '2026-03-05 13:44:15'),
(847, 43, 1, 'entree', '2026-02-03 20:17:00', 'Retour famille', 4, NULL, '2026-03-05 13:44:15', '2026-03-05 13:44:15'),
(848, 44, 1, 'sortie', '2026-02-03 09:42:00', 'Courses', 2, NULL, '2026-03-05 13:44:15', '2026-03-05 13:44:15'),
(849, 45, 1, 'sortie', '2026-02-03 08:04:00', 'Rendez-vous médical', 4, NULL, '2026-03-05 13:44:15', '2026-03-05 13:44:15'),
(850, 51, 1, 'sortie', '2026-02-03 09:00:00', 'Bibliothèque', 5, NULL, '2026-03-05 13:44:15', '2026-03-05 13:44:15'),
(851, 52, 1, 'sortie', '2026-02-03 07:32:00', 'Bibliothèque', 4, NULL, '2026-03-05 13:44:15', '2026-03-05 13:44:15'),
(852, 56, 1, 'sortie', '2026-02-03 08:26:00', 'Restaurant', 4, NULL, '2026-03-05 13:44:15', '2026-03-05 13:44:15'),
(853, 57, 1, 'sortie', '2026-02-03 09:28:00', 'Courses', 4, NULL, '2026-03-05 13:44:15', '2026-03-05 13:44:15'),
(854, 57, 1, 'entree', '2026-02-03 23:46:00', 'Retour restaurant', 5, 'Retard notable', '2026-03-05 13:44:15', '2026-03-05 13:44:15'),
(855, 59, 2, 'sortie', '2026-02-03 08:32:00', 'Cours', 2, NULL, '2026-03-05 13:44:15', '2026-03-05 13:44:15'),
(856, 62, 2, 'sortie', '2026-02-03 07:42:00', 'Rendez-vous médical', 4, NULL, '2026-03-05 13:44:15', '2026-03-05 13:44:15'),
(857, 62, 2, 'entree', '2026-02-03 18:46:00', 'Retour famille', 2, NULL, '2026-03-05 13:44:15', '2026-03-05 13:44:15'),
(858, 84, 2, 'sortie', '2026-02-03 08:56:00', 'Restaurant', 4, 'Sortie en groupe', '2026-03-05 13:44:15', '2026-03-05 13:44:15'),
(859, 85, 2, 'sortie', '2026-02-03 08:23:00', 'Restaurant', 3, NULL, '2026-03-05 13:44:15', '2026-03-05 13:44:15'),
(860, 85, 2, 'entree', '2026-02-03 19:11:00', 'Autre', 2, NULL, '2026-03-05 13:44:15', '2026-03-05 13:44:15'),
(861, 89, 2, 'entree', '2026-02-03 23:02:00', 'Retour restaurant', 6, 'Retard notable', '2026-03-05 13:44:15', '2026-03-05 13:44:15'),
(862, 91, 2, 'sortie', '2026-02-03 09:28:00', 'Bibliothèque', 4, NULL, '2026-03-05 13:44:15', '2026-03-05 13:44:15'),
(863, 91, 2, 'entree', '2026-02-03 19:27:00', 'Retour famille', 6, NULL, '2026-03-05 13:44:15', '2026-03-05 13:44:15'),
(864, 94, 2, 'sortie', '2026-02-03 07:14:00', 'Restaurant', 3, NULL, '2026-03-05 13:44:15', '2026-03-05 13:44:15'),
(865, 103, 1, 'sortie', '2026-02-03 08:01:00', 'Sortie personnelle', 6, NULL, '2026-03-05 13:44:15', '2026-03-05 13:44:15'),
(866, 103, 1, 'entree', '2026-02-03 20:17:00', 'Autre', 4, NULL, '2026-03-05 13:44:15', '2026-03-05 13:44:15'),
(867, 2, 1, 'sortie', '2026-03-05 08:31:00', 'Cours', 2, NULL, '2026-03-05 13:44:15', '2026-03-05 13:44:15'),
(868, 3, 1, 'sortie', '2026-03-05 09:58:00', 'Cours', 2, NULL, '2026-03-05 13:44:15', '2026-03-05 13:44:15'),
(869, 8, 1, 'sortie', '2026-03-05 07:56:00', 'Cours', 6, NULL, '2026-03-05 13:44:15', '2026-03-05 13:44:15'),
(870, 10, 1, 'sortie', '2026-03-05 07:36:00', 'Cours', 2, NULL, '2026-03-05 13:44:15', '2026-03-05 13:44:15'),
(871, 11, 1, 'sortie', '2026-03-05 09:10:00', 'Cours', 2, NULL, '2026-03-05 13:44:15', '2026-03-05 13:44:15'),
(872, 18, 1, 'sortie', '2026-03-05 07:56:00', 'Cours', 6, NULL, '2026-03-05 13:44:15', '2026-03-05 13:44:15'),
(873, 22, 1, 'sortie', '2026-03-05 08:59:00', 'Cours', 5, NULL, '2026-03-05 13:44:15', '2026-03-05 13:44:15'),
(874, 24, 1, 'sortie', '2026-03-05 07:22:00', 'Cours', 6, NULL, '2026-03-05 13:44:15', '2026-03-05 13:44:15'),
(875, 25, 1, 'sortie', '2026-03-05 07:43:00', 'Cours', 5, NULL, '2026-03-05 13:44:15', '2026-03-05 13:44:15'),
(876, 28, 1, 'sortie', '2026-03-05 08:05:00', 'Cours', 5, NULL, '2026-03-05 13:44:15', '2026-03-05 13:44:15'),
(877, 29, 1, 'sortie', '2026-03-05 07:14:00', 'Cours', 5, NULL, '2026-03-05 13:44:15', '2026-03-05 13:44:15'),
(878, 37, 1, 'sortie', '2026-03-05 08:05:00', 'Cours', 2, NULL, '2026-03-05 13:44:15', '2026-03-05 13:44:15'),
(879, 39, 1, 'sortie', '2026-03-05 07:12:00', 'Cours', 4, NULL, '2026-03-05 13:44:15', '2026-03-05 13:44:15'),
(880, 43, 1, 'sortie', '2026-03-05 07:40:00', 'Cours', 2, NULL, '2026-03-05 13:44:15', '2026-03-05 13:44:15'),
(881, 46, 1, 'sortie', '2026-03-05 07:04:00', 'Cours', 6, NULL, '2026-03-05 13:44:15', '2026-03-05 13:44:15'),
(882, 47, 1, 'sortie', '2026-03-05 07:09:00', 'Cours', 2, NULL, '2026-03-05 13:44:15', '2026-03-05 13:44:15'),
(883, 49, 1, 'sortie', '2026-03-05 08:57:00', 'Cours', 4, NULL, '2026-03-05 13:44:15', '2026-03-05 13:44:15'),
(884, 51, 1, 'sortie', '2026-03-05 08:49:00', 'Cours', 6, NULL, '2026-03-05 13:44:15', '2026-03-05 13:44:15'),
(885, 53, 1, 'sortie', '2026-03-05 07:46:00', 'Cours', 3, NULL, '2026-03-05 13:44:15', '2026-03-05 13:44:15'),
(886, 64, 2, 'sortie', '2026-03-05 07:07:00', 'Cours', 5, NULL, '2026-03-05 13:44:15', '2026-03-05 13:44:15'),
(887, 78, 2, 'sortie', '2026-03-05 07:12:00', 'Cours', 4, NULL, '2026-03-05 13:44:15', '2026-03-05 13:44:15'),
(888, 80, 2, 'sortie', '2026-03-05 07:29:00', 'Cours', 6, NULL, '2026-03-05 13:44:15', '2026-03-05 13:44:15'),
(889, 83, 2, 'sortie', '2026-03-05 09:02:00', 'Cours', 6, NULL, '2026-03-05 13:44:15', '2026-03-05 13:44:15'),
(890, 85, 2, 'sortie', '2026-03-05 08:08:00', 'Cours', 5, NULL, '2026-03-05 13:44:15', '2026-03-05 13:44:15'),
(891, 89, 2, 'sortie', '2026-03-05 08:54:00', 'Cours', 5, NULL, '2026-03-05 13:44:15', '2026-03-05 13:44:15'),
(892, 91, 2, 'sortie', '2026-03-05 08:31:00', 'Cours', 5, NULL, '2026-03-05 13:44:15', '2026-03-05 13:44:15'),
(893, 94, 2, 'sortie', '2026-03-05 08:56:00', 'Cours', 3, NULL, '2026-03-05 13:44:15', '2026-03-05 13:44:15'),
(894, 98, 1, 'sortie', '2026-03-05 09:16:00', 'Cours', 5, NULL, '2026-03-05 13:44:15', '2026-03-05 13:44:15'),
(895, 103, 1, 'sortie', '2026-03-05 07:04:00', 'Cours', 2, NULL, '2026-03-05 13:44:15', '2026-03-05 13:44:15'),
(896, 105, 1, 'sortie', '2026-03-05 07:22:00', 'Cours', 3, NULL, '2026-03-05 13:44:15', '2026-03-05 13:44:15');

-- --------------------------------------------------------

--
-- Table structure for table `password_reset_tokens`
--

CREATE TABLE `password_reset_tokens` (
  `email` varchar(255) NOT NULL,
  `token` varchar(255) NOT NULL,
  `created_at` timestamp NULL DEFAULT NULL
) ENGINE=InnoDB DEFAULT CHARSET=utf8mb4 COLLATE=utf8mb4_unicode_ci;

-- --------------------------------------------------------

--
-- Table structure for table `pavillons`
--

CREATE TABLE `pavillons` (
  `id` bigint(20) UNSIGNED NOT NULL,
  `type` enum('femme','homme') NOT NULL,
  `nombre_etages` int(11) NOT NULL DEFAULT 3,
  `created_at` timestamp NULL DEFAULT NULL,
  `updated_at` timestamp NULL DEFAULT NULL,
  `deleted_at` timestamp NULL DEFAULT NULL
) ENGINE=InnoDB DEFAULT CHARSET=utf8mb4 COLLATE=utf8mb4_unicode_ci;

--
-- Dumping data for table `pavillons`
--

INSERT INTO `pavillons` (`id`, `type`, `nombre_etages`, `created_at`, `updated_at`, `deleted_at`) VALUES
(1, 'homme', 4, '2026-03-05 13:44:13', '2026-03-05 13:44:13', NULL),
(2, 'femme', 3, '2026-03-05 13:44:13', '2026-03-05 13:44:13', NULL);

-- --------------------------------------------------------

--
-- Table structure for table `presences`
--

CREATE TABLE `presences` (
  `id` bigint(20) UNSIGNED NOT NULL,
  `etudiant_id` bigint(20) UNSIGNED NOT NULL,
  `date` date NOT NULL,
  `statut` enum('present','absent','justifie','exclu') NOT NULL DEFAULT 'present',
  `heure_entree` time DEFAULT NULL,
  `heure_sortie` time DEFAULT NULL,
  `justification` text DEFAULT NULL,
  `valide_par` bigint(20) UNSIGNED DEFAULT NULL,
  `created_at` timestamp NULL DEFAULT NULL,
  `updated_at` timestamp NULL DEFAULT NULL
) ENGINE=InnoDB DEFAULT CHARSET=utf8mb4 COLLATE=utf8mb4_unicode_ci;

--
-- Dumping data for table `presences`
--

INSERT INTO `presences` (`id`, `etudiant_id`, `date`, `statut`, `heure_entree`, `heure_sortie`, `justification`, `valide_par`, `created_at`, `updated_at`) VALUES
(1, 1, '2026-03-05', 'present', '22:01:00', '08:19:00', NULL, NULL, '2026-03-05 13:44:15', '2026-03-05 13:44:15'),
(2, 2, '2026-03-05', 'present', '19:43:00', '06:56:00', NULL, NULL, '2026-03-05 13:44:15', '2026-03-05 13:44:15'),
(3, 3, '2026-03-05', 'present', '21:14:00', '06:17:00', NULL, NULL, '2026-03-05 13:44:15', '2026-03-05 13:44:15'),
(4, 4, '2026-03-05', 'present', '21:48:00', '08:52:00', NULL, NULL, '2026-03-05 13:44:15', '2026-03-05 13:44:15'),
(5, 5, '2026-03-05', 'present', '20:06:00', '06:05:00', NULL, NULL, '2026-03-05 13:44:15', '2026-03-05 13:44:15'),
(6, 6, '2026-03-05', 'present', '20:20:00', '06:42:00', NULL, NULL, '2026-03-05 13:44:15', '2026-03-05 13:44:15'),
(7, 7, '2026-03-05', 'present', '18:10:00', '08:50:00', NULL, NULL, '2026-03-05 13:44:15', '2026-03-05 13:44:15'),
(8, 8, '2026-03-05', 'present', '22:41:00', '07:36:00', NULL, NULL, '2026-03-05 13:44:15', '2026-03-05 13:44:15'),
(9, 9, '2026-03-05', 'absent', NULL, NULL, NULL, NULL, '2026-03-05 13:44:15', '2026-03-05 13:44:15'),
(10, 10, '2026-03-05', 'present', '19:01:00', '06:12:00', NULL, NULL, '2026-03-05 13:44:15', '2026-03-05 13:44:15'),
(11, 11, '2026-03-05', 'present', '21:00:00', '08:29:00', NULL, NULL, '2026-03-05 13:44:15', '2026-03-05 13:44:15'),
(12, 12, '2026-03-05', 'present', '22:49:00', '08:08:00', NULL, NULL, '2026-03-05 13:44:15', '2026-03-05 13:44:15'),
(13, 13, '2026-03-05', 'present', '21:27:00', '08:57:00', NULL, NULL, '2026-03-05 13:44:15', '2026-03-05 13:44:15'),
(14, 14, '2026-03-05', 'present', '20:01:00', '07:47:00', NULL, NULL, '2026-03-05 13:44:15', '2026-03-05 13:44:15'),
(15, 15, '2026-03-05', 'present', '22:14:00', '06:16:00', NULL, NULL, '2026-03-05 13:44:15', '2026-03-05 13:44:15'),
(16, 16, '2026-03-05', 'present', '19:40:00', '08:14:00', NULL, NULL, '2026-03-05 13:44:15', '2026-03-05 13:44:15'),
(17, 17, '2026-03-05', 'present', '21:28:00', '06:03:00', NULL, NULL, '2026-03-05 13:44:15', '2026-03-05 13:44:15'),
(18, 18, '2026-03-05', 'present', '19:13:00', '06:43:00', NULL, NULL, '2026-03-05 13:44:15', '2026-03-05 13:44:15'),
(19, 19, '2026-03-05', 'exclu', NULL, NULL, NULL, NULL, '2026-03-05 13:44:15', '2026-03-05 13:44:15'),
(20, 20, '2026-03-05', 'present', '20:46:00', '06:53:00', NULL, NULL, '2026-03-05 13:44:15', '2026-03-05 13:44:15'),
(21, 21, '2026-03-05', 'present', '20:55:00', '07:22:00', NULL, NULL, '2026-03-05 13:44:15', '2026-03-05 13:44:15'),
(22, 22, '2026-03-05', 'present', '22:07:00', '07:12:00', NULL, NULL, '2026-03-05 13:44:15', '2026-03-05 13:44:15'),
(23, 23, '2026-03-05', 'present', '21:08:00', '06:44:00', NULL, NULL, '2026-03-05 13:44:15', '2026-03-05 13:44:15'),
(24, 24, '2026-03-05', 'present', '19:02:00', '06:42:00', NULL, NULL, '2026-03-05 13:44:15', '2026-03-05 13:44:15'),
(25, 25, '2026-03-05', 'present', '20:28:00', '08:25:00', NULL, NULL, '2026-03-05 13:44:15', '2026-03-05 13:44:15'),
(26, 26, '2026-03-05', 'present', '21:30:00', '06:57:00', NULL, NULL, '2026-03-05 13:44:15', '2026-03-05 13:44:15'),
(27, 27, '2026-03-05', 'present', '20:12:00', '08:49:00', NULL, NULL, '2026-03-05 13:44:15', '2026-03-05 13:44:15'),
(28, 28, '2026-03-05', 'present', '20:07:00', '06:02:00', NULL, NULL, '2026-03-05 13:44:15', '2026-03-05 13:44:15'),
(29, 29, '2026-03-05', 'present', '18:04:00', '08:37:00', NULL, NULL, '2026-03-05 13:44:15', '2026-03-05 13:44:15'),
(30, 30, '2026-03-05', 'present', '19:41:00', '06:04:00', NULL, NULL, '2026-03-05 13:44:15', '2026-03-05 13:44:15'),
(31, 31, '2026-03-05', 'present', '20:30:00', '08:49:00', NULL, NULL, '2026-03-05 13:44:15', '2026-03-05 13:44:15'),
(32, 32, '2026-03-05', 'present', '18:36:00', '08:36:00', NULL, NULL, '2026-03-05 13:44:15', '2026-03-05 13:44:15'),
(33, 33, '2026-03-05', 'present', '19:23:00', '06:44:00', NULL, NULL, '2026-03-05 13:44:15', '2026-03-05 13:44:15'),
(34, 34, '2026-03-05', 'present', '22:31:00', '07:07:00', NULL, NULL, '2026-03-05 13:44:15', '2026-03-05 13:44:15'),
(35, 35, '2026-03-05', 'present', '20:58:00', '08:43:00', NULL, NULL, '2026-03-05 13:44:15', '2026-03-05 13:44:15'),
(36, 36, '2026-03-05', 'present', '20:43:00', '06:24:00', NULL, NULL, '2026-03-05 13:44:15', '2026-03-05 13:44:15'),
(37, 37, '2026-03-05', 'exclu', NULL, NULL, NULL, NULL, '2026-03-05 13:44:15', '2026-03-05 13:44:15'),
(38, 38, '2026-03-05', 'present', '19:29:00', '07:16:00', NULL, NULL, '2026-03-05 13:44:15', '2026-03-05 13:44:15'),
(39, 39, '2026-03-05', 'present', '20:45:00', '06:21:00', NULL, NULL, '2026-03-05 13:44:15', '2026-03-05 13:44:15'),
(40, 40, '2026-03-05', 'present', '19:14:00', '08:13:00', NULL, NULL, '2026-03-05 13:44:15', '2026-03-05 13:44:15'),
(41, 41, '2026-03-05', 'present', '22:39:00', '06:08:00', NULL, NULL, '2026-03-05 13:44:15', '2026-03-05 13:44:15'),
(42, 42, '2026-03-05', 'present', '18:58:00', '08:05:00', NULL, NULL, '2026-03-05 13:44:15', '2026-03-05 13:44:15'),
(43, 43, '2026-03-05', 'present', '22:32:00', '08:04:00', NULL, NULL, '2026-03-05 13:44:15', '2026-03-05 13:44:15'),
(44, 44, '2026-03-05', 'present', '18:54:00', '06:05:00', NULL, NULL, '2026-03-05 13:44:15', '2026-03-05 13:44:15'),
(45, 45, '2026-03-05', 'present', '21:58:00', '06:00:00', NULL, NULL, '2026-03-05 13:44:15', '2026-03-05 13:44:15'),
(46, 46, '2026-03-05', 'present', '21:37:00', '08:12:00', NULL, NULL, '2026-03-05 13:44:15', '2026-03-05 13:44:15'),
(47, 47, '2026-03-05', 'present', '19:31:00', '08:28:00', NULL, NULL, '2026-03-05 13:44:15', '2026-03-05 13:44:15'),
(48, 48, '2026-03-05', 'present', '21:24:00', '06:39:00', NULL, NULL, '2026-03-05 13:44:15', '2026-03-05 13:44:15'),
(49, 49, '2026-03-05', 'present', '19:24:00', '07:12:00', NULL, NULL, '2026-03-05 13:44:15', '2026-03-05 13:44:15'),
(50, 50, '2026-03-05', 'present', '21:34:00', '07:43:00', NULL, NULL, '2026-03-05 13:44:15', '2026-03-05 13:44:15'),
(51, 51, '2026-03-05', 'present', '19:38:00', '08:20:00', NULL, NULL, '2026-03-05 13:44:15', '2026-03-05 13:44:15'),
(52, 52, '2026-03-05', 'present', '22:50:00', '08:11:00', NULL, NULL, '2026-03-05 13:44:15', '2026-03-05 13:44:15'),
(53, 53, '2026-03-05', 'present', '19:37:00', '07:48:00', NULL, NULL, '2026-03-05 13:44:15', '2026-03-05 13:44:15'),
(54, 54, '2026-03-05', 'present', '20:39:00', '08:59:00', NULL, NULL, '2026-03-05 13:44:15', '2026-03-05 13:44:15'),
(55, 55, '2026-03-05', 'justifie', '18:09:00', '06:18:00', 'Certificat médical / Autorisation spéciale', 3, '2026-03-05 13:44:15', '2026-03-05 13:44:15'),
(56, 56, '2026-03-05', 'present', '21:32:00', '08:07:00', NULL, NULL, '2026-03-05 13:44:15', '2026-03-05 13:44:15'),
(57, 57, '2026-03-05', 'present', '21:27:00', '07:42:00', NULL, NULL, '2026-03-05 13:44:15', '2026-03-05 13:44:15'),
(58, 58, '2026-03-05', 'present', '20:18:00', '06:58:00', NULL, NULL, '2026-03-05 13:44:15', '2026-03-05 13:44:15'),
(59, 59, '2026-03-05', 'justifie', '21:28:00', '08:34:00', 'Certificat médical / Autorisation spéciale', 6, '2026-03-05 13:44:15', '2026-03-05 13:44:15'),
(60, 60, '2026-03-05', 'present', '21:59:00', '08:26:00', NULL, NULL, '2026-03-05 13:44:15', '2026-03-05 13:44:15'),
(61, 61, '2026-03-05', 'present', '19:48:00', '06:35:00', NULL, NULL, '2026-03-05 13:44:15', '2026-03-05 13:44:15'),
(62, 62, '2026-03-05', 'present', '22:49:00', '08:39:00', NULL, NULL, '2026-03-05 13:44:15', '2026-03-05 13:44:15'),
(63, 63, '2026-03-05', 'present', '20:40:00', '07:06:00', NULL, NULL, '2026-03-05 13:44:15', '2026-03-05 13:44:15'),
(64, 64, '2026-03-05', 'present', '19:28:00', '06:07:00', NULL, NULL, '2026-03-05 13:44:15', '2026-03-05 13:44:15'),
(65, 65, '2026-03-05', 'present', '18:36:00', '08:57:00', NULL, NULL, '2026-03-05 13:44:15', '2026-03-05 13:44:15'),
(66, 66, '2026-03-05', 'present', '18:17:00', '06:21:00', NULL, NULL, '2026-03-05 13:44:15', '2026-03-05 13:44:15'),
(67, 67, '2026-03-05', 'present', '22:33:00', '08:33:00', NULL, NULL, '2026-03-05 13:44:15', '2026-03-05 13:44:15'),
(68, 68, '2026-03-05', 'present', '21:36:00', '08:54:00', NULL, NULL, '2026-03-05 13:44:15', '2026-03-05 13:44:15'),
(69, 69, '2026-03-05', 'absent', NULL, NULL, NULL, NULL, '2026-03-05 13:44:15', '2026-03-05 13:44:15'),
(70, 70, '2026-03-05', 'present', '20:14:00', '07:26:00', NULL, NULL, '2026-03-05 13:44:15', '2026-03-05 13:44:15'),
(71, 71, '2026-03-05', 'present', '18:33:00', '07:52:00', NULL, NULL, '2026-03-05 13:44:15', '2026-03-05 13:44:15'),
(72, 72, '2026-03-05', 'present', '21:00:00', '06:45:00', NULL, NULL, '2026-03-05 13:44:15', '2026-03-05 13:44:15'),
(73, 73, '2026-03-05', 'exclu', NULL, NULL, NULL, NULL, '2026-03-05 13:44:15', '2026-03-05 13:44:15'),
(74, 74, '2026-03-05', 'absent', NULL, NULL, NULL, NULL, '2026-03-05 13:44:15', '2026-03-05 13:44:15'),
(75, 75, '2026-03-05', 'present', '21:31:00', '08:09:00', NULL, NULL, '2026-03-05 13:44:15', '2026-03-05 13:44:15'),
(76, 76, '2026-03-05', 'present', '18:43:00', '06:16:00', NULL, NULL, '2026-03-05 13:44:15', '2026-03-05 13:44:15'),
(77, 77, '2026-03-05', 'present', '20:04:00', '07:42:00', NULL, NULL, '2026-03-05 13:44:15', '2026-03-05 13:44:15'),
(78, 78, '2026-03-05', 'present', '21:23:00', '08:05:00', NULL, NULL, '2026-03-05 13:44:15', '2026-03-05 13:44:15'),
(79, 79, '2026-03-05', 'justifie', '19:22:00', '06:41:00', 'Certificat médical / Autorisation spéciale', 6, '2026-03-05 13:44:15', '2026-03-05 13:44:15'),
(80, 80, '2026-03-05', 'present', '22:11:00', '08:50:00', NULL, NULL, '2026-03-05 13:44:15', '2026-03-05 13:44:15'),
(81, 81, '2026-03-05', 'present', '19:13:00', '07:04:00', NULL, NULL, '2026-03-05 13:44:15', '2026-03-05 13:44:15'),
(82, 82, '2026-03-05', 'present', '22:39:00', '07:09:00', NULL, NULL, '2026-03-05 13:44:15', '2026-03-05 13:44:15'),
(83, 83, '2026-03-05', 'present', '19:40:00', '08:24:00', NULL, NULL, '2026-03-05 13:44:15', '2026-03-05 13:44:15'),
(84, 84, '2026-03-05', 'present', '19:34:00', '08:03:00', NULL, NULL, '2026-03-05 13:44:15', '2026-03-05 13:44:15'),
(85, 85, '2026-03-05', 'present', '18:13:00', '07:40:00', NULL, NULL, '2026-03-05 13:44:15', '2026-03-05 13:44:15'),
(86, 86, '2026-03-05', 'present', '22:13:00', '08:59:00', NULL, NULL, '2026-03-05 13:44:15', '2026-03-05 13:44:15'),
(87, 87, '2026-03-05', 'present', '20:50:00', '07:49:00', NULL, NULL, '2026-03-05 13:44:15', '2026-03-05 13:44:15'),
(88, 88, '2026-03-05', 'present', '18:25:00', '08:19:00', NULL, NULL, '2026-03-05 13:44:15', '2026-03-05 13:44:15'),
(89, 89, '2026-03-05', 'present', '22:52:00', '08:54:00', NULL, NULL, '2026-03-05 13:44:15', '2026-03-05 13:44:15'),
(90, 90, '2026-03-05', 'present', '19:46:00', '07:49:00', NULL, NULL, '2026-03-05 13:44:15', '2026-03-05 13:44:15'),
(91, 91, '2026-03-05', 'present', '18:29:00', '08:18:00', NULL, NULL, '2026-03-05 13:44:15', '2026-03-05 13:44:15'),
(92, 92, '2026-03-05', 'present', '18:00:00', '08:05:00', NULL, NULL, '2026-03-05 13:44:15', '2026-03-05 13:44:15'),
(93, 93, '2026-03-05', 'present', '20:42:00', '06:39:00', NULL, NULL, '2026-03-05 13:44:15', '2026-03-05 13:44:15'),
(94, 94, '2026-03-05', 'present', '22:16:00', '08:48:00', NULL, NULL, '2026-03-05 13:44:15', '2026-03-05 13:44:15'),
(95, 95, '2026-03-05', 'present', '18:28:00', '08:19:00', NULL, NULL, '2026-03-05 13:44:15', '2026-03-05 13:44:15'),
(96, 96, '2026-03-05', 'present', '19:43:00', '06:13:00', NULL, NULL, '2026-03-05 13:44:15', '2026-03-05 13:44:15'),
(97, 97, '2026-03-05', 'present', '22:26:00', '07:08:00', NULL, NULL, '2026-03-05 13:44:15', '2026-03-05 13:44:15'),
(98, 98, '2026-03-05', 'present', '18:58:00', '07:45:00', NULL, NULL, '2026-03-05 13:44:15', '2026-03-05 13:44:15'),
(99, 99, '2026-03-05', 'present', '20:15:00', '07:13:00', NULL, NULL, '2026-03-05 13:44:15', '2026-03-05 13:44:15'),
(100, 100, '2026-03-05', 'absent', NULL, NULL, NULL, NULL, '2026-03-05 13:44:15', '2026-03-05 13:44:15'),
(101, 101, '2026-03-05', 'present', '20:40:00', '08:26:00', NULL, NULL, '2026-03-05 13:44:15', '2026-03-05 13:44:15'),
(102, 102, '2026-03-05', 'present', '22:55:00', '08:06:00', NULL, NULL, '2026-03-05 13:44:15', '2026-03-05 13:44:15'),
(103, 103, '2026-03-05', 'present', '19:57:00', '08:10:00', NULL, NULL, '2026-03-05 13:44:15', '2026-03-05 13:44:15'),
(104, 104, '2026-03-05', 'absent', NULL, NULL, NULL, NULL, '2026-03-05 13:44:15', '2026-03-05 13:44:15'),
(105, 105, '2026-03-05', 'present', '22:05:00', '07:16:00', NULL, NULL, '2026-03-05 13:44:15', '2026-03-05 13:44:15'),
(106, 106, '2026-03-05', 'present', '20:27:00', '08:54:00', NULL, NULL, '2026-03-05 13:44:15', '2026-03-05 13:44:15'),
(107, 1, '2026-03-04', 'present', '22:36:00', '08:01:00', NULL, NULL, '2026-03-05 13:44:15', '2026-03-05 13:44:15'),
(108, 2, '2026-03-04', 'present', '21:20:00', '07:28:00', NULL, NULL, '2026-03-05 13:44:15', '2026-03-05 13:44:15'),
(109, 3, '2026-03-04', 'present', '22:07:00', '08:04:00', NULL, NULL, '2026-03-05 13:44:15', '2026-03-05 13:44:15'),
(110, 4, '2026-03-04', 'present', '19:53:00', '06:11:00', NULL, NULL, '2026-03-05 13:44:15', '2026-03-05 13:44:15'),
(111, 5, '2026-03-04', 'absent', NULL, NULL, NULL, NULL, '2026-03-05 13:44:15', '2026-03-05 13:44:15'),
(112, 6, '2026-03-04', 'absent', NULL, NULL, NULL, NULL, '2026-03-05 13:44:15', '2026-03-05 13:44:15'),
(113, 7, '2026-03-04', 'present', '21:54:00', '07:29:00', NULL, NULL, '2026-03-05 13:44:15', '2026-03-05 13:44:15'),
(114, 8, '2026-03-04', 'present', '20:35:00', '06:21:00', NULL, NULL, '2026-03-05 13:44:15', '2026-03-05 13:44:15'),
(115, 9, '2026-03-04', 'present', '22:10:00', '06:25:00', NULL, NULL, '2026-03-05 13:44:15', '2026-03-05 13:44:15'),
(116, 10, '2026-03-04', 'present', '22:11:00', '08:43:00', NULL, NULL, '2026-03-05 13:44:15', '2026-03-05 13:44:15'),
(117, 11, '2026-03-04', 'present', '18:18:00', '08:11:00', NULL, NULL, '2026-03-05 13:44:15', '2026-03-05 13:44:15'),
(118, 12, '2026-03-04', 'justifie', '22:49:00', '07:29:00', 'Certificat médical / Autorisation spéciale', 5, '2026-03-05 13:44:15', '2026-03-05 13:44:15'),
(119, 13, '2026-03-04', 'present', '18:41:00', '06:17:00', NULL, NULL, '2026-03-05 13:44:15', '2026-03-05 13:44:15'),
(120, 14, '2026-03-04', 'present', '19:40:00', '07:31:00', NULL, NULL, '2026-03-05 13:44:15', '2026-03-05 13:44:15'),
(121, 15, '2026-03-04', 'present', '20:50:00', '07:43:00', NULL, NULL, '2026-03-05 13:44:15', '2026-03-05 13:44:15'),
(122, 16, '2026-03-04', 'present', '21:14:00', '07:34:00', NULL, NULL, '2026-03-05 13:44:15', '2026-03-05 13:44:15'),
(123, 17, '2026-03-04', 'present', '22:26:00', '07:25:00', NULL, NULL, '2026-03-05 13:44:15', '2026-03-05 13:44:15'),
(124, 18, '2026-03-04', 'present', '20:36:00', '08:45:00', NULL, NULL, '2026-03-05 13:44:15', '2026-03-05 13:44:15'),
(125, 19, '2026-03-04', 'present', '21:18:00', '07:22:00', NULL, NULL, '2026-03-05 13:44:15', '2026-03-05 13:44:15'),
(126, 20, '2026-03-04', 'present', '22:40:00', '07:39:00', NULL, NULL, '2026-03-05 13:44:15', '2026-03-05 13:44:15'),
(127, 21, '2026-03-04', 'present', '20:03:00', '06:37:00', NULL, NULL, '2026-03-05 13:44:15', '2026-03-05 13:44:15'),
(128, 22, '2026-03-04', 'present', '21:51:00', '06:50:00', NULL, NULL, '2026-03-05 13:44:15', '2026-03-05 13:44:15'),
(129, 23, '2026-03-04', 'present', '20:38:00', '08:24:00', NULL, NULL, '2026-03-05 13:44:15', '2026-03-05 13:44:15'),
(130, 24, '2026-03-04', 'present', '20:39:00', '06:21:00', NULL, NULL, '2026-03-05 13:44:15', '2026-03-05 13:44:15'),
(131, 25, '2026-03-04', 'present', '18:48:00', '07:08:00', NULL, NULL, '2026-03-05 13:44:15', '2026-03-05 13:44:15'),
(132, 26, '2026-03-04', 'present', '20:23:00', '07:39:00', NULL, NULL, '2026-03-05 13:44:15', '2026-03-05 13:44:15'),
(133, 27, '2026-03-04', 'present', '18:41:00', '08:26:00', NULL, NULL, '2026-03-05 13:44:15', '2026-03-05 13:44:15'),
(134, 28, '2026-03-04', 'justifie', '19:11:00', '06:15:00', 'Certificat médical / Autorisation spéciale', 3, '2026-03-05 13:44:15', '2026-03-05 13:44:15'),
(135, 29, '2026-03-04', 'exclu', NULL, NULL, NULL, NULL, '2026-03-05 13:44:15', '2026-03-05 13:44:15'),
(136, 30, '2026-03-04', 'present', '21:09:00', '07:00:00', NULL, NULL, '2026-03-05 13:44:15', '2026-03-05 13:44:15'),
(137, 31, '2026-03-04', 'present', '18:35:00', '07:44:00', NULL, NULL, '2026-03-05 13:44:15', '2026-03-05 13:44:15'),
(138, 32, '2026-03-04', 'present', '22:17:00', '08:28:00', NULL, NULL, '2026-03-05 13:44:15', '2026-03-05 13:44:15'),
(139, 33, '2026-03-04', 'present', '19:15:00', '08:44:00', NULL, NULL, '2026-03-05 13:44:15', '2026-03-05 13:44:15'),
(140, 34, '2026-03-04', 'present', '22:28:00', '06:43:00', NULL, NULL, '2026-03-05 13:44:15', '2026-03-05 13:44:15'),
(141, 35, '2026-03-04', 'present', '19:50:00', '07:39:00', NULL, NULL, '2026-03-05 13:44:15', '2026-03-05 13:44:15'),
(142, 36, '2026-03-04', 'present', '22:40:00', '07:51:00', NULL, NULL, '2026-03-05 13:44:15', '2026-03-05 13:44:15'),
(143, 37, '2026-03-04', 'present', '21:39:00', '06:00:00', NULL, NULL, '2026-03-05 13:44:15', '2026-03-05 13:44:15'),
(144, 38, '2026-03-04', 'present', '22:39:00', '08:19:00', NULL, NULL, '2026-03-05 13:44:15', '2026-03-05 13:44:15'),
(145, 39, '2026-03-04', 'absent', NULL, NULL, NULL, NULL, '2026-03-05 13:44:15', '2026-03-05 13:44:15'),
(146, 40, '2026-03-04', 'present', '21:24:00', '06:31:00', NULL, NULL, '2026-03-05 13:44:15', '2026-03-05 13:44:15'),
(147, 41, '2026-03-04', 'present', '19:58:00', '07:01:00', NULL, NULL, '2026-03-05 13:44:15', '2026-03-05 13:44:15'),
(148, 42, '2026-03-04', 'exclu', NULL, NULL, NULL, NULL, '2026-03-05 13:44:15', '2026-03-05 13:44:15'),
(149, 43, '2026-03-04', 'present', '22:07:00', '07:22:00', NULL, NULL, '2026-03-05 13:44:15', '2026-03-05 13:44:15'),
(150, 44, '2026-03-04', 'present', '20:58:00', '06:09:00', NULL, NULL, '2026-03-05 13:44:15', '2026-03-05 13:44:15'),
(151, 45, '2026-03-04', 'present', '19:08:00', '07:23:00', NULL, NULL, '2026-03-05 13:44:15', '2026-03-05 13:44:15'),
(152, 46, '2026-03-04', 'justifie', '19:58:00', '07:02:00', 'Certificat médical / Autorisation spéciale', 4, '2026-03-05 13:44:15', '2026-03-05 13:44:15'),
(153, 47, '2026-03-04', 'present', '20:34:00', '07:56:00', NULL, NULL, '2026-03-05 13:44:15', '2026-03-05 13:44:15'),
(154, 48, '2026-03-04', 'justifie', '22:13:00', '06:10:00', 'Certificat médical / Autorisation spéciale', 2, '2026-03-05 13:44:15', '2026-03-05 13:44:15'),
(155, 49, '2026-03-04', 'present', '19:16:00', '06:17:00', NULL, NULL, '2026-03-05 13:44:15', '2026-03-05 13:44:15'),
(156, 50, '2026-03-04', 'present', '22:59:00', '07:21:00', NULL, NULL, '2026-03-05 13:44:15', '2026-03-05 13:44:15'),
(157, 51, '2026-03-04', 'present', '18:50:00', '07:00:00', NULL, NULL, '2026-03-05 13:44:15', '2026-03-05 13:44:15'),
(158, 52, '2026-03-04', 'absent', NULL, NULL, NULL, NULL, '2026-03-05 13:44:15', '2026-03-05 13:44:15'),
(159, 53, '2026-03-04', 'present', '19:02:00', '06:44:00', NULL, NULL, '2026-03-05 13:44:15', '2026-03-05 13:44:15'),
(160, 54, '2026-03-04', 'present', '20:26:00', '06:50:00', NULL, NULL, '2026-03-05 13:44:15', '2026-03-05 13:44:15'),
(161, 55, '2026-03-04', 'present', '19:50:00', '07:30:00', NULL, NULL, '2026-03-05 13:44:15', '2026-03-05 13:44:15'),
(162, 56, '2026-03-04', 'present', '22:48:00', '06:17:00', NULL, NULL, '2026-03-05 13:44:15', '2026-03-05 13:44:15'),
(163, 57, '2026-03-04', 'present', '20:17:00', '07:25:00', NULL, NULL, '2026-03-05 13:44:15', '2026-03-05 13:44:15'),
(164, 58, '2026-03-04', 'justifie', '20:10:00', '08:28:00', 'Certificat médical / Autorisation spéciale', 5, '2026-03-05 13:44:15', '2026-03-05 13:44:15'),
(165, 59, '2026-03-04', 'present', '21:45:00', '08:05:00', NULL, NULL, '2026-03-05 13:44:15', '2026-03-05 13:44:15'),
(166, 60, '2026-03-04', 'present', '18:25:00', '07:08:00', NULL, NULL, '2026-03-05 13:44:15', '2026-03-05 13:44:15'),
(167, 61, '2026-03-04', 'present', '18:22:00', '07:24:00', NULL, NULL, '2026-03-05 13:44:15', '2026-03-05 13:44:15'),
(168, 62, '2026-03-04', 'present', '21:53:00', '08:30:00', NULL, NULL, '2026-03-05 13:44:15', '2026-03-05 13:44:15'),
(169, 63, '2026-03-04', 'present', '20:58:00', '06:29:00', NULL, NULL, '2026-03-05 13:44:15', '2026-03-05 13:44:15'),
(170, 64, '2026-03-04', 'present', '22:38:00', '07:09:00', NULL, NULL, '2026-03-05 13:44:15', '2026-03-05 13:44:15'),
(171, 65, '2026-03-04', 'present', '21:36:00', '08:43:00', NULL, NULL, '2026-03-05 13:44:15', '2026-03-05 13:44:15'),
(172, 66, '2026-03-04', 'present', '19:22:00', '06:46:00', NULL, NULL, '2026-03-05 13:44:15', '2026-03-05 13:44:15'),
(173, 67, '2026-03-04', 'present', '20:35:00', '07:01:00', NULL, NULL, '2026-03-05 13:44:15', '2026-03-05 13:44:15'),
(174, 68, '2026-03-04', 'justifie', '21:11:00', '06:27:00', 'Certificat médical / Autorisation spéciale', 2, '2026-03-05 13:44:15', '2026-03-05 13:44:15'),
(175, 69, '2026-03-04', 'present', '21:02:00', '06:16:00', NULL, NULL, '2026-03-05 13:44:15', '2026-03-05 13:44:15'),
(176, 70, '2026-03-04', 'present', '22:27:00', '08:03:00', NULL, NULL, '2026-03-05 13:44:15', '2026-03-05 13:44:15'),
(177, 71, '2026-03-04', 'present', '18:31:00', '06:45:00', NULL, NULL, '2026-03-05 13:44:15', '2026-03-05 13:44:15'),
(178, 72, '2026-03-04', 'present', '18:42:00', '07:34:00', NULL, NULL, '2026-03-05 13:44:15', '2026-03-05 13:44:15'),
(179, 73, '2026-03-04', 'present', '21:39:00', '08:48:00', NULL, NULL, '2026-03-05 13:44:15', '2026-03-05 13:44:15'),
(180, 74, '2026-03-04', 'absent', NULL, NULL, NULL, NULL, '2026-03-05 13:44:15', '2026-03-05 13:44:15'),
(181, 75, '2026-03-04', 'present', '21:18:00', '06:45:00', NULL, NULL, '2026-03-05 13:44:15', '2026-03-05 13:44:15'),
(182, 76, '2026-03-04', 'present', '22:23:00', '06:17:00', NULL, NULL, '2026-03-05 13:44:15', '2026-03-05 13:44:15'),
(183, 77, '2026-03-04', 'present', '20:32:00', '08:23:00', NULL, NULL, '2026-03-05 13:44:15', '2026-03-05 13:44:15'),
(184, 78, '2026-03-04', 'present', '22:07:00', '07:20:00', NULL, NULL, '2026-03-05 13:44:15', '2026-03-05 13:44:15'),
(185, 79, '2026-03-04', 'present', '19:55:00', '08:57:00', NULL, NULL, '2026-03-05 13:44:15', '2026-03-05 13:44:15'),
(186, 80, '2026-03-04', 'exclu', NULL, NULL, NULL, NULL, '2026-03-05 13:44:15', '2026-03-05 13:44:15'),
(187, 81, '2026-03-04', 'present', '18:36:00', '07:15:00', NULL, NULL, '2026-03-05 13:44:15', '2026-03-05 13:44:15'),
(188, 82, '2026-03-04', 'exclu', NULL, NULL, NULL, NULL, '2026-03-05 13:44:15', '2026-03-05 13:44:15'),
(189, 83, '2026-03-04', 'present', '18:50:00', '06:46:00', NULL, NULL, '2026-03-05 13:44:15', '2026-03-05 13:44:15'),
(190, 84, '2026-03-04', 'present', '18:36:00', '06:40:00', NULL, NULL, '2026-03-05 13:44:15', '2026-03-05 13:44:15'),
(191, 85, '2026-03-04', 'present', '18:03:00', '06:19:00', NULL, NULL, '2026-03-05 13:44:15', '2026-03-05 13:44:15'),
(192, 86, '2026-03-04', 'present', '18:05:00', '06:38:00', NULL, NULL, '2026-03-05 13:44:15', '2026-03-05 13:44:15'),
(193, 87, '2026-03-04', 'present', '19:16:00', '07:36:00', NULL, NULL, '2026-03-05 13:44:15', '2026-03-05 13:44:15'),
(194, 88, '2026-03-04', 'present', '21:20:00', '07:50:00', NULL, NULL, '2026-03-05 13:44:15', '2026-03-05 13:44:15'),
(195, 89, '2026-03-04', 'present', '20:30:00', '06:54:00', NULL, NULL, '2026-03-05 13:44:15', '2026-03-05 13:44:15'),
(196, 90, '2026-03-04', 'present', '19:57:00', '07:57:00', NULL, NULL, '2026-03-05 13:44:15', '2026-03-05 13:44:15'),
(197, 91, '2026-03-04', 'present', '18:37:00', '08:34:00', NULL, NULL, '2026-03-05 13:44:15', '2026-03-05 13:44:15'),
(198, 92, '2026-03-04', 'present', '20:01:00', '07:37:00', NULL, NULL, '2026-03-05 13:44:15', '2026-03-05 13:44:15'),
(199, 93, '2026-03-04', 'present', '19:52:00', '06:45:00', NULL, NULL, '2026-03-05 13:44:15', '2026-03-05 13:44:15'),
(200, 94, '2026-03-04', 'absent', NULL, NULL, NULL, NULL, '2026-03-05 13:44:15', '2026-03-05 13:44:15'),
(201, 95, '2026-03-04', 'justifie', '19:26:00', '08:47:00', 'Certificat médical / Autorisation spéciale', 2, '2026-03-05 13:44:15', '2026-03-05 13:44:15'),
(202, 96, '2026-03-04', 'present', '19:34:00', '08:49:00', NULL, NULL, '2026-03-05 13:44:15', '2026-03-05 13:44:15'),
(203, 97, '2026-03-04', 'present', '22:36:00', '06:26:00', NULL, NULL, '2026-03-05 13:44:15', '2026-03-05 13:44:15'),
(204, 98, '2026-03-04', 'present', '19:52:00', '08:25:00', NULL, NULL, '2026-03-05 13:44:15', '2026-03-05 13:44:15'),
(205, 99, '2026-03-04', 'exclu', NULL, NULL, NULL, NULL, '2026-03-05 13:44:15', '2026-03-05 13:44:15'),
(206, 100, '2026-03-04', 'present', '19:47:00', '07:09:00', NULL, NULL, '2026-03-05 13:44:15', '2026-03-05 13:44:15'),
(207, 101, '2026-03-04', 'present', '20:52:00', '07:18:00', NULL, NULL, '2026-03-05 13:44:15', '2026-03-05 13:44:15'),
(208, 102, '2026-03-04', 'present', '20:34:00', '06:57:00', NULL, NULL, '2026-03-05 13:44:15', '2026-03-05 13:44:15'),
(209, 103, '2026-03-04', 'present', '19:59:00', '08:04:00', NULL, NULL, '2026-03-05 13:44:15', '2026-03-05 13:44:15'),
(210, 104, '2026-03-04', 'present', '19:06:00', '07:22:00', NULL, NULL, '2026-03-05 13:44:15', '2026-03-05 13:44:15'),
(211, 105, '2026-03-04', 'absent', NULL, NULL, NULL, NULL, '2026-03-05 13:44:15', '2026-03-05 13:44:15'),
(212, 106, '2026-03-04', 'absent', NULL, NULL, NULL, NULL, '2026-03-05 13:44:15', '2026-03-05 13:44:15'),
(213, 1, '2026-03-03', 'absent', NULL, NULL, NULL, NULL, '2026-03-05 13:44:15', '2026-03-05 13:44:15'),
(214, 2, '2026-03-03', 'justifie', '22:56:00', '08:16:00', 'Certificat médical / Autorisation spéciale', 3, '2026-03-05 13:44:15', '2026-03-05 13:44:15'),
(215, 3, '2026-03-03', 'present', '20:23:00', '06:19:00', NULL, NULL, '2026-03-05 13:44:15', '2026-03-05 13:44:15'),
(216, 4, '2026-03-03', 'present', '22:38:00', '06:55:00', NULL, NULL, '2026-03-05 13:44:15', '2026-03-05 13:44:15'),
(217, 5, '2026-03-03', 'present', '22:02:00', '07:14:00', NULL, NULL, '2026-03-05 13:44:15', '2026-03-05 13:44:15'),
(218, 6, '2026-03-03', 'present', '21:34:00', '08:55:00', NULL, NULL, '2026-03-05 13:44:15', '2026-03-05 13:44:15'),
(219, 7, '2026-03-03', 'absent', NULL, NULL, NULL, NULL, '2026-03-05 13:44:15', '2026-03-05 13:44:15'),
(220, 8, '2026-03-03', 'present', '20:04:00', '06:42:00', NULL, NULL, '2026-03-05 13:44:15', '2026-03-05 13:44:15'),
(221, 9, '2026-03-03', 'justifie', '20:17:00', '06:32:00', 'Certificat médical / Autorisation spéciale', 6, '2026-03-05 13:44:15', '2026-03-05 13:44:15'),
(222, 10, '2026-03-03', 'present', '21:28:00', '07:22:00', NULL, NULL, '2026-03-05 13:44:15', '2026-03-05 13:44:15'),
(223, 11, '2026-03-03', 'present', '21:18:00', '08:48:00', NULL, NULL, '2026-03-05 13:44:15', '2026-03-05 13:44:15'),
(224, 12, '2026-03-03', 'present', '21:43:00', '07:26:00', NULL, NULL, '2026-03-05 13:44:15', '2026-03-05 13:44:15'),
(225, 13, '2026-03-03', 'present', '19:15:00', '07:36:00', NULL, NULL, '2026-03-05 13:44:15', '2026-03-05 13:44:15'),
(226, 14, '2026-03-03', 'present', '22:42:00', '07:25:00', NULL, NULL, '2026-03-05 13:44:15', '2026-03-05 13:44:15'),
(227, 15, '2026-03-03', 'present', '21:43:00', '07:37:00', NULL, NULL, '2026-03-05 13:44:15', '2026-03-05 13:44:15'),
(228, 16, '2026-03-03', 'present', '22:05:00', '06:43:00', NULL, NULL, '2026-03-05 13:44:15', '2026-03-05 13:44:15'),
(229, 17, '2026-03-03', 'present', '21:44:00', '08:46:00', NULL, NULL, '2026-03-05 13:44:15', '2026-03-05 13:44:15'),
(230, 18, '2026-03-03', 'present', '18:50:00', '07:08:00', NULL, NULL, '2026-03-05 13:44:15', '2026-03-05 13:44:15'),
(231, 19, '2026-03-03', 'present', '18:25:00', '08:00:00', NULL, NULL, '2026-03-05 13:44:15', '2026-03-05 13:44:15'),
(232, 20, '2026-03-03', 'present', '19:23:00', '06:15:00', NULL, NULL, '2026-03-05 13:44:15', '2026-03-05 13:44:15'),
(233, 21, '2026-03-03', 'present', '18:15:00', '07:09:00', NULL, NULL, '2026-03-05 13:44:15', '2026-03-05 13:44:15'),
(234, 22, '2026-03-03', 'present', '18:16:00', '06:16:00', NULL, NULL, '2026-03-05 13:44:15', '2026-03-05 13:44:15'),
(235, 23, '2026-03-03', 'present', '21:07:00', '07:46:00', NULL, NULL, '2026-03-05 13:44:15', '2026-03-05 13:44:15'),
(236, 24, '2026-03-03', 'present', '21:23:00', '07:58:00', NULL, NULL, '2026-03-05 13:44:15', '2026-03-05 13:44:15'),
(237, 25, '2026-03-03', 'present', '18:52:00', '06:48:00', NULL, NULL, '2026-03-05 13:44:15', '2026-03-05 13:44:15'),
(238, 26, '2026-03-03', 'present', '20:39:00', '06:38:00', NULL, NULL, '2026-03-05 13:44:15', '2026-03-05 13:44:15'),
(239, 27, '2026-03-03', 'present', '18:27:00', '08:08:00', NULL, NULL, '2026-03-05 13:44:15', '2026-03-05 13:44:15'),
(240, 28, '2026-03-03', 'present', '20:09:00', '08:05:00', NULL, NULL, '2026-03-05 13:44:15', '2026-03-05 13:44:15'),
(241, 29, '2026-03-03', 'present', '18:59:00', '07:44:00', NULL, NULL, '2026-03-05 13:44:15', '2026-03-05 13:44:15'),
(242, 30, '2026-03-03', 'absent', NULL, NULL, NULL, NULL, '2026-03-05 13:44:15', '2026-03-05 13:44:15'),
(243, 31, '2026-03-03', 'exclu', NULL, NULL, NULL, NULL, '2026-03-05 13:44:15', '2026-03-05 13:44:15'),
(244, 32, '2026-03-03', 'present', '18:39:00', '07:40:00', NULL, NULL, '2026-03-05 13:44:15', '2026-03-05 13:44:15'),
(245, 33, '2026-03-03', 'present', '19:10:00', '06:26:00', NULL, NULL, '2026-03-05 13:44:15', '2026-03-05 13:44:15'),
(246, 34, '2026-03-03', 'present', '20:04:00', '08:59:00', NULL, NULL, '2026-03-05 13:44:15', '2026-03-05 13:44:15'),
(247, 35, '2026-03-03', 'present', '21:59:00', '07:30:00', NULL, NULL, '2026-03-05 13:44:15', '2026-03-05 13:44:15'),
(248, 36, '2026-03-03', 'present', '19:11:00', '07:14:00', NULL, NULL, '2026-03-05 13:44:15', '2026-03-05 13:44:15'),
(249, 37, '2026-03-03', 'present', '21:38:00', '06:25:00', NULL, NULL, '2026-03-05 13:44:15', '2026-03-05 13:44:15'),
(250, 38, '2026-03-03', 'present', '20:55:00', '07:00:00', NULL, NULL, '2026-03-05 13:44:15', '2026-03-05 13:44:15'),
(251, 39, '2026-03-03', 'present', '18:06:00', '07:18:00', NULL, NULL, '2026-03-05 13:44:15', '2026-03-05 13:44:15'),
(252, 40, '2026-03-03', 'present', '21:28:00', '08:44:00', NULL, NULL, '2026-03-05 13:44:15', '2026-03-05 13:44:15'),
(253, 41, '2026-03-03', 'present', '22:10:00', '07:43:00', NULL, NULL, '2026-03-05 13:44:15', '2026-03-05 13:44:15'),
(254, 42, '2026-03-03', 'present', '22:03:00', '08:23:00', NULL, NULL, '2026-03-05 13:44:15', '2026-03-05 13:44:15'),
(255, 43, '2026-03-03', 'present', '18:56:00', '06:13:00', NULL, NULL, '2026-03-05 13:44:15', '2026-03-05 13:44:15'),
(256, 44, '2026-03-03', 'present', '22:03:00', '08:28:00', NULL, NULL, '2026-03-05 13:44:15', '2026-03-05 13:44:15'),
(257, 45, '2026-03-03', 'present', '21:45:00', '08:10:00', NULL, NULL, '2026-03-05 13:44:15', '2026-03-05 13:44:15'),
(258, 46, '2026-03-03', 'present', '20:18:00', '08:26:00', NULL, NULL, '2026-03-05 13:44:15', '2026-03-05 13:44:15'),
(259, 47, '2026-03-03', 'present', '19:50:00', '08:12:00', NULL, NULL, '2026-03-05 13:44:15', '2026-03-05 13:44:15'),
(260, 48, '2026-03-03', 'present', '21:57:00', '07:17:00', NULL, NULL, '2026-03-05 13:44:15', '2026-03-05 13:44:15'),
(261, 49, '2026-03-03', 'present', '22:25:00', '07:59:00', NULL, NULL, '2026-03-05 13:44:15', '2026-03-05 13:44:15'),
(262, 50, '2026-03-03', 'present', '18:15:00', '08:27:00', NULL, NULL, '2026-03-05 13:44:15', '2026-03-05 13:44:15'),
(263, 51, '2026-03-03', 'present', '21:00:00', '06:02:00', NULL, NULL, '2026-03-05 13:44:15', '2026-03-05 13:44:15'),
(264, 52, '2026-03-03', 'present', '20:04:00', '08:49:00', NULL, NULL, '2026-03-05 13:44:15', '2026-03-05 13:44:15'),
(265, 53, '2026-03-03', 'present', '20:21:00', '07:54:00', NULL, NULL, '2026-03-05 13:44:15', '2026-03-05 13:44:15'),
(266, 54, '2026-03-03', 'present', '18:09:00', '07:07:00', NULL, NULL, '2026-03-05 13:44:15', '2026-03-05 13:44:15'),
(267, 55, '2026-03-03', 'present', '19:24:00', '06:03:00', NULL, NULL, '2026-03-05 13:44:15', '2026-03-05 13:44:15'),
(268, 56, '2026-03-03', 'present', '18:15:00', '07:42:00', NULL, NULL, '2026-03-05 13:44:15', '2026-03-05 13:44:15'),
(269, 57, '2026-03-03', 'present', '22:56:00', '08:23:00', NULL, NULL, '2026-03-05 13:44:15', '2026-03-05 13:44:15'),
(270, 58, '2026-03-03', 'present', '22:47:00', '06:38:00', NULL, NULL, '2026-03-05 13:44:15', '2026-03-05 13:44:15'),
(271, 59, '2026-03-03', 'exclu', NULL, NULL, NULL, NULL, '2026-03-05 13:44:15', '2026-03-05 13:44:15'),
(272, 60, '2026-03-03', 'present', '18:03:00', '06:10:00', NULL, NULL, '2026-03-05 13:44:15', '2026-03-05 13:44:15'),
(273, 61, '2026-03-03', 'justifie', '22:45:00', '08:23:00', 'Certificat médical / Autorisation spéciale', 6, '2026-03-05 13:44:15', '2026-03-05 13:44:15'),
(274, 62, '2026-03-03', 'present', '18:13:00', '07:00:00', NULL, NULL, '2026-03-05 13:44:15', '2026-03-05 13:44:15'),
(275, 63, '2026-03-03', 'present', '20:10:00', '08:41:00', NULL, NULL, '2026-03-05 13:44:15', '2026-03-05 13:44:15'),
(276, 64, '2026-03-03', 'present', '22:35:00', '08:21:00', NULL, NULL, '2026-03-05 13:44:15', '2026-03-05 13:44:15'),
(277, 65, '2026-03-03', 'present', '19:15:00', '06:53:00', NULL, NULL, '2026-03-05 13:44:15', '2026-03-05 13:44:15'),
(278, 66, '2026-03-03', 'justifie', '18:58:00', '06:11:00', 'Certificat médical / Autorisation spéciale', 2, '2026-03-05 13:44:15', '2026-03-05 13:44:15'),
(279, 67, '2026-03-03', 'exclu', NULL, NULL, NULL, NULL, '2026-03-05 13:44:15', '2026-03-05 13:44:15'),
(280, 68, '2026-03-03', 'present', '20:26:00', '08:38:00', NULL, NULL, '2026-03-05 13:44:15', '2026-03-05 13:44:15'),
(281, 69, '2026-03-03', 'present', '22:56:00', '06:16:00', NULL, NULL, '2026-03-05 13:44:15', '2026-03-05 13:44:15'),
(282, 70, '2026-03-03', 'present', '19:53:00', '08:56:00', NULL, NULL, '2026-03-05 13:44:15', '2026-03-05 13:44:15'),
(283, 71, '2026-03-03', 'present', '18:51:00', '08:53:00', NULL, NULL, '2026-03-05 13:44:15', '2026-03-05 13:44:15'),
(284, 72, '2026-03-03', 'present', '18:45:00', '07:23:00', NULL, NULL, '2026-03-05 13:44:15', '2026-03-05 13:44:15'),
(285, 73, '2026-03-03', 'justifie', '18:31:00', '07:56:00', 'Certificat médical / Autorisation spéciale', 2, '2026-03-05 13:44:15', '2026-03-05 13:44:15'),
(286, 74, '2026-03-03', 'present', '21:21:00', '08:18:00', NULL, NULL, '2026-03-05 13:44:15', '2026-03-05 13:44:15'),
(287, 75, '2026-03-03', 'present', '21:05:00', '07:38:00', NULL, NULL, '2026-03-05 13:44:15', '2026-03-05 13:44:15'),
(288, 76, '2026-03-03', 'present', '22:16:00', '06:00:00', NULL, NULL, '2026-03-05 13:44:15', '2026-03-05 13:44:15'),
(289, 77, '2026-03-03', 'absent', NULL, NULL, NULL, NULL, '2026-03-05 13:44:15', '2026-03-05 13:44:15'),
(290, 78, '2026-03-03', 'exclu', NULL, NULL, NULL, NULL, '2026-03-05 13:44:15', '2026-03-05 13:44:15'),
(291, 79, '2026-03-03', 'exclu', NULL, NULL, NULL, NULL, '2026-03-05 13:44:15', '2026-03-05 13:44:15'),
(292, 80, '2026-03-03', 'present', '21:11:00', '07:36:00', NULL, NULL, '2026-03-05 13:44:15', '2026-03-05 13:44:15'),
(293, 81, '2026-03-03', 'present', '22:54:00', '07:39:00', NULL, NULL, '2026-03-05 13:44:15', '2026-03-05 13:44:15'),
(294, 82, '2026-03-03', 'exclu', NULL, NULL, NULL, NULL, '2026-03-05 13:44:15', '2026-03-05 13:44:15'),
(295, 83, '2026-03-03', 'present', '19:38:00', '07:20:00', NULL, NULL, '2026-03-05 13:44:15', '2026-03-05 13:44:15'),
(296, 84, '2026-03-03', 'present', '19:06:00', '06:30:00', NULL, NULL, '2026-03-05 13:44:15', '2026-03-05 13:44:15'),
(297, 85, '2026-03-03', 'present', '18:07:00', '07:27:00', NULL, NULL, '2026-03-05 13:44:15', '2026-03-05 13:44:15'),
(298, 86, '2026-03-03', 'present', '22:33:00', '07:19:00', NULL, NULL, '2026-03-05 13:44:15', '2026-03-05 13:44:15'),
(299, 87, '2026-03-03', 'present', '22:29:00', '07:01:00', NULL, NULL, '2026-03-05 13:44:15', '2026-03-05 13:44:15'),
(300, 88, '2026-03-03', 'present', '19:13:00', '06:37:00', NULL, NULL, '2026-03-05 13:44:15', '2026-03-05 13:44:15'),
(301, 89, '2026-03-03', 'justifie', '22:21:00', '07:32:00', 'Certificat médical / Autorisation spéciale', 4, '2026-03-05 13:44:15', '2026-03-05 13:44:15'),
(302, 90, '2026-03-03', 'justifie', '21:34:00', '06:33:00', 'Certificat médical / Autorisation spéciale', 5, '2026-03-05 13:44:15', '2026-03-05 13:44:15'),
(303, 91, '2026-03-03', 'present', '22:53:00', '08:12:00', NULL, NULL, '2026-03-05 13:44:15', '2026-03-05 13:44:15'),
(304, 92, '2026-03-03', 'present', '19:56:00', '07:04:00', NULL, NULL, '2026-03-05 13:44:15', '2026-03-05 13:44:15'),
(305, 93, '2026-03-03', 'present', '21:30:00', '08:42:00', NULL, NULL, '2026-03-05 13:44:15', '2026-03-05 13:44:15'),
(306, 94, '2026-03-03', 'present', '22:35:00', '08:03:00', NULL, NULL, '2026-03-05 13:44:15', '2026-03-05 13:44:15'),
(307, 95, '2026-03-03', 'absent', NULL, NULL, NULL, NULL, '2026-03-05 13:44:15', '2026-03-05 13:44:15'),
(308, 96, '2026-03-03', 'present', '20:34:00', '07:41:00', NULL, NULL, '2026-03-05 13:44:15', '2026-03-05 13:44:15'),
(309, 97, '2026-03-03', 'present', '22:51:00', '06:12:00', NULL, NULL, '2026-03-05 13:44:15', '2026-03-05 13:44:15'),
(310, 98, '2026-03-03', 'present', '19:16:00', '07:55:00', NULL, NULL, '2026-03-05 13:44:15', '2026-03-05 13:44:15'),
(311, 99, '2026-03-03', 'present', '22:22:00', '08:53:00', NULL, NULL, '2026-03-05 13:44:15', '2026-03-05 13:44:15'),
(312, 100, '2026-03-03', 'absent', NULL, NULL, NULL, NULL, '2026-03-05 13:44:15', '2026-03-05 13:44:15'),
(313, 101, '2026-03-03', 'absent', NULL, NULL, NULL, NULL, '2026-03-05 13:44:15', '2026-03-05 13:44:15'),
(314, 102, '2026-03-03', 'present', '20:40:00', '06:30:00', NULL, NULL, '2026-03-05 13:44:15', '2026-03-05 13:44:15'),
(315, 103, '2026-03-03', 'present', '18:55:00', '06:27:00', NULL, NULL, '2026-03-05 13:44:15', '2026-03-05 13:44:15'),
(316, 104, '2026-03-03', 'present', '22:37:00', '07:54:00', NULL, NULL, '2026-03-05 13:44:15', '2026-03-05 13:44:15'),
(317, 105, '2026-03-03', 'absent', NULL, NULL, NULL, NULL, '2026-03-05 13:44:15', '2026-03-05 13:44:15'),
(318, 106, '2026-03-03', 'present', '19:05:00', '07:04:00', NULL, NULL, '2026-03-05 13:44:15', '2026-03-05 13:44:15'),
(319, 1, '2026-03-02', 'justifie', '20:11:00', '08:03:00', 'Certificat médical / Autorisation spéciale', 2, '2026-03-05 13:44:15', '2026-03-05 13:44:15'),
(320, 2, '2026-03-02', 'present', '18:57:00', '06:52:00', NULL, NULL, '2026-03-05 13:44:15', '2026-03-05 13:44:15'),
(321, 3, '2026-03-02', 'present', '22:59:00', '06:47:00', NULL, NULL, '2026-03-05 13:44:15', '2026-03-05 13:44:15'),
(322, 4, '2026-03-02', 'present', '19:04:00', '08:48:00', NULL, NULL, '2026-03-05 13:44:15', '2026-03-05 13:44:15'),
(323, 5, '2026-03-02', 'present', '19:22:00', '07:19:00', NULL, NULL, '2026-03-05 13:44:15', '2026-03-05 13:44:15'),
(324, 6, '2026-03-02', 'present', '21:57:00', '07:27:00', NULL, NULL, '2026-03-05 13:44:15', '2026-03-05 13:44:15'),
(325, 7, '2026-03-02', 'present', '22:02:00', '06:15:00', NULL, NULL, '2026-03-05 13:44:15', '2026-03-05 13:44:15'),
(326, 8, '2026-03-02', 'present', '22:30:00', '08:26:00', NULL, NULL, '2026-03-05 13:44:15', '2026-03-05 13:44:15'),
(327, 9, '2026-03-02', 'present', '22:35:00', '07:30:00', NULL, NULL, '2026-03-05 13:44:15', '2026-03-05 13:44:15'),
(328, 10, '2026-03-02', 'present', '22:56:00', '08:32:00', NULL, NULL, '2026-03-05 13:44:15', '2026-03-05 13:44:15'),
(329, 11, '2026-03-02', 'present', '21:24:00', '07:08:00', NULL, NULL, '2026-03-05 13:44:15', '2026-03-05 13:44:15'),
(330, 12, '2026-03-02', 'justifie', '18:58:00', '07:42:00', 'Certificat médical / Autorisation spéciale', 4, '2026-03-05 13:44:15', '2026-03-05 13:44:15'),
(331, 13, '2026-03-02', 'present', '19:47:00', '06:50:00', NULL, NULL, '2026-03-05 13:44:15', '2026-03-05 13:44:15'),
(332, 14, '2026-03-02', 'present', '22:20:00', '07:22:00', NULL, NULL, '2026-03-05 13:44:15', '2026-03-05 13:44:15'),
(333, 15, '2026-03-02', 'present', '22:54:00', '06:22:00', NULL, NULL, '2026-03-05 13:44:15', '2026-03-05 13:44:15'),
(334, 16, '2026-03-02', 'absent', NULL, NULL, NULL, NULL, '2026-03-05 13:44:15', '2026-03-05 13:44:15'),
(335, 17, '2026-03-02', 'present', '22:15:00', '07:16:00', NULL, NULL, '2026-03-05 13:44:15', '2026-03-05 13:44:15'),
(336, 18, '2026-03-02', 'present', '18:39:00', '07:31:00', NULL, NULL, '2026-03-05 13:44:15', '2026-03-05 13:44:15'),
(337, 19, '2026-03-02', 'present', '20:40:00', '08:23:00', NULL, NULL, '2026-03-05 13:44:15', '2026-03-05 13:44:15'),
(338, 20, '2026-03-02', 'present', '18:03:00', '06:21:00', NULL, NULL, '2026-03-05 13:44:15', '2026-03-05 13:44:15'),
(339, 21, '2026-03-02', 'present', '20:26:00', '06:12:00', NULL, NULL, '2026-03-05 13:44:15', '2026-03-05 13:44:15'),
(340, 22, '2026-03-02', 'present', '20:36:00', '08:09:00', NULL, NULL, '2026-03-05 13:44:15', '2026-03-05 13:44:15'),
(341, 23, '2026-03-02', 'present', '20:00:00', '08:52:00', NULL, NULL, '2026-03-05 13:44:15', '2026-03-05 13:44:15'),
(342, 24, '2026-03-02', 'present', '22:36:00', '06:12:00', NULL, NULL, '2026-03-05 13:44:15', '2026-03-05 13:44:15'),
(343, 25, '2026-03-02', 'present', '19:13:00', '08:45:00', NULL, NULL, '2026-03-05 13:44:15', '2026-03-05 13:44:15'),
(344, 26, '2026-03-02', 'absent', NULL, NULL, NULL, NULL, '2026-03-05 13:44:15', '2026-03-05 13:44:15'),
(345, 27, '2026-03-02', 'exclu', NULL, NULL, NULL, NULL, '2026-03-05 13:44:15', '2026-03-05 13:44:15'),
(346, 28, '2026-03-02', 'present', '22:50:00', '07:05:00', NULL, NULL, '2026-03-05 13:44:15', '2026-03-05 13:44:15'),
(347, 29, '2026-03-02', 'present', '20:39:00', '07:06:00', NULL, NULL, '2026-03-05 13:44:15', '2026-03-05 13:44:15'),
(348, 30, '2026-03-02', 'justifie', '18:21:00', '06:07:00', 'Certificat médical / Autorisation spéciale', 4, '2026-03-05 13:44:15', '2026-03-05 13:44:15'),
(349, 31, '2026-03-02', 'present', '21:34:00', '06:30:00', NULL, NULL, '2026-03-05 13:44:15', '2026-03-05 13:44:15'),
(350, 32, '2026-03-02', 'present', '20:11:00', '06:56:00', NULL, NULL, '2026-03-05 13:44:15', '2026-03-05 13:44:15'),
(351, 33, '2026-03-02', 'present', '20:03:00', '06:28:00', NULL, NULL, '2026-03-05 13:44:15', '2026-03-05 13:44:15'),
(352, 34, '2026-03-02', 'exclu', NULL, NULL, NULL, NULL, '2026-03-05 13:44:15', '2026-03-05 13:44:15'),
(353, 35, '2026-03-02', 'present', '20:56:00', '08:30:00', NULL, NULL, '2026-03-05 13:44:15', '2026-03-05 13:44:15'),
(354, 36, '2026-03-02', 'exclu', NULL, NULL, NULL, NULL, '2026-03-05 13:44:15', '2026-03-05 13:44:15'),
(355, 37, '2026-03-02', 'present', '22:09:00', '08:38:00', NULL, NULL, '2026-03-05 13:44:15', '2026-03-05 13:44:15'),
(356, 38, '2026-03-02', 'exclu', NULL, NULL, NULL, NULL, '2026-03-05 13:44:15', '2026-03-05 13:44:15'),
(357, 39, '2026-03-02', 'present', '20:53:00', '07:38:00', NULL, NULL, '2026-03-05 13:44:15', '2026-03-05 13:44:15'),
(358, 40, '2026-03-02', 'present', '20:45:00', '07:40:00', NULL, NULL, '2026-03-05 13:44:15', '2026-03-05 13:44:15'),
(359, 41, '2026-03-02', 'present', '22:53:00', '07:47:00', NULL, NULL, '2026-03-05 13:44:15', '2026-03-05 13:44:15'),
(360, 42, '2026-03-02', 'present', '18:13:00', '08:28:00', NULL, NULL, '2026-03-05 13:44:15', '2026-03-05 13:44:15'),
(361, 43, '2026-03-02', 'present', '20:21:00', '06:01:00', NULL, NULL, '2026-03-05 13:44:15', '2026-03-05 13:44:15'),
(362, 44, '2026-03-02', 'present', '20:52:00', '06:02:00', NULL, NULL, '2026-03-05 13:44:15', '2026-03-05 13:44:15'),
(363, 45, '2026-03-02', 'present', '21:21:00', '06:48:00', NULL, NULL, '2026-03-05 13:44:15', '2026-03-05 13:44:15'),
(364, 46, '2026-03-02', 'present', '21:49:00', '08:19:00', NULL, NULL, '2026-03-05 13:44:15', '2026-03-05 13:44:15'),
(365, 47, '2026-03-02', 'exclu', NULL, NULL, NULL, NULL, '2026-03-05 13:44:15', '2026-03-05 13:44:15'),
(366, 48, '2026-03-02', 'present', '20:51:00', '08:55:00', NULL, NULL, '2026-03-05 13:44:15', '2026-03-05 13:44:15'),
(367, 49, '2026-03-02', 'present', '19:19:00', '08:49:00', NULL, NULL, '2026-03-05 13:44:15', '2026-03-05 13:44:15'),
(368, 50, '2026-03-02', 'present', '20:23:00', '06:58:00', NULL, NULL, '2026-03-05 13:44:15', '2026-03-05 13:44:15'),
(369, 51, '2026-03-02', 'present', '20:01:00', '06:17:00', NULL, NULL, '2026-03-05 13:44:15', '2026-03-05 13:44:15'),
(370, 52, '2026-03-02', 'present', '20:09:00', '07:48:00', NULL, NULL, '2026-03-05 13:44:15', '2026-03-05 13:44:15'),
(371, 53, '2026-03-02', 'present', '18:42:00', '07:56:00', NULL, NULL, '2026-03-05 13:44:15', '2026-03-05 13:44:15'),
(372, 54, '2026-03-02', 'absent', NULL, NULL, NULL, NULL, '2026-03-05 13:44:15', '2026-03-05 13:44:15'),
(373, 55, '2026-03-02', 'absent', NULL, NULL, NULL, NULL, '2026-03-05 13:44:15', '2026-03-05 13:44:15'),
(374, 56, '2026-03-02', 'present', '19:09:00', '06:47:00', NULL, NULL, '2026-03-05 13:44:15', '2026-03-05 13:44:15'),
(375, 57, '2026-03-02', 'present', '20:15:00', '06:20:00', NULL, NULL, '2026-03-05 13:44:15', '2026-03-05 13:44:15'),
(376, 58, '2026-03-02', 'present', '18:26:00', '06:27:00', NULL, NULL, '2026-03-05 13:44:15', '2026-03-05 13:44:15'),
(377, 59, '2026-03-02', 'present', '18:30:00', '07:21:00', NULL, NULL, '2026-03-05 13:44:15', '2026-03-05 13:44:15'),
(378, 60, '2026-03-02', 'present', '19:48:00', '06:38:00', NULL, NULL, '2026-03-05 13:44:16', '2026-03-05 13:44:16'),
(379, 61, '2026-03-02', 'present', '21:57:00', '08:03:00', NULL, NULL, '2026-03-05 13:44:16', '2026-03-05 13:44:16'),
(380, 62, '2026-03-02', 'exclu', NULL, NULL, NULL, NULL, '2026-03-05 13:44:16', '2026-03-05 13:44:16'),
(381, 63, '2026-03-02', 'present', '19:07:00', '06:44:00', NULL, NULL, '2026-03-05 13:44:16', '2026-03-05 13:44:16'),
(382, 64, '2026-03-02', 'exclu', NULL, NULL, NULL, NULL, '2026-03-05 13:44:16', '2026-03-05 13:44:16'),
(383, 65, '2026-03-02', 'present', '21:19:00', '07:14:00', NULL, NULL, '2026-03-05 13:44:16', '2026-03-05 13:44:16'),
(384, 66, '2026-03-02', 'present', '19:48:00', '06:12:00', NULL, NULL, '2026-03-05 13:44:16', '2026-03-05 13:44:16'),
(385, 67, '2026-03-02', 'present', '18:05:00', '08:42:00', NULL, NULL, '2026-03-05 13:44:16', '2026-03-05 13:44:16'),
(386, 68, '2026-03-02', 'present', '19:28:00', '08:21:00', NULL, NULL, '2026-03-05 13:44:16', '2026-03-05 13:44:16'),
(387, 69, '2026-03-02', 'present', '21:31:00', '08:18:00', NULL, NULL, '2026-03-05 13:44:16', '2026-03-05 13:44:16'),
(388, 70, '2026-03-02', 'present', '18:57:00', '08:52:00', NULL, NULL, '2026-03-05 13:44:16', '2026-03-05 13:44:16'),
(389, 71, '2026-03-02', 'present', '22:07:00', '08:32:00', NULL, NULL, '2026-03-05 13:44:16', '2026-03-05 13:44:16'),
(390, 72, '2026-03-02', 'present', '21:42:00', '08:53:00', NULL, NULL, '2026-03-05 13:44:16', '2026-03-05 13:44:16'),
(391, 73, '2026-03-02', 'present', '20:15:00', '07:51:00', NULL, NULL, '2026-03-05 13:44:16', '2026-03-05 13:44:16'),
(392, 74, '2026-03-02', 'present', '22:46:00', '07:26:00', NULL, NULL, '2026-03-05 13:44:16', '2026-03-05 13:44:16'),
(393, 75, '2026-03-02', 'present', '22:44:00', '07:32:00', NULL, NULL, '2026-03-05 13:44:16', '2026-03-05 13:44:16'),
(394, 76, '2026-03-02', 'present', '22:10:00', '06:43:00', NULL, NULL, '2026-03-05 13:44:16', '2026-03-05 13:44:16'),
(395, 77, '2026-03-02', 'present', '19:13:00', '07:25:00', NULL, NULL, '2026-03-05 13:44:16', '2026-03-05 13:44:16'),
(396, 78, '2026-03-02', 'justifie', '19:46:00', '07:54:00', 'Certificat médical / Autorisation spéciale', 3, '2026-03-05 13:44:16', '2026-03-05 13:44:16'),
(397, 79, '2026-03-02', 'present', '21:19:00', '08:13:00', NULL, NULL, '2026-03-05 13:44:16', '2026-03-05 13:44:16'),
(398, 80, '2026-03-02', 'present', '22:52:00', '08:29:00', NULL, NULL, '2026-03-05 13:44:16', '2026-03-05 13:44:16'),
(399, 81, '2026-03-02', 'present', '21:20:00', '06:30:00', NULL, NULL, '2026-03-05 13:44:16', '2026-03-05 13:44:16'),
(400, 82, '2026-03-02', 'present', '20:20:00', '07:40:00', NULL, NULL, '2026-03-05 13:44:16', '2026-03-05 13:44:16'),
(401, 83, '2026-03-02', 'present', '19:42:00', '06:39:00', NULL, NULL, '2026-03-05 13:44:16', '2026-03-05 13:44:16'),
(402, 84, '2026-03-02', 'exclu', NULL, NULL, NULL, NULL, '2026-03-05 13:44:16', '2026-03-05 13:44:16'),
(403, 85, '2026-03-02', 'present', '21:54:00', '08:38:00', NULL, NULL, '2026-03-05 13:44:16', '2026-03-05 13:44:16'),
(404, 86, '2026-03-02', 'present', '20:51:00', '06:12:00', NULL, NULL, '2026-03-05 13:44:16', '2026-03-05 13:44:16'),
(405, 87, '2026-03-02', 'absent', NULL, NULL, NULL, NULL, '2026-03-05 13:44:16', '2026-03-05 13:44:16'),
(406, 88, '2026-03-02', 'present', '18:32:00', '07:41:00', NULL, NULL, '2026-03-05 13:44:16', '2026-03-05 13:44:16'),
(407, 89, '2026-03-02', 'present', '20:22:00', '07:16:00', NULL, NULL, '2026-03-05 13:44:16', '2026-03-05 13:44:16'),
(408, 90, '2026-03-02', 'present', '19:38:00', '08:59:00', NULL, NULL, '2026-03-05 13:44:16', '2026-03-05 13:44:16'),
(409, 91, '2026-03-02', 'present', '21:18:00', '06:56:00', NULL, NULL, '2026-03-05 13:44:16', '2026-03-05 13:44:16'),
(410, 92, '2026-03-02', 'present', '21:57:00', '08:05:00', NULL, NULL, '2026-03-05 13:44:16', '2026-03-05 13:44:16'),
(411, 93, '2026-03-02', 'present', '22:31:00', '07:06:00', NULL, NULL, '2026-03-05 13:44:16', '2026-03-05 13:44:16'),
(412, 94, '2026-03-02', 'present', '22:27:00', '06:15:00', NULL, NULL, '2026-03-05 13:44:16', '2026-03-05 13:44:16'),
(413, 95, '2026-03-02', 'present', '19:53:00', '07:56:00', NULL, NULL, '2026-03-05 13:44:16', '2026-03-05 13:44:16'),
(414, 96, '2026-03-02', 'present', '22:38:00', '06:17:00', NULL, NULL, '2026-03-05 13:44:16', '2026-03-05 13:44:16'),
(415, 97, '2026-03-02', 'present', '18:41:00', '08:24:00', NULL, NULL, '2026-03-05 13:44:16', '2026-03-05 13:44:16'),
(416, 98, '2026-03-02', 'exclu', NULL, NULL, NULL, NULL, '2026-03-05 13:44:16', '2026-03-05 13:44:16'),
(417, 99, '2026-03-02', 'present', '20:32:00', '08:20:00', NULL, NULL, '2026-03-05 13:44:16', '2026-03-05 13:44:16'),
(418, 100, '2026-03-02', 'present', '20:19:00', '06:06:00', NULL, NULL, '2026-03-05 13:44:16', '2026-03-05 13:44:16'),
(419, 101, '2026-03-02', 'present', '19:52:00', '07:11:00', NULL, NULL, '2026-03-05 13:44:16', '2026-03-05 13:44:16'),
(420, 102, '2026-03-02', 'present', '19:05:00', '08:05:00', NULL, NULL, '2026-03-05 13:44:16', '2026-03-05 13:44:16'),
(421, 103, '2026-03-02', 'present', '22:11:00', '06:37:00', NULL, NULL, '2026-03-05 13:44:16', '2026-03-05 13:44:16'),
(422, 104, '2026-03-02', 'exclu', NULL, NULL, NULL, NULL, '2026-03-05 13:44:16', '2026-03-05 13:44:16'),
(423, 105, '2026-03-02', 'justifie', '21:32:00', '08:14:00', 'Certificat médical / Autorisation spéciale', 4, '2026-03-05 13:44:16', '2026-03-05 13:44:16'),
(424, 106, '2026-03-02', 'present', '18:58:00', '07:25:00', NULL, NULL, '2026-03-05 13:44:16', '2026-03-05 13:44:16'),
(425, 1, '2026-03-01', 'exclu', NULL, NULL, NULL, NULL, '2026-03-05 13:44:16', '2026-03-05 13:44:16'),
(426, 2, '2026-03-01', 'present', '22:14:00', '07:47:00', NULL, NULL, '2026-03-05 13:44:16', '2026-03-05 13:44:16'),
(427, 3, '2026-03-01', 'present', '22:03:00', '08:41:00', NULL, NULL, '2026-03-05 13:44:16', '2026-03-05 13:44:16'),
(428, 4, '2026-03-01', 'present', '21:11:00', '07:45:00', NULL, NULL, '2026-03-05 13:44:16', '2026-03-05 13:44:16'),
(429, 5, '2026-03-01', 'present', '18:04:00', '06:37:00', NULL, NULL, '2026-03-05 13:44:16', '2026-03-05 13:44:16');
INSERT INTO `presences` (`id`, `etudiant_id`, `date`, `statut`, `heure_entree`, `heure_sortie`, `justification`, `valide_par`, `created_at`, `updated_at`) VALUES
(430, 6, '2026-03-01', 'present', '18:20:00', '06:05:00', NULL, NULL, '2026-03-05 13:44:16', '2026-03-05 13:44:16'),
(431, 7, '2026-03-01', 'present', '22:31:00', '08:26:00', NULL, NULL, '2026-03-05 13:44:16', '2026-03-05 13:44:16'),
(432, 8, '2026-03-01', 'present', '21:56:00', '07:20:00', NULL, NULL, '2026-03-05 13:44:16', '2026-03-05 13:44:16'),
(433, 9, '2026-03-01', 'present', '22:20:00', '08:41:00', NULL, NULL, '2026-03-05 13:44:16', '2026-03-05 13:44:16'),
(434, 10, '2026-03-01', 'present', '18:08:00', '07:33:00', NULL, NULL, '2026-03-05 13:44:16', '2026-03-05 13:44:16'),
(435, 11, '2026-03-01', 'present', '21:32:00', '08:35:00', NULL, NULL, '2026-03-05 13:44:16', '2026-03-05 13:44:16'),
(436, 12, '2026-03-01', 'present', '18:45:00', '08:14:00', NULL, NULL, '2026-03-05 13:44:16', '2026-03-05 13:44:16'),
(437, 13, '2026-03-01', 'present', '20:36:00', '07:03:00', NULL, NULL, '2026-03-05 13:44:16', '2026-03-05 13:44:16'),
(438, 14, '2026-03-01', 'justifie', '22:36:00', '08:31:00', 'Certificat médical / Autorisation spéciale', 6, '2026-03-05 13:44:16', '2026-03-05 13:44:16'),
(439, 15, '2026-03-01', 'justifie', '22:43:00', '08:23:00', 'Certificat médical / Autorisation spéciale', 3, '2026-03-05 13:44:16', '2026-03-05 13:44:16'),
(440, 16, '2026-03-01', 'present', '19:23:00', '08:08:00', NULL, NULL, '2026-03-05 13:44:16', '2026-03-05 13:44:16'),
(441, 17, '2026-03-01', 'present', '18:42:00', '07:56:00', NULL, NULL, '2026-03-05 13:44:16', '2026-03-05 13:44:16'),
(442, 18, '2026-03-01', 'present', '22:30:00', '08:11:00', NULL, NULL, '2026-03-05 13:44:16', '2026-03-05 13:44:16'),
(443, 19, '2026-03-01', 'present', '20:06:00', '07:08:00', NULL, NULL, '2026-03-05 13:44:16', '2026-03-05 13:44:16'),
(444, 20, '2026-03-01', 'justifie', '20:08:00', '08:59:00', 'Certificat médical / Autorisation spéciale', 4, '2026-03-05 13:44:16', '2026-03-05 13:44:16'),
(445, 21, '2026-03-01', 'present', '21:58:00', '06:37:00', NULL, NULL, '2026-03-05 13:44:16', '2026-03-05 13:44:16'),
(446, 22, '2026-03-01', 'present', '22:33:00', '07:57:00', NULL, NULL, '2026-03-05 13:44:16', '2026-03-05 13:44:16'),
(447, 23, '2026-03-01', 'present', '21:09:00', '08:26:00', NULL, NULL, '2026-03-05 13:44:16', '2026-03-05 13:44:16'),
(448, 24, '2026-03-01', 'present', '20:31:00', '08:13:00', NULL, NULL, '2026-03-05 13:44:16', '2026-03-05 13:44:16'),
(449, 25, '2026-03-01', 'justifie', '22:27:00', '08:16:00', 'Certificat médical / Autorisation spéciale', 4, '2026-03-05 13:44:16', '2026-03-05 13:44:16'),
(450, 26, '2026-03-01', 'present', '20:32:00', '06:00:00', NULL, NULL, '2026-03-05 13:44:16', '2026-03-05 13:44:16'),
(451, 27, '2026-03-01', 'present', '18:42:00', '08:31:00', NULL, NULL, '2026-03-05 13:44:16', '2026-03-05 13:44:16'),
(452, 28, '2026-03-01', 'absent', NULL, NULL, NULL, NULL, '2026-03-05 13:44:16', '2026-03-05 13:44:16'),
(453, 29, '2026-03-01', 'present', '19:54:00', '08:13:00', NULL, NULL, '2026-03-05 13:44:16', '2026-03-05 13:44:16'),
(454, 30, '2026-03-01', 'present', '21:53:00', '08:19:00', NULL, NULL, '2026-03-05 13:44:16', '2026-03-05 13:44:16'),
(455, 31, '2026-03-01', 'present', '22:15:00', '07:33:00', NULL, NULL, '2026-03-05 13:44:16', '2026-03-05 13:44:16'),
(456, 32, '2026-03-01', 'present', '20:07:00', '06:52:00', NULL, NULL, '2026-03-05 13:44:16', '2026-03-05 13:44:16'),
(457, 33, '2026-03-01', 'absent', NULL, NULL, NULL, NULL, '2026-03-05 13:44:16', '2026-03-05 13:44:16'),
(458, 34, '2026-03-01', 'exclu', NULL, NULL, NULL, NULL, '2026-03-05 13:44:16', '2026-03-05 13:44:16'),
(459, 35, '2026-03-01', 'present', '20:28:00', '06:01:00', NULL, NULL, '2026-03-05 13:44:16', '2026-03-05 13:44:16'),
(460, 36, '2026-03-01', 'present', '21:31:00', '06:47:00', NULL, NULL, '2026-03-05 13:44:16', '2026-03-05 13:44:16'),
(461, 37, '2026-03-01', 'present', '21:15:00', '07:53:00', NULL, NULL, '2026-03-05 13:44:16', '2026-03-05 13:44:16'),
(462, 38, '2026-03-01', 'present', '18:01:00', '07:29:00', NULL, NULL, '2026-03-05 13:44:16', '2026-03-05 13:44:16'),
(463, 39, '2026-03-01', 'present', '20:28:00', '08:26:00', NULL, NULL, '2026-03-05 13:44:16', '2026-03-05 13:44:16'),
(464, 40, '2026-03-01', 'present', '21:32:00', '06:47:00', NULL, NULL, '2026-03-05 13:44:16', '2026-03-05 13:44:16'),
(465, 41, '2026-03-01', 'present', '22:18:00', '07:29:00', NULL, NULL, '2026-03-05 13:44:16', '2026-03-05 13:44:16'),
(466, 42, '2026-03-01', 'present', '21:43:00', '08:12:00', NULL, NULL, '2026-03-05 13:44:16', '2026-03-05 13:44:16'),
(467, 43, '2026-03-01', 'present', '20:46:00', '07:37:00', NULL, NULL, '2026-03-05 13:44:16', '2026-03-05 13:44:16'),
(468, 44, '2026-03-01', 'present', '21:39:00', '07:14:00', NULL, NULL, '2026-03-05 13:44:16', '2026-03-05 13:44:16'),
(469, 45, '2026-03-01', 'present', '20:23:00', '07:41:00', NULL, NULL, '2026-03-05 13:44:16', '2026-03-05 13:44:16'),
(470, 46, '2026-03-01', 'present', '22:43:00', '06:53:00', NULL, NULL, '2026-03-05 13:44:16', '2026-03-05 13:44:16'),
(471, 47, '2026-03-01', 'present', '19:12:00', '06:52:00', NULL, NULL, '2026-03-05 13:44:16', '2026-03-05 13:44:16'),
(472, 48, '2026-03-01', 'present', '18:31:00', '06:08:00', NULL, NULL, '2026-03-05 13:44:16', '2026-03-05 13:44:16'),
(473, 49, '2026-03-01', 'justifie', '22:23:00', '07:18:00', 'Certificat médical / Autorisation spéciale', 2, '2026-03-05 13:44:16', '2026-03-05 13:44:16'),
(474, 50, '2026-03-01', 'present', '18:14:00', '08:32:00', NULL, NULL, '2026-03-05 13:44:16', '2026-03-05 13:44:16'),
(475, 51, '2026-03-01', 'present', '18:07:00', '06:51:00', NULL, NULL, '2026-03-05 13:44:16', '2026-03-05 13:44:16'),
(476, 52, '2026-03-01', 'present', '22:39:00', '06:59:00', NULL, NULL, '2026-03-05 13:44:16', '2026-03-05 13:44:16'),
(477, 53, '2026-03-01', 'present', '19:34:00', '06:36:00', NULL, NULL, '2026-03-05 13:44:16', '2026-03-05 13:44:16'),
(478, 54, '2026-03-01', 'present', '18:18:00', '06:28:00', NULL, NULL, '2026-03-05 13:44:16', '2026-03-05 13:44:16'),
(479, 55, '2026-03-01', 'present', '18:14:00', '08:19:00', NULL, NULL, '2026-03-05 13:44:16', '2026-03-05 13:44:16'),
(480, 56, '2026-03-01', 'present', '22:33:00', '08:56:00', NULL, NULL, '2026-03-05 13:44:16', '2026-03-05 13:44:16'),
(481, 57, '2026-03-01', 'present', '21:31:00', '06:03:00', NULL, NULL, '2026-03-05 13:44:16', '2026-03-05 13:44:16'),
(482, 58, '2026-03-01', 'present', '19:49:00', '08:28:00', NULL, NULL, '2026-03-05 13:44:16', '2026-03-05 13:44:16'),
(483, 59, '2026-03-01', 'present', '22:07:00', '07:23:00', NULL, NULL, '2026-03-05 13:44:16', '2026-03-05 13:44:16'),
(484, 60, '2026-03-01', 'present', '22:26:00', '08:31:00', NULL, NULL, '2026-03-05 13:44:16', '2026-03-05 13:44:16'),
(485, 61, '2026-03-01', 'present', '20:28:00', '07:00:00', NULL, NULL, '2026-03-05 13:44:16', '2026-03-05 13:44:16'),
(486, 62, '2026-03-01', 'absent', NULL, NULL, NULL, NULL, '2026-03-05 13:44:16', '2026-03-05 13:44:16'),
(487, 63, '2026-03-01', 'present', '19:07:00', '07:47:00', NULL, NULL, '2026-03-05 13:44:16', '2026-03-05 13:44:16'),
(488, 64, '2026-03-01', 'present', '22:39:00', '08:55:00', NULL, NULL, '2026-03-05 13:44:16', '2026-03-05 13:44:16'),
(489, 65, '2026-03-01', 'absent', NULL, NULL, NULL, NULL, '2026-03-05 13:44:16', '2026-03-05 13:44:16'),
(490, 66, '2026-03-01', 'present', '22:17:00', '08:19:00', NULL, NULL, '2026-03-05 13:44:16', '2026-03-05 13:44:16'),
(491, 67, '2026-03-01', 'present', '22:17:00', '08:46:00', NULL, NULL, '2026-03-05 13:44:16', '2026-03-05 13:44:16'),
(492, 68, '2026-03-01', 'present', '21:45:00', '08:06:00', NULL, NULL, '2026-03-05 13:44:16', '2026-03-05 13:44:16'),
(493, 69, '2026-03-01', 'present', '22:16:00', '08:13:00', NULL, NULL, '2026-03-05 13:44:16', '2026-03-05 13:44:16'),
(494, 70, '2026-03-01', 'present', '20:16:00', '08:14:00', NULL, NULL, '2026-03-05 13:44:16', '2026-03-05 13:44:16'),
(495, 71, '2026-03-01', 'present', '22:35:00', '08:16:00', NULL, NULL, '2026-03-05 13:44:16', '2026-03-05 13:44:16'),
(496, 72, '2026-03-01', 'present', '20:11:00', '07:03:00', NULL, NULL, '2026-03-05 13:44:16', '2026-03-05 13:44:16'),
(497, 73, '2026-03-01', 'present', '21:47:00', '07:49:00', NULL, NULL, '2026-03-05 13:44:16', '2026-03-05 13:44:16'),
(498, 74, '2026-03-01', 'exclu', NULL, NULL, NULL, NULL, '2026-03-05 13:44:16', '2026-03-05 13:44:16'),
(499, 75, '2026-03-01', 'present', '18:14:00', '08:38:00', NULL, NULL, '2026-03-05 13:44:16', '2026-03-05 13:44:16'),
(500, 76, '2026-03-01', 'present', '19:18:00', '07:57:00', NULL, NULL, '2026-03-05 13:44:16', '2026-03-05 13:44:16'),
(501, 77, '2026-03-01', 'present', '18:46:00', '06:05:00', NULL, NULL, '2026-03-05 13:44:16', '2026-03-05 13:44:16'),
(502, 78, '2026-03-01', 'present', '19:03:00', '07:36:00', NULL, NULL, '2026-03-05 13:44:16', '2026-03-05 13:44:16'),
(503, 79, '2026-03-01', 'present', '21:08:00', '06:10:00', NULL, NULL, '2026-03-05 13:44:16', '2026-03-05 13:44:16'),
(504, 80, '2026-03-01', 'present', '20:06:00', '06:06:00', NULL, NULL, '2026-03-05 13:44:16', '2026-03-05 13:44:16'),
(505, 81, '2026-03-01', 'present', '21:34:00', '06:16:00', NULL, NULL, '2026-03-05 13:44:16', '2026-03-05 13:44:16'),
(506, 82, '2026-03-01', 'present', '19:26:00', '08:24:00', NULL, NULL, '2026-03-05 13:44:16', '2026-03-05 13:44:16'),
(507, 83, '2026-03-01', 'present', '20:09:00', '06:39:00', NULL, NULL, '2026-03-05 13:44:16', '2026-03-05 13:44:16'),
(508, 84, '2026-03-01', 'present', '18:24:00', '07:46:00', NULL, NULL, '2026-03-05 13:44:16', '2026-03-05 13:44:16'),
(509, 85, '2026-03-01', 'present', '22:36:00', '06:06:00', NULL, NULL, '2026-03-05 13:44:16', '2026-03-05 13:44:16'),
(510, 86, '2026-03-01', 'present', '19:34:00', '06:33:00', NULL, NULL, '2026-03-05 13:44:16', '2026-03-05 13:44:16'),
(511, 87, '2026-03-01', 'justifie', '21:17:00', '08:18:00', 'Certificat médical / Autorisation spéciale', 4, '2026-03-05 13:44:16', '2026-03-05 13:44:16'),
(512, 88, '2026-03-01', 'present', '20:39:00', '07:20:00', NULL, NULL, '2026-03-05 13:44:16', '2026-03-05 13:44:16'),
(513, 89, '2026-03-01', 'present', '19:36:00', '08:11:00', NULL, NULL, '2026-03-05 13:44:16', '2026-03-05 13:44:16'),
(514, 90, '2026-03-01', 'present', '22:33:00', '07:59:00', NULL, NULL, '2026-03-05 13:44:16', '2026-03-05 13:44:16'),
(515, 91, '2026-03-01', 'present', '20:04:00', '08:34:00', NULL, NULL, '2026-03-05 13:44:16', '2026-03-05 13:44:16'),
(516, 92, '2026-03-01', 'present', '19:22:00', '06:24:00', NULL, NULL, '2026-03-05 13:44:16', '2026-03-05 13:44:16'),
(517, 93, '2026-03-01', 'present', '18:33:00', '06:23:00', NULL, NULL, '2026-03-05 13:44:16', '2026-03-05 13:44:16'),
(518, 94, '2026-03-01', 'present', '21:39:00', '07:05:00', NULL, NULL, '2026-03-05 13:44:16', '2026-03-05 13:44:16'),
(519, 95, '2026-03-01', 'present', '18:29:00', '06:13:00', NULL, NULL, '2026-03-05 13:44:16', '2026-03-05 13:44:16'),
(520, 96, '2026-03-01', 'present', '19:17:00', '06:11:00', NULL, NULL, '2026-03-05 13:44:16', '2026-03-05 13:44:16'),
(521, 97, '2026-03-01', 'justifie', '19:08:00', '07:20:00', 'Certificat médical / Autorisation spéciale', 5, '2026-03-05 13:44:16', '2026-03-05 13:44:16'),
(522, 98, '2026-03-01', 'absent', NULL, NULL, NULL, NULL, '2026-03-05 13:44:16', '2026-03-05 13:44:16'),
(523, 99, '2026-03-01', 'present', '22:00:00', '06:31:00', NULL, NULL, '2026-03-05 13:44:16', '2026-03-05 13:44:16'),
(524, 100, '2026-03-01', 'present', '21:24:00', '08:20:00', NULL, NULL, '2026-03-05 13:44:16', '2026-03-05 13:44:16'),
(525, 101, '2026-03-01', 'present', '21:50:00', '06:55:00', NULL, NULL, '2026-03-05 13:44:16', '2026-03-05 13:44:16'),
(526, 102, '2026-03-01', 'present', '22:15:00', '07:29:00', NULL, NULL, '2026-03-05 13:44:16', '2026-03-05 13:44:16'),
(527, 103, '2026-03-01', 'present', '18:01:00', '07:27:00', NULL, NULL, '2026-03-05 13:44:16', '2026-03-05 13:44:16'),
(528, 104, '2026-03-01', 'present', '20:10:00', '07:30:00', NULL, NULL, '2026-03-05 13:44:16', '2026-03-05 13:44:16'),
(529, 105, '2026-03-01', 'present', '21:15:00', '06:25:00', NULL, NULL, '2026-03-05 13:44:16', '2026-03-05 13:44:16'),
(530, 106, '2026-03-01', 'present', '21:53:00', '08:29:00', NULL, NULL, '2026-03-05 13:44:16', '2026-03-05 13:44:16'),
(531, 1, '2026-02-28', 'present', '20:05:00', '06:39:00', NULL, NULL, '2026-03-05 13:44:16', '2026-03-05 13:44:16'),
(532, 2, '2026-02-28', 'present', '18:39:00', '08:55:00', NULL, NULL, '2026-03-05 13:44:16', '2026-03-05 13:44:16'),
(533, 3, '2026-02-28', 'present', '19:23:00', '06:32:00', NULL, NULL, '2026-03-05 13:44:16', '2026-03-05 13:44:16'),
(534, 4, '2026-02-28', 'present', '18:53:00', '08:34:00', NULL, NULL, '2026-03-05 13:44:16', '2026-03-05 13:44:16'),
(535, 5, '2026-02-28', 'present', '22:42:00', '08:35:00', NULL, NULL, '2026-03-05 13:44:16', '2026-03-05 13:44:16'),
(536, 6, '2026-02-28', 'present', '22:46:00', '08:56:00', NULL, NULL, '2026-03-05 13:44:16', '2026-03-05 13:44:16'),
(537, 7, '2026-02-28', 'present', '20:45:00', '06:35:00', NULL, NULL, '2026-03-05 13:44:16', '2026-03-05 13:44:16'),
(538, 8, '2026-02-28', 'present', '22:57:00', '08:27:00', NULL, NULL, '2026-03-05 13:44:16', '2026-03-05 13:44:16'),
(539, 9, '2026-02-28', 'present', '19:22:00', '08:17:00', NULL, NULL, '2026-03-05 13:44:16', '2026-03-05 13:44:16'),
(540, 10, '2026-02-28', 'absent', NULL, NULL, NULL, NULL, '2026-03-05 13:44:16', '2026-03-05 13:44:16'),
(541, 11, '2026-02-28', 'present', '19:02:00', '07:21:00', NULL, NULL, '2026-03-05 13:44:16', '2026-03-05 13:44:16'),
(542, 12, '2026-02-28', 'present', '20:16:00', '08:33:00', NULL, NULL, '2026-03-05 13:44:16', '2026-03-05 13:44:16'),
(543, 13, '2026-02-28', 'present', '18:59:00', '07:01:00', NULL, NULL, '2026-03-05 13:44:16', '2026-03-05 13:44:16'),
(544, 14, '2026-02-28', 'exclu', NULL, NULL, NULL, NULL, '2026-03-05 13:44:16', '2026-03-05 13:44:16'),
(545, 15, '2026-02-28', 'present', '18:56:00', '08:46:00', NULL, NULL, '2026-03-05 13:44:16', '2026-03-05 13:44:16'),
(546, 16, '2026-02-28', 'present', '22:15:00', '06:56:00', NULL, NULL, '2026-03-05 13:44:16', '2026-03-05 13:44:16'),
(547, 17, '2026-02-28', 'present', '22:57:00', '06:53:00', NULL, NULL, '2026-03-05 13:44:16', '2026-03-05 13:44:16'),
(548, 18, '2026-02-28', 'present', '21:16:00', '06:20:00', NULL, NULL, '2026-03-05 13:44:16', '2026-03-05 13:44:16'),
(549, 19, '2026-02-28', 'present', '22:30:00', '07:13:00', NULL, NULL, '2026-03-05 13:44:16', '2026-03-05 13:44:16'),
(550, 20, '2026-02-28', 'justifie', '19:56:00', '06:08:00', 'Certificat médical / Autorisation spéciale', 6, '2026-03-05 13:44:16', '2026-03-05 13:44:16'),
(551, 21, '2026-02-28', 'justifie', '22:44:00', '08:27:00', 'Certificat médical / Autorisation spéciale', 6, '2026-03-05 13:44:16', '2026-03-05 13:44:16'),
(552, 22, '2026-02-28', 'present', '21:30:00', '07:58:00', NULL, NULL, '2026-03-05 13:44:16', '2026-03-05 13:44:16'),
(553, 23, '2026-02-28', 'absent', NULL, NULL, NULL, NULL, '2026-03-05 13:44:16', '2026-03-05 13:44:16'),
(554, 24, '2026-02-28', 'justifie', '19:44:00', '08:04:00', 'Certificat médical / Autorisation spéciale', 6, '2026-03-05 13:44:16', '2026-03-05 13:44:16'),
(555, 25, '2026-02-28', 'present', '22:48:00', '06:29:00', NULL, NULL, '2026-03-05 13:44:16', '2026-03-05 13:44:16'),
(556, 26, '2026-02-28', 'present', '22:00:00', '06:27:00', NULL, NULL, '2026-03-05 13:44:16', '2026-03-05 13:44:16'),
(557, 27, '2026-02-28', 'absent', NULL, NULL, NULL, NULL, '2026-03-05 13:44:16', '2026-03-05 13:44:16'),
(558, 28, '2026-02-28', 'present', '22:31:00', '07:34:00', NULL, NULL, '2026-03-05 13:44:16', '2026-03-05 13:44:16'),
(559, 29, '2026-02-28', 'present', '20:24:00', '07:53:00', NULL, NULL, '2026-03-05 13:44:16', '2026-03-05 13:44:16'),
(560, 30, '2026-02-28', 'present', '18:42:00', '07:38:00', NULL, NULL, '2026-03-05 13:44:16', '2026-03-05 13:44:16'),
(561, 31, '2026-02-28', 'present', '20:50:00', '07:38:00', NULL, NULL, '2026-03-05 13:44:16', '2026-03-05 13:44:16'),
(562, 32, '2026-02-28', 'present', '21:23:00', '06:40:00', NULL, NULL, '2026-03-05 13:44:16', '2026-03-05 13:44:16'),
(563, 33, '2026-02-28', 'present', '20:30:00', '06:28:00', NULL, NULL, '2026-03-05 13:44:16', '2026-03-05 13:44:16'),
(564, 34, '2026-02-28', 'present', '22:19:00', '07:44:00', NULL, NULL, '2026-03-05 13:44:16', '2026-03-05 13:44:16'),
(565, 35, '2026-02-28', 'present', '21:13:00', '07:44:00', NULL, NULL, '2026-03-05 13:44:16', '2026-03-05 13:44:16'),
(566, 36, '2026-02-28', 'present', '21:22:00', '07:24:00', NULL, NULL, '2026-03-05 13:44:16', '2026-03-05 13:44:16'),
(567, 37, '2026-02-28', 'present', '22:32:00', '06:51:00', NULL, NULL, '2026-03-05 13:44:16', '2026-03-05 13:44:16'),
(568, 38, '2026-02-28', 'justifie', '19:33:00', '06:59:00', 'Certificat médical / Autorisation spéciale', 5, '2026-03-05 13:44:16', '2026-03-05 13:44:16'),
(569, 39, '2026-02-28', 'present', '21:53:00', '08:32:00', NULL, NULL, '2026-03-05 13:44:16', '2026-03-05 13:44:16'),
(570, 40, '2026-02-28', 'present', '20:31:00', '08:38:00', NULL, NULL, '2026-03-05 13:44:16', '2026-03-05 13:44:16'),
(571, 41, '2026-02-28', 'exclu', NULL, NULL, NULL, NULL, '2026-03-05 13:44:16', '2026-03-05 13:44:16'),
(572, 42, '2026-02-28', 'absent', NULL, NULL, NULL, NULL, '2026-03-05 13:44:16', '2026-03-05 13:44:16'),
(573, 43, '2026-02-28', 'present', '19:22:00', '08:15:00', NULL, NULL, '2026-03-05 13:44:16', '2026-03-05 13:44:16'),
(574, 44, '2026-02-28', 'present', '20:32:00', '08:51:00', NULL, NULL, '2026-03-05 13:44:16', '2026-03-05 13:44:16'),
(575, 45, '2026-02-28', 'present', '20:07:00', '06:20:00', NULL, NULL, '2026-03-05 13:44:16', '2026-03-05 13:44:16'),
(576, 46, '2026-02-28', 'present', '19:08:00', '06:14:00', NULL, NULL, '2026-03-05 13:44:16', '2026-03-05 13:44:16'),
(577, 47, '2026-02-28', 'present', '18:23:00', '06:03:00', NULL, NULL, '2026-03-05 13:44:16', '2026-03-05 13:44:16'),
(578, 48, '2026-02-28', 'justifie', '22:42:00', '06:29:00', 'Certificat médical / Autorisation spéciale', 6, '2026-03-05 13:44:16', '2026-03-05 13:44:16'),
(579, 49, '2026-02-28', 'absent', NULL, NULL, NULL, NULL, '2026-03-05 13:44:16', '2026-03-05 13:44:16'),
(580, 50, '2026-02-28', 'present', '18:22:00', '06:24:00', NULL, NULL, '2026-03-05 13:44:16', '2026-03-05 13:44:16'),
(581, 51, '2026-02-28', 'present', '21:49:00', '08:55:00', NULL, NULL, '2026-03-05 13:44:16', '2026-03-05 13:44:16'),
(582, 52, '2026-02-28', 'present', '19:58:00', '08:51:00', NULL, NULL, '2026-03-05 13:44:16', '2026-03-05 13:44:16'),
(583, 53, '2026-02-28', 'present', '21:22:00', '07:41:00', NULL, NULL, '2026-03-05 13:44:16', '2026-03-05 13:44:16'),
(584, 54, '2026-02-28', 'present', '19:59:00', '07:17:00', NULL, NULL, '2026-03-05 13:44:16', '2026-03-05 13:44:16'),
(585, 55, '2026-02-28', 'present', '19:05:00', '06:08:00', NULL, NULL, '2026-03-05 13:44:16', '2026-03-05 13:44:16'),
(586, 56, '2026-02-28', 'present', '21:22:00', '07:31:00', NULL, NULL, '2026-03-05 13:44:16', '2026-03-05 13:44:16'),
(587, 57, '2026-02-28', 'present', '18:42:00', '07:05:00', NULL, NULL, '2026-03-05 13:44:16', '2026-03-05 13:44:16'),
(588, 58, '2026-02-28', 'present', '21:19:00', '08:23:00', NULL, NULL, '2026-03-05 13:44:16', '2026-03-05 13:44:16'),
(589, 59, '2026-02-28', 'present', '21:58:00', '08:28:00', NULL, NULL, '2026-03-05 13:44:16', '2026-03-05 13:44:16'),
(590, 60, '2026-02-28', 'present', '22:45:00', '07:19:00', NULL, NULL, '2026-03-05 13:44:16', '2026-03-05 13:44:16'),
(591, 61, '2026-02-28', 'present', '20:36:00', '07:17:00', NULL, NULL, '2026-03-05 13:44:16', '2026-03-05 13:44:16'),
(592, 62, '2026-02-28', 'present', '19:50:00', '07:44:00', NULL, NULL, '2026-03-05 13:44:16', '2026-03-05 13:44:16'),
(593, 63, '2026-02-28', 'present', '21:59:00', '06:09:00', NULL, NULL, '2026-03-05 13:44:16', '2026-03-05 13:44:16'),
(594, 64, '2026-02-28', 'present', '19:11:00', '08:03:00', NULL, NULL, '2026-03-05 13:44:16', '2026-03-05 13:44:16'),
(595, 65, '2026-02-28', 'present', '20:31:00', '08:34:00', NULL, NULL, '2026-03-05 13:44:16', '2026-03-05 13:44:16'),
(596, 66, '2026-02-28', 'present', '20:15:00', '07:03:00', NULL, NULL, '2026-03-05 13:44:16', '2026-03-05 13:44:16'),
(597, 67, '2026-02-28', 'present', '20:58:00', '08:55:00', NULL, NULL, '2026-03-05 13:44:16', '2026-03-05 13:44:16'),
(598, 68, '2026-02-28', 'present', '19:02:00', '06:00:00', NULL, NULL, '2026-03-05 13:44:16', '2026-03-05 13:44:16'),
(599, 69, '2026-02-28', 'present', '19:00:00', '06:52:00', NULL, NULL, '2026-03-05 13:44:16', '2026-03-05 13:44:16'),
(600, 70, '2026-02-28', 'present', '20:28:00', '07:34:00', NULL, NULL, '2026-03-05 13:44:16', '2026-03-05 13:44:16'),
(601, 71, '2026-02-28', 'present', '22:42:00', '08:38:00', NULL, NULL, '2026-03-05 13:44:16', '2026-03-05 13:44:16'),
(602, 72, '2026-02-28', 'present', '22:50:00', '06:23:00', NULL, NULL, '2026-03-05 13:44:16', '2026-03-05 13:44:16'),
(603, 73, '2026-02-28', 'present', '21:31:00', '07:31:00', NULL, NULL, '2026-03-05 13:44:16', '2026-03-05 13:44:16'),
(604, 74, '2026-02-28', 'present', '18:39:00', '06:37:00', NULL, NULL, '2026-03-05 13:44:16', '2026-03-05 13:44:16'),
(605, 75, '2026-02-28', 'present', '22:15:00', '06:51:00', NULL, NULL, '2026-03-05 13:44:16', '2026-03-05 13:44:16'),
(606, 76, '2026-02-28', 'present', '21:29:00', '08:22:00', NULL, NULL, '2026-03-05 13:44:16', '2026-03-05 13:44:16'),
(607, 77, '2026-02-28', 'present', '21:08:00', '07:22:00', NULL, NULL, '2026-03-05 13:44:16', '2026-03-05 13:44:16'),
(608, 78, '2026-02-28', 'present', '18:16:00', '07:14:00', NULL, NULL, '2026-03-05 13:44:16', '2026-03-05 13:44:16'),
(609, 79, '2026-02-28', 'present', '20:45:00', '07:22:00', NULL, NULL, '2026-03-05 13:44:16', '2026-03-05 13:44:16'),
(610, 80, '2026-02-28', 'present', '21:24:00', '08:13:00', NULL, NULL, '2026-03-05 13:44:16', '2026-03-05 13:44:16'),
(611, 81, '2026-02-28', 'present', '21:37:00', '06:01:00', NULL, NULL, '2026-03-05 13:44:16', '2026-03-05 13:44:16'),
(612, 82, '2026-02-28', 'present', '19:43:00', '08:10:00', NULL, NULL, '2026-03-05 13:44:16', '2026-03-05 13:44:16'),
(613, 83, '2026-02-28', 'present', '21:00:00', '07:24:00', NULL, NULL, '2026-03-05 13:44:16', '2026-03-05 13:44:16'),
(614, 84, '2026-02-28', 'present', '20:17:00', '07:07:00', NULL, NULL, '2026-03-05 13:44:16', '2026-03-05 13:44:16'),
(615, 85, '2026-02-28', 'present', '20:19:00', '06:36:00', NULL, NULL, '2026-03-05 13:44:16', '2026-03-05 13:44:16'),
(616, 86, '2026-02-28', 'present', '20:30:00', '07:17:00', NULL, NULL, '2026-03-05 13:44:16', '2026-03-05 13:44:16'),
(617, 87, '2026-02-28', 'justifie', '18:31:00', '08:05:00', 'Certificat médical / Autorisation spéciale', 4, '2026-03-05 13:44:16', '2026-03-05 13:44:16'),
(618, 88, '2026-02-28', 'present', '18:26:00', '07:32:00', NULL, NULL, '2026-03-05 13:44:16', '2026-03-05 13:44:16'),
(619, 89, '2026-02-28', 'present', '19:45:00', '08:58:00', NULL, NULL, '2026-03-05 13:44:16', '2026-03-05 13:44:16'),
(620, 90, '2026-02-28', 'present', '19:53:00', '08:12:00', NULL, NULL, '2026-03-05 13:44:16', '2026-03-05 13:44:16'),
(621, 91, '2026-02-28', 'absent', NULL, NULL, NULL, NULL, '2026-03-05 13:44:16', '2026-03-05 13:44:16'),
(622, 92, '2026-02-28', 'exclu', NULL, NULL, NULL, NULL, '2026-03-05 13:44:16', '2026-03-05 13:44:16'),
(623, 93, '2026-02-28', 'present', '22:49:00', '08:17:00', NULL, NULL, '2026-03-05 13:44:16', '2026-03-05 13:44:16'),
(624, 94, '2026-02-28', 'absent', NULL, NULL, NULL, NULL, '2026-03-05 13:44:16', '2026-03-05 13:44:16'),
(625, 95, '2026-02-28', 'present', '19:10:00', '07:08:00', NULL, NULL, '2026-03-05 13:44:16', '2026-03-05 13:44:16'),
(626, 96, '2026-02-28', 'present', '19:01:00', '08:20:00', NULL, NULL, '2026-03-05 13:44:16', '2026-03-05 13:44:16'),
(627, 97, '2026-02-28', 'present', '18:27:00', '07:01:00', NULL, NULL, '2026-03-05 13:44:16', '2026-03-05 13:44:16'),
(628, 98, '2026-02-28', 'present', '19:12:00', '07:06:00', NULL, NULL, '2026-03-05 13:44:16', '2026-03-05 13:44:16'),
(629, 99, '2026-02-28', 'exclu', NULL, NULL, NULL, NULL, '2026-03-05 13:44:16', '2026-03-05 13:44:16'),
(630, 100, '2026-02-28', 'present', '21:28:00', '08:15:00', NULL, NULL, '2026-03-05 13:44:16', '2026-03-05 13:44:16'),
(631, 101, '2026-02-28', 'present', '21:22:00', '06:26:00', NULL, NULL, '2026-03-05 13:44:16', '2026-03-05 13:44:16'),
(632, 102, '2026-02-28', 'present', '18:00:00', '08:10:00', NULL, NULL, '2026-03-05 13:44:16', '2026-03-05 13:44:16'),
(633, 103, '2026-02-28', 'present', '22:04:00', '06:04:00', NULL, NULL, '2026-03-05 13:44:16', '2026-03-05 13:44:16'),
(634, 104, '2026-02-28', 'present', '21:24:00', '08:02:00', NULL, NULL, '2026-03-05 13:44:16', '2026-03-05 13:44:16'),
(635, 105, '2026-02-28', 'present', '18:30:00', '06:58:00', NULL, NULL, '2026-03-05 13:44:16', '2026-03-05 13:44:16'),
(636, 106, '2026-02-28', 'present', '18:12:00', '07:36:00', NULL, NULL, '2026-03-05 13:44:16', '2026-03-05 13:44:16'),
(637, 1, '2026-02-27', 'present', '18:30:00', '07:51:00', NULL, NULL, '2026-03-05 13:44:16', '2026-03-05 13:44:16'),
(638, 2, '2026-02-27', 'present', '21:28:00', '08:36:00', NULL, NULL, '2026-03-05 13:44:16', '2026-03-05 13:44:16'),
(639, 3, '2026-02-27', 'present', '19:13:00', '07:11:00', NULL, NULL, '2026-03-05 13:44:16', '2026-03-05 13:44:16'),
(640, 4, '2026-02-27', 'present', '19:17:00', '08:44:00', NULL, NULL, '2026-03-05 13:44:16', '2026-03-05 13:44:16'),
(641, 5, '2026-02-27', 'present', '19:00:00', '08:26:00', NULL, NULL, '2026-03-05 13:44:16', '2026-03-05 13:44:16'),
(642, 6, '2026-02-27', 'present', '18:10:00', '06:29:00', NULL, NULL, '2026-03-05 13:44:16', '2026-03-05 13:44:16'),
(643, 7, '2026-02-27', 'exclu', NULL, NULL, NULL, NULL, '2026-03-05 13:44:16', '2026-03-05 13:44:16'),
(644, 8, '2026-02-27', 'present', '20:55:00', '08:55:00', NULL, NULL, '2026-03-05 13:44:16', '2026-03-05 13:44:16'),
(645, 9, '2026-02-27', 'present', '22:17:00', '08:01:00', NULL, NULL, '2026-03-05 13:44:16', '2026-03-05 13:44:16'),
(646, 10, '2026-02-27', 'present', '20:29:00', '06:57:00', NULL, NULL, '2026-03-05 13:44:16', '2026-03-05 13:44:16'),
(647, 11, '2026-02-27', 'present', '20:48:00', '08:58:00', NULL, NULL, '2026-03-05 13:44:16', '2026-03-05 13:44:16'),
(648, 12, '2026-02-27', 'present', '19:08:00', '07:06:00', NULL, NULL, '2026-03-05 13:44:16', '2026-03-05 13:44:16'),
(649, 13, '2026-02-27', 'present', '20:46:00', '07:28:00', NULL, NULL, '2026-03-05 13:44:16', '2026-03-05 13:44:16'),
(650, 14, '2026-02-27', 'present', '22:55:00', '06:34:00', NULL, NULL, '2026-03-05 13:44:16', '2026-03-05 13:44:16'),
(651, 15, '2026-02-27', 'present', '22:59:00', '06:54:00', NULL, NULL, '2026-03-05 13:44:16', '2026-03-05 13:44:16'),
(652, 16, '2026-02-27', 'present', '18:03:00', '08:00:00', NULL, NULL, '2026-03-05 13:44:16', '2026-03-05 13:44:16'),
(653, 17, '2026-02-27', 'present', '20:22:00', '07:56:00', NULL, NULL, '2026-03-05 13:44:16', '2026-03-05 13:44:16'),
(654, 18, '2026-02-27', 'present', '19:19:00', '08:40:00', NULL, NULL, '2026-03-05 13:44:16', '2026-03-05 13:44:16'),
(655, 19, '2026-02-27', 'present', '21:55:00', '08:40:00', NULL, NULL, '2026-03-05 13:44:16', '2026-03-05 13:44:16'),
(656, 20, '2026-02-27', 'present', '19:04:00', '08:23:00', NULL, NULL, '2026-03-05 13:44:16', '2026-03-05 13:44:16'),
(657, 21, '2026-02-27', 'present', '22:47:00', '07:05:00', NULL, NULL, '2026-03-05 13:44:16', '2026-03-05 13:44:16'),
(658, 22, '2026-02-27', 'justifie', '19:44:00', '08:33:00', 'Certificat médical / Autorisation spéciale', 2, '2026-03-05 13:44:16', '2026-03-05 13:44:16'),
(659, 23, '2026-02-27', 'absent', NULL, NULL, NULL, NULL, '2026-03-05 13:44:16', '2026-03-05 13:44:16'),
(660, 24, '2026-02-27', 'present', '21:17:00', '06:12:00', NULL, NULL, '2026-03-05 13:44:16', '2026-03-05 13:44:16'),
(661, 25, '2026-02-27', 'present', '21:38:00', '06:07:00', NULL, NULL, '2026-03-05 13:44:16', '2026-03-05 13:44:16'),
(662, 26, '2026-02-27', 'present', '22:36:00', '06:20:00', NULL, NULL, '2026-03-05 13:44:16', '2026-03-05 13:44:16'),
(663, 27, '2026-02-27', 'present', '20:53:00', '07:15:00', NULL, NULL, '2026-03-05 13:44:16', '2026-03-05 13:44:16'),
(664, 28, '2026-02-27', 'justifie', '20:55:00', '08:06:00', 'Certificat médical / Autorisation spéciale', 4, '2026-03-05 13:44:16', '2026-03-05 13:44:16'),
(665, 29, '2026-02-27', 'present', '18:27:00', '06:53:00', NULL, NULL, '2026-03-05 13:44:16', '2026-03-05 13:44:16'),
(666, 30, '2026-02-27', 'present', '21:53:00', '08:22:00', NULL, NULL, '2026-03-05 13:44:16', '2026-03-05 13:44:16'),
(667, 31, '2026-02-27', 'present', '21:01:00', '06:43:00', NULL, NULL, '2026-03-05 13:44:16', '2026-03-05 13:44:16'),
(668, 32, '2026-02-27', 'present', '21:48:00', '08:17:00', NULL, NULL, '2026-03-05 13:44:16', '2026-03-05 13:44:16'),
(669, 33, '2026-02-27', 'present', '19:36:00', '08:14:00', NULL, NULL, '2026-03-05 13:44:16', '2026-03-05 13:44:16'),
(670, 34, '2026-02-27', 'present', '22:41:00', '08:10:00', NULL, NULL, '2026-03-05 13:44:16', '2026-03-05 13:44:16'),
(671, 35, '2026-02-27', 'present', '22:34:00', '08:21:00', NULL, NULL, '2026-03-05 13:44:16', '2026-03-05 13:44:16'),
(672, 36, '2026-02-27', 'present', '21:22:00', '06:16:00', NULL, NULL, '2026-03-05 13:44:16', '2026-03-05 13:44:16'),
(673, 37, '2026-02-27', 'present', '21:24:00', '07:38:00', NULL, NULL, '2026-03-05 13:44:16', '2026-03-05 13:44:16'),
(674, 38, '2026-02-27', 'absent', NULL, NULL, NULL, NULL, '2026-03-05 13:44:16', '2026-03-05 13:44:16'),
(675, 39, '2026-02-27', 'exclu', NULL, NULL, NULL, NULL, '2026-03-05 13:44:16', '2026-03-05 13:44:16'),
(676, 40, '2026-02-27', 'present', '22:25:00', '08:17:00', NULL, NULL, '2026-03-05 13:44:16', '2026-03-05 13:44:16'),
(677, 41, '2026-02-27', 'present', '22:26:00', '08:55:00', NULL, NULL, '2026-03-05 13:44:16', '2026-03-05 13:44:16'),
(678, 42, '2026-02-27', 'present', '19:29:00', '07:16:00', NULL, NULL, '2026-03-05 13:44:16', '2026-03-05 13:44:16'),
(679, 43, '2026-02-27', 'present', '19:36:00', '07:43:00', NULL, NULL, '2026-03-05 13:44:16', '2026-03-05 13:44:16'),
(680, 44, '2026-02-27', 'present', '19:27:00', '08:55:00', NULL, NULL, '2026-03-05 13:44:16', '2026-03-05 13:44:16'),
(681, 45, '2026-02-27', 'present', '18:42:00', '08:23:00', NULL, NULL, '2026-03-05 13:44:16', '2026-03-05 13:44:16'),
(682, 46, '2026-02-27', 'present', '18:58:00', '08:37:00', NULL, NULL, '2026-03-05 13:44:16', '2026-03-05 13:44:16'),
(683, 47, '2026-02-27', 'exclu', NULL, NULL, NULL, NULL, '2026-03-05 13:44:16', '2026-03-05 13:44:16'),
(684, 48, '2026-02-27', 'present', '20:25:00', '08:04:00', NULL, NULL, '2026-03-05 13:44:16', '2026-03-05 13:44:16'),
(685, 49, '2026-02-27', 'present', '21:18:00', '08:01:00', NULL, NULL, '2026-03-05 13:44:16', '2026-03-05 13:44:16'),
(686, 50, '2026-02-27', 'present', '22:25:00', '08:20:00', NULL, NULL, '2026-03-05 13:44:16', '2026-03-05 13:44:16'),
(687, 51, '2026-02-27', 'present', '22:04:00', '06:22:00', NULL, NULL, '2026-03-05 13:44:16', '2026-03-05 13:44:16'),
(688, 52, '2026-02-27', 'present', '21:45:00', '07:27:00', NULL, NULL, '2026-03-05 13:44:16', '2026-03-05 13:44:16'),
(689, 53, '2026-02-27', 'present', '21:22:00', '07:31:00', NULL, NULL, '2026-03-05 13:44:16', '2026-03-05 13:44:16'),
(690, 54, '2026-02-27', 'present', '21:58:00', '06:10:00', NULL, NULL, '2026-03-05 13:44:16', '2026-03-05 13:44:16'),
(691, 55, '2026-02-27', 'present', '19:35:00', '07:33:00', NULL, NULL, '2026-03-05 13:44:16', '2026-03-05 13:44:16'),
(692, 56, '2026-02-27', 'present', '22:56:00', '08:41:00', NULL, NULL, '2026-03-05 13:44:16', '2026-03-05 13:44:16'),
(693, 57, '2026-02-27', 'present', '18:46:00', '08:48:00', NULL, NULL, '2026-03-05 13:44:16', '2026-03-05 13:44:16'),
(694, 58, '2026-02-27', 'present', '20:44:00', '08:09:00', NULL, NULL, '2026-03-05 13:44:16', '2026-03-05 13:44:16'),
(695, 59, '2026-02-27', 'present', '22:44:00', '08:36:00', NULL, NULL, '2026-03-05 13:44:16', '2026-03-05 13:44:16'),
(696, 60, '2026-02-27', 'present', '20:25:00', '07:19:00', NULL, NULL, '2026-03-05 13:44:16', '2026-03-05 13:44:16'),
(697, 61, '2026-02-27', 'justifie', '20:35:00', '08:25:00', 'Certificat médical / Autorisation spéciale', 3, '2026-03-05 13:44:16', '2026-03-05 13:44:16'),
(698, 62, '2026-02-27', 'present', '22:38:00', '08:54:00', NULL, NULL, '2026-03-05 13:44:16', '2026-03-05 13:44:16'),
(699, 63, '2026-02-27', 'exclu', NULL, NULL, NULL, NULL, '2026-03-05 13:44:16', '2026-03-05 13:44:16'),
(700, 64, '2026-02-27', 'present', '20:50:00', '07:59:00', NULL, NULL, '2026-03-05 13:44:16', '2026-03-05 13:44:16'),
(701, 65, '2026-02-27', 'present', '20:21:00', '07:32:00', NULL, NULL, '2026-03-05 13:44:16', '2026-03-05 13:44:16'),
(702, 66, '2026-02-27', 'present', '21:54:00', '07:38:00', NULL, NULL, '2026-03-05 13:44:16', '2026-03-05 13:44:16'),
(703, 67, '2026-02-27', 'justifie', '19:55:00', '08:02:00', 'Certificat médical / Autorisation spéciale', 3, '2026-03-05 13:44:16', '2026-03-05 13:44:16'),
(704, 68, '2026-02-27', 'present', '21:16:00', '08:00:00', NULL, NULL, '2026-03-05 13:44:16', '2026-03-05 13:44:16'),
(705, 69, '2026-02-27', 'present', '22:19:00', '07:46:00', NULL, NULL, '2026-03-05 13:44:16', '2026-03-05 13:44:16'),
(706, 70, '2026-02-27', 'present', '20:24:00', '07:50:00', NULL, NULL, '2026-03-05 13:44:16', '2026-03-05 13:44:16'),
(707, 71, '2026-02-27', 'present', '21:21:00', '08:03:00', NULL, NULL, '2026-03-05 13:44:16', '2026-03-05 13:44:16'),
(708, 72, '2026-02-27', 'exclu', NULL, NULL, NULL, NULL, '2026-03-05 13:44:16', '2026-03-05 13:44:16'),
(709, 73, '2026-02-27', 'present', '20:11:00', '06:47:00', NULL, NULL, '2026-03-05 13:44:16', '2026-03-05 13:44:16'),
(710, 74, '2026-02-27', 'present', '22:32:00', '07:14:00', NULL, NULL, '2026-03-05 13:44:16', '2026-03-05 13:44:16'),
(711, 75, '2026-02-27', 'present', '22:20:00', '06:24:00', NULL, NULL, '2026-03-05 13:44:16', '2026-03-05 13:44:16'),
(712, 76, '2026-02-27', 'present', '20:45:00', '07:12:00', NULL, NULL, '2026-03-05 13:44:16', '2026-03-05 13:44:16'),
(713, 77, '2026-02-27', 'present', '21:25:00', '06:24:00', NULL, NULL, '2026-03-05 13:44:16', '2026-03-05 13:44:16'),
(714, 78, '2026-02-27', 'present', '18:02:00', '07:37:00', NULL, NULL, '2026-03-05 13:44:16', '2026-03-05 13:44:16'),
(715, 79, '2026-02-27', 'present', '18:51:00', '07:26:00', NULL, NULL, '2026-03-05 13:44:16', '2026-03-05 13:44:16'),
(716, 80, '2026-02-27', 'present', '18:18:00', '06:44:00', NULL, NULL, '2026-03-05 13:44:16', '2026-03-05 13:44:16'),
(717, 81, '2026-02-27', 'present', '21:38:00', '06:14:00', NULL, NULL, '2026-03-05 13:44:16', '2026-03-05 13:44:16'),
(718, 82, '2026-02-27', 'present', '20:41:00', '07:20:00', NULL, NULL, '2026-03-05 13:44:16', '2026-03-05 13:44:16'),
(719, 83, '2026-02-27', 'present', '18:47:00', '07:02:00', NULL, NULL, '2026-03-05 13:44:16', '2026-03-05 13:44:16'),
(720, 84, '2026-02-27', 'present', '19:56:00', '08:46:00', NULL, NULL, '2026-03-05 13:44:16', '2026-03-05 13:44:16'),
(721, 85, '2026-02-27', 'present', '18:25:00', '07:51:00', NULL, NULL, '2026-03-05 13:44:16', '2026-03-05 13:44:16'),
(722, 86, '2026-02-27', 'present', '18:36:00', '06:54:00', NULL, NULL, '2026-03-05 13:44:16', '2026-03-05 13:44:16'),
(723, 87, '2026-02-27', 'present', '19:02:00', '07:49:00', NULL, NULL, '2026-03-05 13:44:16', '2026-03-05 13:44:16'),
(724, 88, '2026-02-27', 'justifie', '21:25:00', '06:45:00', 'Certificat médical / Autorisation spéciale', 2, '2026-03-05 13:44:16', '2026-03-05 13:44:16'),
(725, 89, '2026-02-27', 'present', '19:23:00', '06:27:00', NULL, NULL, '2026-03-05 13:44:16', '2026-03-05 13:44:16'),
(726, 90, '2026-02-27', 'present', '18:03:00', '08:07:00', NULL, NULL, '2026-03-05 13:44:16', '2026-03-05 13:44:16'),
(727, 91, '2026-02-27', 'present', '18:21:00', '07:24:00', NULL, NULL, '2026-03-05 13:44:16', '2026-03-05 13:44:16'),
(728, 92, '2026-02-27', 'present', '18:38:00', '07:05:00', NULL, NULL, '2026-03-05 13:44:16', '2026-03-05 13:44:16'),
(729, 93, '2026-02-27', 'present', '21:13:00', '06:16:00', NULL, NULL, '2026-03-05 13:44:16', '2026-03-05 13:44:16'),
(730, 94, '2026-02-27', 'present', '22:56:00', '08:20:00', NULL, NULL, '2026-03-05 13:44:16', '2026-03-05 13:44:16'),
(731, 95, '2026-02-27', 'present', '22:20:00', '08:28:00', NULL, NULL, '2026-03-05 13:44:16', '2026-03-05 13:44:16'),
(732, 96, '2026-02-27', 'present', '18:26:00', '07:35:00', NULL, NULL, '2026-03-05 13:44:16', '2026-03-05 13:44:16'),
(733, 97, '2026-02-27', 'present', '21:22:00', '06:58:00', NULL, NULL, '2026-03-05 13:44:16', '2026-03-05 13:44:16'),
(734, 98, '2026-02-27', 'exclu', NULL, NULL, NULL, NULL, '2026-03-05 13:44:16', '2026-03-05 13:44:16'),
(735, 99, '2026-02-27', 'present', '19:24:00', '07:12:00', NULL, NULL, '2026-03-05 13:44:16', '2026-03-05 13:44:16'),
(736, 100, '2026-02-27', 'present', '19:38:00', '07:56:00', NULL, NULL, '2026-03-05 13:44:16', '2026-03-05 13:44:16'),
(737, 101, '2026-02-27', 'present', '20:08:00', '08:23:00', NULL, NULL, '2026-03-05 13:44:16', '2026-03-05 13:44:16'),
(738, 102, '2026-02-27', 'justifie', '18:56:00', '08:45:00', 'Certificat médical / Autorisation spéciale', 5, '2026-03-05 13:44:16', '2026-03-05 13:44:16'),
(739, 103, '2026-02-27', 'absent', NULL, NULL, NULL, NULL, '2026-03-05 13:44:16', '2026-03-05 13:44:16'),
(740, 104, '2026-02-27', 'present', '20:27:00', '07:10:00', NULL, NULL, '2026-03-05 13:44:16', '2026-03-05 13:44:16'),
(741, 105, '2026-02-27', 'absent', NULL, NULL, NULL, NULL, '2026-03-05 13:44:16', '2026-03-05 13:44:16'),
(742, 106, '2026-02-27', 'present', '21:57:00', '07:15:00', NULL, NULL, '2026-03-05 13:44:16', '2026-03-05 13:44:16'),
(743, 1, '2026-02-26', 'present', '21:21:00', '07:11:00', NULL, NULL, '2026-03-05 13:44:16', '2026-03-05 13:44:16'),
(744, 2, '2026-02-26', 'present', '20:09:00', '06:49:00', NULL, NULL, '2026-03-05 13:44:16', '2026-03-05 13:44:16'),
(745, 3, '2026-02-26', 'present', '21:38:00', '08:21:00', NULL, NULL, '2026-03-05 13:44:16', '2026-03-05 13:44:16'),
(746, 4, '2026-02-26', 'present', '19:56:00', '07:16:00', NULL, NULL, '2026-03-05 13:44:16', '2026-03-05 13:44:16'),
(747, 5, '2026-02-26', 'present', '19:22:00', '07:37:00', NULL, NULL, '2026-03-05 13:44:16', '2026-03-05 13:44:16'),
(748, 6, '2026-02-26', 'present', '20:14:00', '07:22:00', NULL, NULL, '2026-03-05 13:44:16', '2026-03-05 13:44:16'),
(749, 7, '2026-02-26', 'present', '19:04:00', '07:09:00', NULL, NULL, '2026-03-05 13:44:16', '2026-03-05 13:44:16'),
(750, 8, '2026-02-26', 'present', '22:02:00', '07:14:00', NULL, NULL, '2026-03-05 13:44:16', '2026-03-05 13:44:16'),
(751, 9, '2026-02-26', 'present', '19:38:00', '08:45:00', NULL, NULL, '2026-03-05 13:44:16', '2026-03-05 13:44:16'),
(752, 10, '2026-02-26', 'present', '18:39:00', '08:29:00', NULL, NULL, '2026-03-05 13:44:16', '2026-03-05 13:44:16'),
(753, 11, '2026-02-26', 'present', '19:36:00', '06:53:00', NULL, NULL, '2026-03-05 13:44:16', '2026-03-05 13:44:16'),
(754, 12, '2026-02-26', 'justifie', '19:28:00', '06:50:00', 'Certificat médical / Autorisation spéciale', 6, '2026-03-05 13:44:16', '2026-03-05 13:44:16'),
(755, 13, '2026-02-26', 'present', '20:55:00', '07:45:00', NULL, NULL, '2026-03-05 13:44:16', '2026-03-05 13:44:16'),
(756, 14, '2026-02-26', 'present', '21:18:00', '07:18:00', NULL, NULL, '2026-03-05 13:44:16', '2026-03-05 13:44:16'),
(757, 15, '2026-02-26', 'justifie', '21:43:00', '08:45:00', 'Certificat médical / Autorisation spéciale', 2, '2026-03-05 13:44:16', '2026-03-05 13:44:16'),
(758, 16, '2026-02-26', 'present', '21:22:00', '06:12:00', NULL, NULL, '2026-03-05 13:44:16', '2026-03-05 13:44:16'),
(759, 17, '2026-02-26', 'present', '20:24:00', '06:33:00', NULL, NULL, '2026-03-05 13:44:16', '2026-03-05 13:44:16'),
(760, 18, '2026-02-26', 'present', '18:19:00', '06:03:00', NULL, NULL, '2026-03-05 13:44:16', '2026-03-05 13:44:16'),
(761, 19, '2026-02-26', 'present', '21:06:00', '06:05:00', NULL, NULL, '2026-03-05 13:44:16', '2026-03-05 13:44:16'),
(762, 20, '2026-02-26', 'justifie', '18:29:00', '06:07:00', 'Certificat médical / Autorisation spéciale', 4, '2026-03-05 13:44:16', '2026-03-05 13:44:16'),
(763, 21, '2026-02-26', 'present', '20:34:00', '06:08:00', NULL, NULL, '2026-03-05 13:44:16', '2026-03-05 13:44:16'),
(764, 22, '2026-02-26', 'present', '18:47:00', '06:56:00', NULL, NULL, '2026-03-05 13:44:16', '2026-03-05 13:44:16'),
(765, 23, '2026-02-26', 'present', '19:00:00', '08:10:00', NULL, NULL, '2026-03-05 13:44:16', '2026-03-05 13:44:16'),
(766, 24, '2026-02-26', 'present', '18:57:00', '08:36:00', NULL, NULL, '2026-03-05 13:44:16', '2026-03-05 13:44:16'),
(767, 25, '2026-02-26', 'present', '21:35:00', '08:06:00', NULL, NULL, '2026-03-05 13:44:16', '2026-03-05 13:44:16'),
(768, 26, '2026-02-26', 'absent', NULL, NULL, NULL, NULL, '2026-03-05 13:44:16', '2026-03-05 13:44:16'),
(769, 27, '2026-02-26', 'present', '19:37:00', '08:28:00', NULL, NULL, '2026-03-05 13:44:16', '2026-03-05 13:44:16'),
(770, 28, '2026-02-26', 'present', '20:07:00', '08:24:00', NULL, NULL, '2026-03-05 13:44:16', '2026-03-05 13:44:16'),
(771, 29, '2026-02-26', 'present', '19:13:00', '06:14:00', NULL, NULL, '2026-03-05 13:44:16', '2026-03-05 13:44:16'),
(772, 30, '2026-02-26', 'absent', NULL, NULL, NULL, NULL, '2026-03-05 13:44:16', '2026-03-05 13:44:16'),
(773, 31, '2026-02-26', 'present', '18:15:00', '08:46:00', NULL, NULL, '2026-03-05 13:44:16', '2026-03-05 13:44:16'),
(774, 32, '2026-02-26', 'present', '21:05:00', '08:56:00', NULL, NULL, '2026-03-05 13:44:16', '2026-03-05 13:44:16'),
(775, 33, '2026-02-26', 'present', '18:51:00', '06:24:00', NULL, NULL, '2026-03-05 13:44:16', '2026-03-05 13:44:16'),
(776, 34, '2026-02-26', 'absent', NULL, NULL, NULL, NULL, '2026-03-05 13:44:16', '2026-03-05 13:44:16'),
(777, 35, '2026-02-26', 'present', '18:22:00', '07:07:00', NULL, NULL, '2026-03-05 13:44:16', '2026-03-05 13:44:16'),
(778, 36, '2026-02-26', 'present', '22:58:00', '07:29:00', NULL, NULL, '2026-03-05 13:44:16', '2026-03-05 13:44:16'),
(779, 37, '2026-02-26', 'present', '22:43:00', '07:08:00', NULL, NULL, '2026-03-05 13:44:16', '2026-03-05 13:44:16'),
(780, 38, '2026-02-26', 'present', '18:34:00', '07:31:00', NULL, NULL, '2026-03-05 13:44:16', '2026-03-05 13:44:16'),
(781, 39, '2026-02-26', 'present', '18:29:00', '08:23:00', NULL, NULL, '2026-03-05 13:44:16', '2026-03-05 13:44:16'),
(782, 40, '2026-02-26', 'present', '19:32:00', '07:42:00', NULL, NULL, '2026-03-05 13:44:16', '2026-03-05 13:44:16'),
(783, 41, '2026-02-26', 'present', '20:04:00', '06:26:00', NULL, NULL, '2026-03-05 13:44:16', '2026-03-05 13:44:16'),
(784, 42, '2026-02-26', 'present', '20:53:00', '07:22:00', NULL, NULL, '2026-03-05 13:44:16', '2026-03-05 13:44:16'),
(785, 43, '2026-02-26', 'present', '21:59:00', '06:27:00', NULL, NULL, '2026-03-05 13:44:16', '2026-03-05 13:44:16'),
(786, 44, '2026-02-26', 'present', '19:25:00', '06:26:00', NULL, NULL, '2026-03-05 13:44:16', '2026-03-05 13:44:16'),
(787, 45, '2026-02-26', 'present', '18:45:00', '07:13:00', NULL, NULL, '2026-03-05 13:44:16', '2026-03-05 13:44:16'),
(788, 46, '2026-02-26', 'present', '22:46:00', '07:51:00', NULL, NULL, '2026-03-05 13:44:16', '2026-03-05 13:44:16'),
(789, 47, '2026-02-26', 'present', '20:14:00', '06:31:00', NULL, NULL, '2026-03-05 13:44:16', '2026-03-05 13:44:16'),
(790, 48, '2026-02-26', 'present', '18:10:00', '06:15:00', NULL, NULL, '2026-03-05 13:44:16', '2026-03-05 13:44:16'),
(791, 49, '2026-02-26', 'present', '20:02:00', '06:34:00', NULL, NULL, '2026-03-05 13:44:16', '2026-03-05 13:44:16'),
(792, 50, '2026-02-26', 'present', '21:28:00', '08:54:00', NULL, NULL, '2026-03-05 13:44:16', '2026-03-05 13:44:16'),
(793, 51, '2026-02-26', 'exclu', NULL, NULL, NULL, NULL, '2026-03-05 13:44:16', '2026-03-05 13:44:16'),
(794, 52, '2026-02-26', 'present', '21:59:00', '07:48:00', NULL, NULL, '2026-03-05 13:44:16', '2026-03-05 13:44:16'),
(795, 53, '2026-02-26', 'present', '20:18:00', '06:48:00', NULL, NULL, '2026-03-05 13:44:16', '2026-03-05 13:44:16'),
(796, 54, '2026-02-26', 'present', '19:57:00', '07:19:00', NULL, NULL, '2026-03-05 13:44:16', '2026-03-05 13:44:16'),
(797, 55, '2026-02-26', 'exclu', NULL, NULL, NULL, NULL, '2026-03-05 13:44:16', '2026-03-05 13:44:16'),
(798, 56, '2026-02-26', 'present', '21:07:00', '07:12:00', NULL, NULL, '2026-03-05 13:44:16', '2026-03-05 13:44:16'),
(799, 57, '2026-02-26', 'present', '19:05:00', '07:29:00', NULL, NULL, '2026-03-05 13:44:16', '2026-03-05 13:44:16'),
(800, 58, '2026-02-26', 'present', '22:35:00', '08:33:00', NULL, NULL, '2026-03-05 13:44:16', '2026-03-05 13:44:16'),
(801, 59, '2026-02-26', 'present', '18:05:00', '06:07:00', NULL, NULL, '2026-03-05 13:44:16', '2026-03-05 13:44:16'),
(802, 60, '2026-02-26', 'present', '19:37:00', '08:00:00', NULL, NULL, '2026-03-05 13:44:16', '2026-03-05 13:44:16'),
(803, 61, '2026-02-26', 'present', '18:36:00', '07:08:00', NULL, NULL, '2026-03-05 13:44:16', '2026-03-05 13:44:16'),
(804, 62, '2026-02-26', 'present', '19:17:00', '08:50:00', NULL, NULL, '2026-03-05 13:44:16', '2026-03-05 13:44:16'),
(805, 63, '2026-02-26', 'present', '20:31:00', '08:36:00', NULL, NULL, '2026-03-05 13:44:16', '2026-03-05 13:44:16'),
(806, 64, '2026-02-26', 'present', '21:18:00', '07:30:00', NULL, NULL, '2026-03-05 13:44:16', '2026-03-05 13:44:16'),
(807, 65, '2026-02-26', 'present', '20:34:00', '07:02:00', NULL, NULL, '2026-03-05 13:44:16', '2026-03-05 13:44:16'),
(808, 66, '2026-02-26', 'present', '21:16:00', '08:34:00', NULL, NULL, '2026-03-05 13:44:16', '2026-03-05 13:44:16'),
(809, 67, '2026-02-26', 'present', '19:40:00', '08:49:00', NULL, NULL, '2026-03-05 13:44:16', '2026-03-05 13:44:16'),
(810, 68, '2026-02-26', 'present', '20:22:00', '07:26:00', NULL, NULL, '2026-03-05 13:44:16', '2026-03-05 13:44:16'),
(811, 69, '2026-02-26', 'present', '19:01:00', '07:22:00', NULL, NULL, '2026-03-05 13:44:16', '2026-03-05 13:44:16'),
(812, 70, '2026-02-26', 'present', '20:26:00', '08:45:00', NULL, NULL, '2026-03-05 13:44:16', '2026-03-05 13:44:16'),
(813, 71, '2026-02-26', 'present', '21:34:00', '06:07:00', NULL, NULL, '2026-03-05 13:44:16', '2026-03-05 13:44:16'),
(814, 72, '2026-02-26', 'present', '18:19:00', '07:01:00', NULL, NULL, '2026-03-05 13:44:16', '2026-03-05 13:44:16'),
(815, 73, '2026-02-26', 'present', '18:05:00', '07:30:00', NULL, NULL, '2026-03-05 13:44:16', '2026-03-05 13:44:16'),
(816, 74, '2026-02-26', 'present', '22:52:00', '07:49:00', NULL, NULL, '2026-03-05 13:44:16', '2026-03-05 13:44:16'),
(817, 75, '2026-02-26', 'exclu', NULL, NULL, NULL, NULL, '2026-03-05 13:44:16', '2026-03-05 13:44:16'),
(818, 76, '2026-02-26', 'present', '20:05:00', '06:47:00', NULL, NULL, '2026-03-05 13:44:16', '2026-03-05 13:44:16'),
(819, 77, '2026-02-26', 'present', '20:03:00', '07:12:00', NULL, NULL, '2026-03-05 13:44:16', '2026-03-05 13:44:16'),
(820, 78, '2026-02-26', 'present', '22:38:00', '07:52:00', NULL, NULL, '2026-03-05 13:44:16', '2026-03-05 13:44:16'),
(821, 79, '2026-02-26', 'present', '20:09:00', '08:50:00', NULL, NULL, '2026-03-05 13:44:16', '2026-03-05 13:44:16'),
(822, 80, '2026-02-26', 'exclu', NULL, NULL, NULL, NULL, '2026-03-05 13:44:16', '2026-03-05 13:44:16'),
(823, 81, '2026-02-26', 'present', '20:13:00', '07:43:00', NULL, NULL, '2026-03-05 13:44:16', '2026-03-05 13:44:16'),
(824, 82, '2026-02-26', 'present', '22:14:00', '07:44:00', NULL, NULL, '2026-03-05 13:44:16', '2026-03-05 13:44:16'),
(825, 83, '2026-02-26', 'exclu', NULL, NULL, NULL, NULL, '2026-03-05 13:44:16', '2026-03-05 13:44:16'),
(826, 84, '2026-02-26', 'present', '18:38:00', '07:09:00', NULL, NULL, '2026-03-05 13:44:16', '2026-03-05 13:44:16'),
(827, 85, '2026-02-26', 'justifie', '20:10:00', '08:37:00', 'Certificat médical / Autorisation spéciale', 5, '2026-03-05 13:44:16', '2026-03-05 13:44:16'),
(828, 86, '2026-02-26', 'present', '20:15:00', '08:17:00', NULL, NULL, '2026-03-05 13:44:16', '2026-03-05 13:44:16'),
(829, 87, '2026-02-26', 'present', '19:56:00', '07:00:00', NULL, NULL, '2026-03-05 13:44:16', '2026-03-05 13:44:16'),
(830, 88, '2026-02-26', 'present', '22:35:00', '07:58:00', NULL, NULL, '2026-03-05 13:44:16', '2026-03-05 13:44:16'),
(831, 89, '2026-02-26', 'present', '20:30:00', '08:58:00', NULL, NULL, '2026-03-05 13:44:16', '2026-03-05 13:44:16'),
(832, 90, '2026-02-26', 'present', '19:17:00', '07:07:00', NULL, NULL, '2026-03-05 13:44:16', '2026-03-05 13:44:16'),
(833, 91, '2026-02-26', 'present', '21:17:00', '06:41:00', NULL, NULL, '2026-03-05 13:44:16', '2026-03-05 13:44:16'),
(834, 92, '2026-02-26', 'exclu', NULL, NULL, NULL, NULL, '2026-03-05 13:44:16', '2026-03-05 13:44:16'),
(835, 93, '2026-02-26', 'present', '19:56:00', '06:09:00', NULL, NULL, '2026-03-05 13:44:16', '2026-03-05 13:44:16'),
(836, 94, '2026-02-26', 'present', '20:47:00', '07:15:00', NULL, NULL, '2026-03-05 13:44:16', '2026-03-05 13:44:16'),
(837, 95, '2026-02-26', 'present', '21:37:00', '07:07:00', NULL, NULL, '2026-03-05 13:44:16', '2026-03-05 13:44:16'),
(838, 96, '2026-02-26', 'present', '19:53:00', '06:19:00', NULL, NULL, '2026-03-05 13:44:16', '2026-03-05 13:44:16'),
(839, 97, '2026-02-26', 'present', '19:12:00', '06:15:00', NULL, NULL, '2026-03-05 13:44:16', '2026-03-05 13:44:16'),
(840, 98, '2026-02-26', 'present', '18:51:00', '08:30:00', NULL, NULL, '2026-03-05 13:44:16', '2026-03-05 13:44:16'),
(841, 99, '2026-02-26', 'present', '19:06:00', '08:10:00', NULL, NULL, '2026-03-05 13:44:16', '2026-03-05 13:44:16'),
(842, 100, '2026-02-26', 'present', '21:10:00', '06:39:00', NULL, NULL, '2026-03-05 13:44:16', '2026-03-05 13:44:16'),
(843, 101, '2026-02-26', 'present', '20:18:00', '07:30:00', NULL, NULL, '2026-03-05 13:44:16', '2026-03-05 13:44:16'),
(844, 102, '2026-02-26', 'present', '18:42:00', '07:23:00', NULL, NULL, '2026-03-05 13:44:16', '2026-03-05 13:44:16'),
(845, 103, '2026-02-26', 'present', '18:21:00', '08:04:00', NULL, NULL, '2026-03-05 13:44:16', '2026-03-05 13:44:16'),
(846, 104, '2026-02-26', 'present', '20:09:00', '06:25:00', NULL, NULL, '2026-03-05 13:44:16', '2026-03-05 13:44:16'),
(847, 105, '2026-02-26', 'present', '20:35:00', '06:27:00', NULL, NULL, '2026-03-05 13:44:16', '2026-03-05 13:44:16'),
(848, 106, '2026-02-26', 'present', '19:01:00', '06:57:00', NULL, NULL, '2026-03-05 13:44:16', '2026-03-05 13:44:16'),
(849, 1, '2026-02-25', 'present', '19:52:00', '06:53:00', NULL, NULL, '2026-03-05 13:44:16', '2026-03-05 13:44:16'),
(850, 2, '2026-02-25', 'present', '20:50:00', '08:40:00', NULL, NULL, '2026-03-05 13:44:16', '2026-03-05 13:44:16'),
(851, 3, '2026-02-25', 'present', '22:18:00', '08:47:00', NULL, NULL, '2026-03-05 13:44:16', '2026-03-05 13:44:16'),
(852, 4, '2026-02-25', 'present', '18:40:00', '08:15:00', NULL, NULL, '2026-03-05 13:44:16', '2026-03-05 13:44:16'),
(853, 5, '2026-02-25', 'present', '19:32:00', '06:23:00', NULL, NULL, '2026-03-05 13:44:16', '2026-03-05 13:44:16'),
(854, 6, '2026-02-25', 'present', '18:03:00', '08:13:00', NULL, NULL, '2026-03-05 13:44:16', '2026-03-05 13:44:16'),
(855, 7, '2026-02-25', 'present', '21:15:00', '08:59:00', NULL, NULL, '2026-03-05 13:44:16', '2026-03-05 13:44:16');
INSERT INTO `presences` (`id`, `etudiant_id`, `date`, `statut`, `heure_entree`, `heure_sortie`, `justification`, `valide_par`, `created_at`, `updated_at`) VALUES
(856, 8, '2026-02-25', 'present', '21:26:00', '07:54:00', NULL, NULL, '2026-03-05 13:44:16', '2026-03-05 13:44:16'),
(857, 9, '2026-02-25', 'present', '21:49:00', '08:13:00', NULL, NULL, '2026-03-05 13:44:16', '2026-03-05 13:44:16'),
(858, 10, '2026-02-25', 'present', '21:28:00', '07:18:00', NULL, NULL, '2026-03-05 13:44:16', '2026-03-05 13:44:16'),
(859, 11, '2026-02-25', 'exclu', NULL, NULL, NULL, NULL, '2026-03-05 13:44:16', '2026-03-05 13:44:16'),
(860, 12, '2026-02-25', 'present', '19:27:00', '08:26:00', NULL, NULL, '2026-03-05 13:44:16', '2026-03-05 13:44:16'),
(861, 13, '2026-02-25', 'present', '19:18:00', '07:41:00', NULL, NULL, '2026-03-05 13:44:16', '2026-03-05 13:44:16'),
(862, 14, '2026-02-25', 'justifie', '21:44:00', '07:50:00', 'Certificat médical / Autorisation spéciale', 5, '2026-03-05 13:44:16', '2026-03-05 13:44:16'),
(863, 15, '2026-02-25', 'present', '19:42:00', '06:24:00', NULL, NULL, '2026-03-05 13:44:16', '2026-03-05 13:44:16'),
(864, 16, '2026-02-25', 'exclu', NULL, NULL, NULL, NULL, '2026-03-05 13:44:16', '2026-03-05 13:44:16'),
(865, 17, '2026-02-25', 'present', '21:33:00', '06:57:00', NULL, NULL, '2026-03-05 13:44:16', '2026-03-05 13:44:16'),
(866, 18, '2026-02-25', 'present', '21:48:00', '07:00:00', NULL, NULL, '2026-03-05 13:44:16', '2026-03-05 13:44:16'),
(867, 19, '2026-02-25', 'present', '20:12:00', '07:23:00', NULL, NULL, '2026-03-05 13:44:16', '2026-03-05 13:44:16'),
(868, 20, '2026-02-25', 'justifie', '22:36:00', '06:57:00', 'Certificat médical / Autorisation spéciale', 4, '2026-03-05 13:44:16', '2026-03-05 13:44:16'),
(869, 21, '2026-02-25', 'present', '20:19:00', '07:00:00', NULL, NULL, '2026-03-05 13:44:16', '2026-03-05 13:44:16'),
(870, 22, '2026-02-25', 'present', '20:35:00', '08:38:00', NULL, NULL, '2026-03-05 13:44:16', '2026-03-05 13:44:16'),
(871, 23, '2026-02-25', 'present', '18:07:00', '06:13:00', NULL, NULL, '2026-03-05 13:44:16', '2026-03-05 13:44:16'),
(872, 24, '2026-02-25', 'present', '19:24:00', '08:19:00', NULL, NULL, '2026-03-05 13:44:16', '2026-03-05 13:44:16'),
(873, 25, '2026-02-25', 'present', '21:39:00', '06:01:00', NULL, NULL, '2026-03-05 13:44:16', '2026-03-05 13:44:16'),
(874, 26, '2026-02-25', 'present', '21:42:00', '07:00:00', NULL, NULL, '2026-03-05 13:44:16', '2026-03-05 13:44:16'),
(875, 27, '2026-02-25', 'present', '22:38:00', '06:45:00', NULL, NULL, '2026-03-05 13:44:16', '2026-03-05 13:44:16'),
(876, 28, '2026-02-25', 'present', '20:18:00', '06:19:00', NULL, NULL, '2026-03-05 13:44:16', '2026-03-05 13:44:16'),
(877, 29, '2026-02-25', 'present', '18:30:00', '08:46:00', NULL, NULL, '2026-03-05 13:44:16', '2026-03-05 13:44:16'),
(878, 30, '2026-02-25', 'exclu', NULL, NULL, NULL, NULL, '2026-03-05 13:44:16', '2026-03-05 13:44:16'),
(879, 31, '2026-02-25', 'present', '21:19:00', '08:57:00', NULL, NULL, '2026-03-05 13:44:16', '2026-03-05 13:44:16'),
(880, 32, '2026-02-25', 'present', '19:27:00', '06:41:00', NULL, NULL, '2026-03-05 13:44:16', '2026-03-05 13:44:16'),
(881, 33, '2026-02-25', 'present', '20:46:00', '07:17:00', NULL, NULL, '2026-03-05 13:44:16', '2026-03-05 13:44:16'),
(882, 34, '2026-02-25', 'present', '21:53:00', '08:13:00', NULL, NULL, '2026-03-05 13:44:16', '2026-03-05 13:44:16'),
(883, 35, '2026-02-25', 'present', '18:01:00', '08:20:00', NULL, NULL, '2026-03-05 13:44:16', '2026-03-05 13:44:16'),
(884, 36, '2026-02-25', 'present', '22:09:00', '07:16:00', NULL, NULL, '2026-03-05 13:44:16', '2026-03-05 13:44:16'),
(885, 37, '2026-02-25', 'exclu', NULL, NULL, NULL, NULL, '2026-03-05 13:44:16', '2026-03-05 13:44:16'),
(886, 38, '2026-02-25', 'present', '18:35:00', '08:49:00', NULL, NULL, '2026-03-05 13:44:16', '2026-03-05 13:44:16'),
(887, 39, '2026-02-25', 'absent', NULL, NULL, NULL, NULL, '2026-03-05 13:44:16', '2026-03-05 13:44:16'),
(888, 40, '2026-02-25', 'absent', NULL, NULL, NULL, NULL, '2026-03-05 13:44:16', '2026-03-05 13:44:16'),
(889, 41, '2026-02-25', 'present', '21:24:00', '07:32:00', NULL, NULL, '2026-03-05 13:44:16', '2026-03-05 13:44:16'),
(890, 42, '2026-02-25', 'exclu', NULL, NULL, NULL, NULL, '2026-03-05 13:44:16', '2026-03-05 13:44:16'),
(891, 43, '2026-02-25', 'present', '20:58:00', '07:31:00', NULL, NULL, '2026-03-05 13:44:16', '2026-03-05 13:44:16'),
(892, 44, '2026-02-25', 'present', '18:08:00', '08:07:00', NULL, NULL, '2026-03-05 13:44:16', '2026-03-05 13:44:16'),
(893, 45, '2026-02-25', 'justifie', '18:37:00', '06:57:00', 'Certificat médical / Autorisation spéciale', 3, '2026-03-05 13:44:16', '2026-03-05 13:44:16'),
(894, 46, '2026-02-25', 'absent', NULL, NULL, NULL, NULL, '2026-03-05 13:44:16', '2026-03-05 13:44:16'),
(895, 47, '2026-02-25', 'present', '22:11:00', '07:43:00', NULL, NULL, '2026-03-05 13:44:16', '2026-03-05 13:44:16'),
(896, 48, '2026-02-25', 'present', '22:12:00', '06:10:00', NULL, NULL, '2026-03-05 13:44:16', '2026-03-05 13:44:16'),
(897, 49, '2026-02-25', 'present', '21:25:00', '06:55:00', NULL, NULL, '2026-03-05 13:44:16', '2026-03-05 13:44:16'),
(898, 50, '2026-02-25', 'present', '20:30:00', '08:02:00', NULL, NULL, '2026-03-05 13:44:16', '2026-03-05 13:44:16'),
(899, 51, '2026-02-25', 'present', '22:45:00', '06:24:00', NULL, NULL, '2026-03-05 13:44:16', '2026-03-05 13:44:16'),
(900, 52, '2026-02-25', 'present', '18:46:00', '06:56:00', NULL, NULL, '2026-03-05 13:44:16', '2026-03-05 13:44:16'),
(901, 53, '2026-02-25', 'present', '20:34:00', '08:45:00', NULL, NULL, '2026-03-05 13:44:16', '2026-03-05 13:44:16'),
(902, 54, '2026-02-25', 'present', '19:23:00', '08:24:00', NULL, NULL, '2026-03-05 13:44:16', '2026-03-05 13:44:16'),
(903, 55, '2026-02-25', 'present', '22:31:00', '08:02:00', NULL, NULL, '2026-03-05 13:44:16', '2026-03-05 13:44:16'),
(904, 56, '2026-02-25', 'present', '19:26:00', '06:37:00', NULL, NULL, '2026-03-05 13:44:16', '2026-03-05 13:44:16'),
(905, 57, '2026-02-25', 'present', '22:51:00', '06:27:00', NULL, NULL, '2026-03-05 13:44:16', '2026-03-05 13:44:16'),
(906, 58, '2026-02-25', 'present', '21:32:00', '07:06:00', NULL, NULL, '2026-03-05 13:44:16', '2026-03-05 13:44:16'),
(907, 59, '2026-02-25', 'present', '18:13:00', '07:31:00', NULL, NULL, '2026-03-05 13:44:16', '2026-03-05 13:44:16'),
(908, 60, '2026-02-25', 'present', '19:50:00', '08:18:00', NULL, NULL, '2026-03-05 13:44:16', '2026-03-05 13:44:16'),
(909, 61, '2026-02-25', 'justifie', '21:42:00', '08:12:00', 'Certificat médical / Autorisation spéciale', 5, '2026-03-05 13:44:16', '2026-03-05 13:44:16'),
(910, 62, '2026-02-25', 'present', '22:54:00', '06:13:00', NULL, NULL, '2026-03-05 13:44:16', '2026-03-05 13:44:16'),
(911, 63, '2026-02-25', 'present', '22:58:00', '06:36:00', NULL, NULL, '2026-03-05 13:44:16', '2026-03-05 13:44:16'),
(912, 64, '2026-02-25', 'present', '19:34:00', '08:18:00', NULL, NULL, '2026-03-05 13:44:16', '2026-03-05 13:44:16'),
(913, 65, '2026-02-25', 'present', '18:55:00', '08:26:00', NULL, NULL, '2026-03-05 13:44:16', '2026-03-05 13:44:16'),
(914, 66, '2026-02-25', 'absent', NULL, NULL, NULL, NULL, '2026-03-05 13:44:16', '2026-03-05 13:44:16'),
(915, 67, '2026-02-25', 'present', '21:47:00', '07:20:00', NULL, NULL, '2026-03-05 13:44:16', '2026-03-05 13:44:16'),
(916, 68, '2026-02-25', 'present', '20:43:00', '08:27:00', NULL, NULL, '2026-03-05 13:44:16', '2026-03-05 13:44:16'),
(917, 69, '2026-02-25', 'present', '22:42:00', '08:52:00', NULL, NULL, '2026-03-05 13:44:16', '2026-03-05 13:44:16'),
(918, 70, '2026-02-25', 'justifie', '20:03:00', '08:54:00', 'Certificat médical / Autorisation spéciale', 3, '2026-03-05 13:44:16', '2026-03-05 13:44:16'),
(919, 71, '2026-02-25', 'present', '19:52:00', '07:58:00', NULL, NULL, '2026-03-05 13:44:16', '2026-03-05 13:44:16'),
(920, 72, '2026-02-25', 'present', '19:51:00', '06:54:00', NULL, NULL, '2026-03-05 13:44:16', '2026-03-05 13:44:16'),
(921, 73, '2026-02-25', 'justifie', '18:52:00', '06:16:00', 'Certificat médical / Autorisation spéciale', 5, '2026-03-05 13:44:16', '2026-03-05 13:44:16'),
(922, 74, '2026-02-25', 'present', '21:42:00', '06:08:00', NULL, NULL, '2026-03-05 13:44:16', '2026-03-05 13:44:16'),
(923, 75, '2026-02-25', 'present', '21:32:00', '08:33:00', NULL, NULL, '2026-03-05 13:44:16', '2026-03-05 13:44:16'),
(924, 76, '2026-02-25', 'present', '18:33:00', '08:48:00', NULL, NULL, '2026-03-05 13:44:16', '2026-03-05 13:44:16'),
(925, 77, '2026-02-25', 'present', '19:25:00', '06:56:00', NULL, NULL, '2026-03-05 13:44:16', '2026-03-05 13:44:16'),
(926, 78, '2026-02-25', 'present', '18:54:00', '06:28:00', NULL, NULL, '2026-03-05 13:44:16', '2026-03-05 13:44:16'),
(927, 79, '2026-02-25', 'present', '18:35:00', '07:32:00', NULL, NULL, '2026-03-05 13:44:16', '2026-03-05 13:44:16'),
(928, 80, '2026-02-25', 'present', '19:04:00', '06:23:00', NULL, NULL, '2026-03-05 13:44:16', '2026-03-05 13:44:16'),
(929, 81, '2026-02-25', 'exclu', NULL, NULL, NULL, NULL, '2026-03-05 13:44:16', '2026-03-05 13:44:16'),
(930, 82, '2026-02-25', 'present', '18:06:00', '06:19:00', NULL, NULL, '2026-03-05 13:44:16', '2026-03-05 13:44:16'),
(931, 83, '2026-02-25', 'present', '22:49:00', '07:36:00', NULL, NULL, '2026-03-05 13:44:16', '2026-03-05 13:44:16'),
(932, 84, '2026-02-25', 'present', '20:53:00', '06:17:00', NULL, NULL, '2026-03-05 13:44:16', '2026-03-05 13:44:16'),
(933, 85, '2026-02-25', 'present', '20:01:00', '07:42:00', NULL, NULL, '2026-03-05 13:44:16', '2026-03-05 13:44:16'),
(934, 86, '2026-02-25', 'present', '21:35:00', '06:59:00', NULL, NULL, '2026-03-05 13:44:16', '2026-03-05 13:44:16'),
(935, 87, '2026-02-25', 'present', '21:07:00', '08:02:00', NULL, NULL, '2026-03-05 13:44:16', '2026-03-05 13:44:16'),
(936, 88, '2026-02-25', 'present', '22:00:00', '06:23:00', NULL, NULL, '2026-03-05 13:44:16', '2026-03-05 13:44:16'),
(937, 89, '2026-02-25', 'present', '21:19:00', '08:47:00', NULL, NULL, '2026-03-05 13:44:16', '2026-03-05 13:44:16'),
(938, 90, '2026-02-25', 'present', '20:09:00', '08:25:00', NULL, NULL, '2026-03-05 13:44:16', '2026-03-05 13:44:16'),
(939, 91, '2026-02-25', 'present', '21:43:00', '06:18:00', NULL, NULL, '2026-03-05 13:44:16', '2026-03-05 13:44:16'),
(940, 92, '2026-02-25', 'exclu', NULL, NULL, NULL, NULL, '2026-03-05 13:44:16', '2026-03-05 13:44:16'),
(941, 93, '2026-02-25', 'present', '21:20:00', '06:09:00', NULL, NULL, '2026-03-05 13:44:16', '2026-03-05 13:44:16'),
(942, 94, '2026-02-25', 'present', '21:49:00', '08:35:00', NULL, NULL, '2026-03-05 13:44:16', '2026-03-05 13:44:16'),
(943, 95, '2026-02-25', 'exclu', NULL, NULL, NULL, NULL, '2026-03-05 13:44:16', '2026-03-05 13:44:16'),
(944, 96, '2026-02-25', 'present', '22:14:00', '07:25:00', NULL, NULL, '2026-03-05 13:44:16', '2026-03-05 13:44:16'),
(945, 97, '2026-02-25', 'absent', NULL, NULL, NULL, NULL, '2026-03-05 13:44:16', '2026-03-05 13:44:16'),
(946, 98, '2026-02-25', 'present', '21:59:00', '08:59:00', NULL, NULL, '2026-03-05 13:44:16', '2026-03-05 13:44:16'),
(947, 99, '2026-02-25', 'present', '22:52:00', '08:11:00', NULL, NULL, '2026-03-05 13:44:16', '2026-03-05 13:44:16'),
(948, 100, '2026-02-25', 'present', '19:39:00', '06:10:00', NULL, NULL, '2026-03-05 13:44:16', '2026-03-05 13:44:16'),
(949, 101, '2026-02-25', 'present', '21:24:00', '07:26:00', NULL, NULL, '2026-03-05 13:44:16', '2026-03-05 13:44:16'),
(950, 102, '2026-02-25', 'absent', NULL, NULL, NULL, NULL, '2026-03-05 13:44:16', '2026-03-05 13:44:16'),
(951, 103, '2026-02-25', 'present', '18:43:00', '07:47:00', NULL, NULL, '2026-03-05 13:44:16', '2026-03-05 13:44:16'),
(952, 104, '2026-02-25', 'present', '20:29:00', '06:18:00', NULL, NULL, '2026-03-05 13:44:16', '2026-03-05 13:44:16'),
(953, 105, '2026-02-25', 'present', '21:01:00', '06:41:00', NULL, NULL, '2026-03-05 13:44:16', '2026-03-05 13:44:16'),
(954, 106, '2026-02-25', 'present', '19:20:00', '07:17:00', NULL, NULL, '2026-03-05 13:44:16', '2026-03-05 13:44:16'),
(955, 1, '2026-02-24', 'present', '22:05:00', '08:46:00', NULL, NULL, '2026-03-05 13:44:16', '2026-03-05 13:44:16'),
(956, 2, '2026-02-24', 'present', '18:43:00', '08:37:00', NULL, NULL, '2026-03-05 13:44:16', '2026-03-05 13:44:16'),
(957, 3, '2026-02-24', 'present', '21:48:00', '08:06:00', NULL, NULL, '2026-03-05 13:44:16', '2026-03-05 13:44:16'),
(958, 4, '2026-02-24', 'absent', NULL, NULL, NULL, NULL, '2026-03-05 13:44:16', '2026-03-05 13:44:16'),
(959, 5, '2026-02-24', 'present', '18:53:00', '07:16:00', NULL, NULL, '2026-03-05 13:44:16', '2026-03-05 13:44:16'),
(960, 6, '2026-02-24', 'present', '22:18:00', '08:03:00', NULL, NULL, '2026-03-05 13:44:16', '2026-03-05 13:44:16'),
(961, 7, '2026-02-24', 'present', '18:50:00', '08:32:00', NULL, NULL, '2026-03-05 13:44:16', '2026-03-05 13:44:16'),
(962, 8, '2026-02-24', 'present', '20:22:00', '08:18:00', NULL, NULL, '2026-03-05 13:44:16', '2026-03-05 13:44:16'),
(963, 9, '2026-02-24', 'exclu', NULL, NULL, NULL, NULL, '2026-03-05 13:44:16', '2026-03-05 13:44:16'),
(964, 10, '2026-02-24', 'exclu', NULL, NULL, NULL, NULL, '2026-03-05 13:44:16', '2026-03-05 13:44:16'),
(965, 11, '2026-02-24', 'present', '18:54:00', '07:12:00', NULL, NULL, '2026-03-05 13:44:16', '2026-03-05 13:44:16'),
(966, 12, '2026-02-24', 'present', '21:14:00', '08:01:00', NULL, NULL, '2026-03-05 13:44:16', '2026-03-05 13:44:16'),
(967, 13, '2026-02-24', 'present', '18:20:00', '07:14:00', NULL, NULL, '2026-03-05 13:44:16', '2026-03-05 13:44:16'),
(968, 14, '2026-02-24', 'present', '22:59:00', '08:48:00', NULL, NULL, '2026-03-05 13:44:16', '2026-03-05 13:44:16'),
(969, 15, '2026-02-24', 'present', '18:30:00', '07:28:00', NULL, NULL, '2026-03-05 13:44:16', '2026-03-05 13:44:16'),
(970, 16, '2026-02-24', 'justifie', '20:06:00', '06:45:00', 'Certificat médical / Autorisation spéciale', 4, '2026-03-05 13:44:16', '2026-03-05 13:44:16'),
(971, 17, '2026-02-24', 'present', '20:51:00', '07:25:00', NULL, NULL, '2026-03-05 13:44:16', '2026-03-05 13:44:16'),
(972, 18, '2026-02-24', 'present', '20:31:00', '08:30:00', NULL, NULL, '2026-03-05 13:44:16', '2026-03-05 13:44:16'),
(973, 19, '2026-02-24', 'present', '21:48:00', '08:08:00', NULL, NULL, '2026-03-05 13:44:16', '2026-03-05 13:44:16'),
(974, 20, '2026-02-24', 'justifie', '18:26:00', '08:01:00', 'Certificat médical / Autorisation spéciale', 4, '2026-03-05 13:44:16', '2026-03-05 13:44:16'),
(975, 21, '2026-02-24', 'present', '22:13:00', '06:09:00', NULL, NULL, '2026-03-05 13:44:16', '2026-03-05 13:44:16'),
(976, 22, '2026-02-24', 'present', '19:26:00', '08:47:00', NULL, NULL, '2026-03-05 13:44:16', '2026-03-05 13:44:16'),
(977, 23, '2026-02-24', 'present', '20:12:00', '07:11:00', NULL, NULL, '2026-03-05 13:44:17', '2026-03-05 13:44:17'),
(978, 24, '2026-02-24', 'present', '20:42:00', '07:07:00', NULL, NULL, '2026-03-05 13:44:17', '2026-03-05 13:44:17'),
(979, 25, '2026-02-24', 'present', '19:46:00', '08:55:00', NULL, NULL, '2026-03-05 13:44:17', '2026-03-05 13:44:17'),
(980, 26, '2026-02-24', 'present', '18:42:00', '08:19:00', NULL, NULL, '2026-03-05 13:44:17', '2026-03-05 13:44:17'),
(981, 27, '2026-02-24', 'present', '20:06:00', '06:08:00', NULL, NULL, '2026-03-05 13:44:17', '2026-03-05 13:44:17'),
(982, 28, '2026-02-24', 'present', '22:38:00', '07:37:00', NULL, NULL, '2026-03-05 13:44:17', '2026-03-05 13:44:17'),
(983, 29, '2026-02-24', 'present', '22:44:00', '08:59:00', NULL, NULL, '2026-03-05 13:44:17', '2026-03-05 13:44:17'),
(984, 30, '2026-02-24', 'present', '20:32:00', '08:57:00', NULL, NULL, '2026-03-05 13:44:17', '2026-03-05 13:44:17'),
(985, 31, '2026-02-24', 'present', '18:10:00', '08:11:00', NULL, NULL, '2026-03-05 13:44:17', '2026-03-05 13:44:17'),
(986, 32, '2026-02-24', 'justifie', '22:59:00', '06:23:00', 'Certificat médical / Autorisation spéciale', 5, '2026-03-05 13:44:17', '2026-03-05 13:44:17'),
(987, 33, '2026-02-24', 'present', '18:39:00', '07:14:00', NULL, NULL, '2026-03-05 13:44:17', '2026-03-05 13:44:17'),
(988, 34, '2026-02-24', 'present', '21:11:00', '08:35:00', NULL, NULL, '2026-03-05 13:44:17', '2026-03-05 13:44:17'),
(989, 35, '2026-02-24', 'present', '18:37:00', '06:56:00', NULL, NULL, '2026-03-05 13:44:17', '2026-03-05 13:44:17'),
(990, 36, '2026-02-24', 'present', '19:31:00', '06:52:00', NULL, NULL, '2026-03-05 13:44:17', '2026-03-05 13:44:17'),
(991, 37, '2026-02-24', 'present', '19:57:00', '08:54:00', NULL, NULL, '2026-03-05 13:44:17', '2026-03-05 13:44:17'),
(992, 38, '2026-02-24', 'present', '21:42:00', '07:09:00', NULL, NULL, '2026-03-05 13:44:17', '2026-03-05 13:44:17'),
(993, 39, '2026-02-24', 'present', '21:57:00', '08:59:00', NULL, NULL, '2026-03-05 13:44:17', '2026-03-05 13:44:17'),
(994, 40, '2026-02-24', 'present', '21:07:00', '06:38:00', NULL, NULL, '2026-03-05 13:44:17', '2026-03-05 13:44:17'),
(995, 41, '2026-02-24', 'present', '21:24:00', '08:08:00', NULL, NULL, '2026-03-05 13:44:17', '2026-03-05 13:44:17'),
(996, 42, '2026-02-24', 'present', '22:16:00', '06:16:00', NULL, NULL, '2026-03-05 13:44:17', '2026-03-05 13:44:17'),
(997, 43, '2026-02-24', 'present', '20:07:00', '08:31:00', NULL, NULL, '2026-03-05 13:44:17', '2026-03-05 13:44:17'),
(998, 44, '2026-02-24', 'present', '18:09:00', '08:54:00', NULL, NULL, '2026-03-05 13:44:17', '2026-03-05 13:44:17'),
(999, 45, '2026-02-24', 'present', '18:09:00', '08:12:00', NULL, NULL, '2026-03-05 13:44:17', '2026-03-05 13:44:17'),
(1000, 46, '2026-02-24', 'present', '18:47:00', '08:15:00', NULL, NULL, '2026-03-05 13:44:17', '2026-03-05 13:44:17'),
(1001, 47, '2026-02-24', 'justifie', '19:48:00', '08:42:00', 'Certificat médical / Autorisation spéciale', 2, '2026-03-05 13:44:17', '2026-03-05 13:44:17'),
(1002, 48, '2026-02-24', 'present', '22:35:00', '08:22:00', NULL, NULL, '2026-03-05 13:44:17', '2026-03-05 13:44:17'),
(1003, 49, '2026-02-24', 'present', '19:38:00', '08:23:00', NULL, NULL, '2026-03-05 13:44:17', '2026-03-05 13:44:17'),
(1004, 50, '2026-02-24', 'present', '22:42:00', '08:00:00', NULL, NULL, '2026-03-05 13:44:17', '2026-03-05 13:44:17'),
(1005, 51, '2026-02-24', 'absent', NULL, NULL, NULL, NULL, '2026-03-05 13:44:17', '2026-03-05 13:44:17'),
(1006, 52, '2026-02-24', 'present', '20:29:00', '07:52:00', NULL, NULL, '2026-03-05 13:44:17', '2026-03-05 13:44:17'),
(1007, 53, '2026-02-24', 'present', '20:25:00', '07:55:00', NULL, NULL, '2026-03-05 13:44:17', '2026-03-05 13:44:17'),
(1008, 54, '2026-02-24', 'present', '22:31:00', '07:44:00', NULL, NULL, '2026-03-05 13:44:17', '2026-03-05 13:44:17'),
(1009, 55, '2026-02-24', 'present', '19:05:00', '07:37:00', NULL, NULL, '2026-03-05 13:44:17', '2026-03-05 13:44:17'),
(1010, 56, '2026-02-24', 'present', '22:55:00', '06:56:00', NULL, NULL, '2026-03-05 13:44:17', '2026-03-05 13:44:17'),
(1011, 57, '2026-02-24', 'present', '22:59:00', '07:49:00', NULL, NULL, '2026-03-05 13:44:17', '2026-03-05 13:44:17'),
(1012, 58, '2026-02-24', 'present', '20:23:00', '06:12:00', NULL, NULL, '2026-03-05 13:44:17', '2026-03-05 13:44:17'),
(1013, 59, '2026-02-24', 'present', '20:51:00', '07:28:00', NULL, NULL, '2026-03-05 13:44:17', '2026-03-05 13:44:17'),
(1014, 60, '2026-02-24', 'present', '18:01:00', '06:49:00', NULL, NULL, '2026-03-05 13:44:17', '2026-03-05 13:44:17'),
(1015, 61, '2026-02-24', 'present', '22:56:00', '06:33:00', NULL, NULL, '2026-03-05 13:44:17', '2026-03-05 13:44:17'),
(1016, 62, '2026-02-24', 'present', '19:17:00', '06:06:00', NULL, NULL, '2026-03-05 13:44:17', '2026-03-05 13:44:17'),
(1017, 63, '2026-02-24', 'present', '18:32:00', '07:21:00', NULL, NULL, '2026-03-05 13:44:17', '2026-03-05 13:44:17'),
(1018, 64, '2026-02-24', 'present', '18:34:00', '06:42:00', NULL, NULL, '2026-03-05 13:44:17', '2026-03-05 13:44:17'),
(1019, 65, '2026-02-24', 'present', '19:10:00', '06:21:00', NULL, NULL, '2026-03-05 13:44:17', '2026-03-05 13:44:17'),
(1020, 66, '2026-02-24', 'present', '21:35:00', '06:17:00', NULL, NULL, '2026-03-05 13:44:17', '2026-03-05 13:44:17'),
(1021, 67, '2026-02-24', 'present', '22:28:00', '07:24:00', NULL, NULL, '2026-03-05 13:44:17', '2026-03-05 13:44:17'),
(1022, 68, '2026-02-24', 'present', '19:47:00', '06:50:00', NULL, NULL, '2026-03-05 13:44:17', '2026-03-05 13:44:17'),
(1023, 69, '2026-02-24', 'present', '20:35:00', '07:28:00', NULL, NULL, '2026-03-05 13:44:17', '2026-03-05 13:44:17'),
(1024, 70, '2026-02-24', 'present', '21:33:00', '08:28:00', NULL, NULL, '2026-03-05 13:44:17', '2026-03-05 13:44:17'),
(1025, 71, '2026-02-24', 'present', '19:48:00', '08:08:00', NULL, NULL, '2026-03-05 13:44:17', '2026-03-05 13:44:17'),
(1026, 72, '2026-02-24', 'present', '19:38:00', '08:19:00', NULL, NULL, '2026-03-05 13:44:17', '2026-03-05 13:44:17'),
(1027, 73, '2026-02-24', 'present', '20:00:00', '08:26:00', NULL, NULL, '2026-03-05 13:44:17', '2026-03-05 13:44:17'),
(1028, 74, '2026-02-24', 'present', '22:45:00', '06:13:00', NULL, NULL, '2026-03-05 13:44:17', '2026-03-05 13:44:17'),
(1029, 75, '2026-02-24', 'exclu', NULL, NULL, NULL, NULL, '2026-03-05 13:44:17', '2026-03-05 13:44:17'),
(1030, 76, '2026-02-24', 'present', '21:05:00', '08:02:00', NULL, NULL, '2026-03-05 13:44:17', '2026-03-05 13:44:17'),
(1031, 77, '2026-02-24', 'present', '22:25:00', '08:38:00', NULL, NULL, '2026-03-05 13:44:17', '2026-03-05 13:44:17'),
(1032, 78, '2026-02-24', 'present', '21:01:00', '07:07:00', NULL, NULL, '2026-03-05 13:44:17', '2026-03-05 13:44:17'),
(1033, 79, '2026-02-24', 'absent', NULL, NULL, NULL, NULL, '2026-03-05 13:44:17', '2026-03-05 13:44:17'),
(1034, 80, '2026-02-24', 'present', '22:21:00', '07:26:00', NULL, NULL, '2026-03-05 13:44:17', '2026-03-05 13:44:17'),
(1035, 81, '2026-02-24', 'present', '21:30:00', '07:57:00', NULL, NULL, '2026-03-05 13:44:17', '2026-03-05 13:44:17'),
(1036, 82, '2026-02-24', 'present', '21:52:00', '06:38:00', NULL, NULL, '2026-03-05 13:44:17', '2026-03-05 13:44:17'),
(1037, 83, '2026-02-24', 'present', '21:23:00', '07:30:00', NULL, NULL, '2026-03-05 13:44:17', '2026-03-05 13:44:17'),
(1038, 84, '2026-02-24', 'present', '22:56:00', '07:26:00', NULL, NULL, '2026-03-05 13:44:17', '2026-03-05 13:44:17'),
(1039, 85, '2026-02-24', 'present', '21:58:00', '07:09:00', NULL, NULL, '2026-03-05 13:44:17', '2026-03-05 13:44:17'),
(1040, 86, '2026-02-24', 'present', '21:51:00', '06:28:00', NULL, NULL, '2026-03-05 13:44:17', '2026-03-05 13:44:17'),
(1041, 87, '2026-02-24', 'present', '19:07:00', '08:35:00', NULL, NULL, '2026-03-05 13:44:17', '2026-03-05 13:44:17'),
(1042, 88, '2026-02-24', 'present', '21:11:00', '08:13:00', NULL, NULL, '2026-03-05 13:44:17', '2026-03-05 13:44:17'),
(1043, 89, '2026-02-24', 'present', '20:47:00', '06:46:00', NULL, NULL, '2026-03-05 13:44:17', '2026-03-05 13:44:17'),
(1044, 90, '2026-02-24', 'present', '18:43:00', '07:44:00', NULL, NULL, '2026-03-05 13:44:17', '2026-03-05 13:44:17'),
(1045, 91, '2026-02-24', 'present', '18:55:00', '06:02:00', NULL, NULL, '2026-03-05 13:44:17', '2026-03-05 13:44:17'),
(1046, 92, '2026-02-24', 'present', '18:39:00', '08:39:00', NULL, NULL, '2026-03-05 13:44:17', '2026-03-05 13:44:17'),
(1047, 93, '2026-02-24', 'present', '20:36:00', '07:09:00', NULL, NULL, '2026-03-05 13:44:17', '2026-03-05 13:44:17'),
(1048, 94, '2026-02-24', 'justifie', '18:42:00', '08:35:00', 'Certificat médical / Autorisation spéciale', 6, '2026-03-05 13:44:17', '2026-03-05 13:44:17'),
(1049, 95, '2026-02-24', 'present', '18:24:00', '08:52:00', NULL, NULL, '2026-03-05 13:44:17', '2026-03-05 13:44:17'),
(1050, 96, '2026-02-24', 'present', '19:55:00', '07:30:00', NULL, NULL, '2026-03-05 13:44:17', '2026-03-05 13:44:17'),
(1051, 97, '2026-02-24', 'absent', NULL, NULL, NULL, NULL, '2026-03-05 13:44:17', '2026-03-05 13:44:17'),
(1052, 98, '2026-02-24', 'present', '21:32:00', '08:42:00', NULL, NULL, '2026-03-05 13:44:17', '2026-03-05 13:44:17'),
(1053, 99, '2026-02-24', 'justifie', '21:37:00', '08:10:00', 'Certificat médical / Autorisation spéciale', 4, '2026-03-05 13:44:17', '2026-03-05 13:44:17'),
(1054, 100, '2026-02-24', 'present', '22:29:00', '07:46:00', NULL, NULL, '2026-03-05 13:44:17', '2026-03-05 13:44:17'),
(1055, 101, '2026-02-24', 'present', '20:09:00', '08:10:00', NULL, NULL, '2026-03-05 13:44:17', '2026-03-05 13:44:17'),
(1056, 102, '2026-02-24', 'present', '22:11:00', '07:08:00', NULL, NULL, '2026-03-05 13:44:17', '2026-03-05 13:44:17'),
(1057, 103, '2026-02-24', 'present', '19:47:00', '08:26:00', NULL, NULL, '2026-03-05 13:44:17', '2026-03-05 13:44:17'),
(1058, 104, '2026-02-24', 'present', '20:16:00', '06:55:00', NULL, NULL, '2026-03-05 13:44:17', '2026-03-05 13:44:17'),
(1059, 105, '2026-02-24', 'absent', NULL, NULL, NULL, NULL, '2026-03-05 13:44:17', '2026-03-05 13:44:17'),
(1060, 106, '2026-02-24', 'present', '21:09:00', '06:34:00', NULL, NULL, '2026-03-05 13:44:17', '2026-03-05 13:44:17'),
(1061, 1, '2026-02-23', 'present', '20:46:00', '08:01:00', NULL, NULL, '2026-03-05 13:44:17', '2026-03-05 13:44:17'),
(1062, 2, '2026-02-23', 'present', '20:12:00', '06:13:00', NULL, NULL, '2026-03-05 13:44:17', '2026-03-05 13:44:17'),
(1063, 3, '2026-02-23', 'present', '19:57:00', '07:18:00', NULL, NULL, '2026-03-05 13:44:17', '2026-03-05 13:44:17'),
(1064, 4, '2026-02-23', 'present', '18:51:00', '08:15:00', NULL, NULL, '2026-03-05 13:44:17', '2026-03-05 13:44:17'),
(1065, 5, '2026-02-23', 'present', '21:12:00', '08:17:00', NULL, NULL, '2026-03-05 13:44:17', '2026-03-05 13:44:17'),
(1066, 6, '2026-02-23', 'present', '22:00:00', '08:31:00', NULL, NULL, '2026-03-05 13:44:17', '2026-03-05 13:44:17'),
(1067, 7, '2026-02-23', 'justifie', '19:09:00', '08:10:00', 'Certificat médical / Autorisation spéciale', 5, '2026-03-05 13:44:17', '2026-03-05 13:44:17'),
(1068, 8, '2026-02-23', 'present', '20:29:00', '08:34:00', NULL, NULL, '2026-03-05 13:44:17', '2026-03-05 13:44:17'),
(1069, 9, '2026-02-23', 'present', '22:27:00', '06:01:00', NULL, NULL, '2026-03-05 13:44:17', '2026-03-05 13:44:17'),
(1070, 10, '2026-02-23', 'justifie', '21:41:00', '08:26:00', 'Certificat médical / Autorisation spéciale', 4, '2026-03-05 13:44:17', '2026-03-05 13:44:17'),
(1071, 11, '2026-02-23', 'present', '21:00:00', '07:34:00', NULL, NULL, '2026-03-05 13:44:17', '2026-03-05 13:44:17'),
(1072, 12, '2026-02-23', 'present', '18:13:00', '07:16:00', NULL, NULL, '2026-03-05 13:44:17', '2026-03-05 13:44:17'),
(1073, 13, '2026-02-23', 'present', '20:54:00', '07:35:00', NULL, NULL, '2026-03-05 13:44:17', '2026-03-05 13:44:17'),
(1074, 14, '2026-02-23', 'present', '20:41:00', '06:26:00', NULL, NULL, '2026-03-05 13:44:17', '2026-03-05 13:44:17'),
(1075, 15, '2026-02-23', 'present', '21:36:00', '07:30:00', NULL, NULL, '2026-03-05 13:44:17', '2026-03-05 13:44:17'),
(1076, 16, '2026-02-23', 'absent', NULL, NULL, NULL, NULL, '2026-03-05 13:44:17', '2026-03-05 13:44:17'),
(1077, 17, '2026-02-23', 'present', '21:55:00', '08:20:00', NULL, NULL, '2026-03-05 13:44:17', '2026-03-05 13:44:17'),
(1078, 18, '2026-02-23', 'present', '18:24:00', '07:45:00', NULL, NULL, '2026-03-05 13:44:17', '2026-03-05 13:44:17'),
(1079, 19, '2026-02-23', 'present', '18:06:00', '08:50:00', NULL, NULL, '2026-03-05 13:44:17', '2026-03-05 13:44:17'),
(1080, 20, '2026-02-23', 'present', '18:02:00', '06:34:00', NULL, NULL, '2026-03-05 13:44:17', '2026-03-05 13:44:17'),
(1081, 21, '2026-02-23', 'exclu', NULL, NULL, NULL, NULL, '2026-03-05 13:44:17', '2026-03-05 13:44:17'),
(1082, 22, '2026-02-23', 'present', '18:48:00', '06:36:00', NULL, NULL, '2026-03-05 13:44:17', '2026-03-05 13:44:17'),
(1083, 23, '2026-02-23', 'present', '20:35:00', '07:48:00', NULL, NULL, '2026-03-05 13:44:17', '2026-03-05 13:44:17'),
(1084, 24, '2026-02-23', 'present', '20:43:00', '07:02:00', NULL, NULL, '2026-03-05 13:44:17', '2026-03-05 13:44:17'),
(1085, 25, '2026-02-23', 'present', '18:32:00', '06:53:00', NULL, NULL, '2026-03-05 13:44:17', '2026-03-05 13:44:17'),
(1086, 26, '2026-02-23', 'absent', NULL, NULL, NULL, NULL, '2026-03-05 13:44:17', '2026-03-05 13:44:17'),
(1087, 27, '2026-02-23', 'present', '18:00:00', '07:06:00', NULL, NULL, '2026-03-05 13:44:17', '2026-03-05 13:44:17'),
(1088, 28, '2026-02-23', 'exclu', NULL, NULL, NULL, NULL, '2026-03-05 13:44:17', '2026-03-05 13:44:17'),
(1089, 29, '2026-02-23', 'absent', NULL, NULL, NULL, NULL, '2026-03-05 13:44:17', '2026-03-05 13:44:17'),
(1090, 30, '2026-02-23', 'present', '22:40:00', '08:30:00', NULL, NULL, '2026-03-05 13:44:17', '2026-03-05 13:44:17'),
(1091, 31, '2026-02-23', 'present', '21:33:00', '07:45:00', NULL, NULL, '2026-03-05 13:44:17', '2026-03-05 13:44:17'),
(1092, 32, '2026-02-23', 'present', '20:16:00', '07:16:00', NULL, NULL, '2026-03-05 13:44:17', '2026-03-05 13:44:17'),
(1093, 33, '2026-02-23', 'justifie', '18:42:00', '08:07:00', 'Certificat médical / Autorisation spéciale', 3, '2026-03-05 13:44:17', '2026-03-05 13:44:17'),
(1094, 34, '2026-02-23', 'present', '18:39:00', '07:45:00', NULL, NULL, '2026-03-05 13:44:17', '2026-03-05 13:44:17'),
(1095, 35, '2026-02-23', 'present', '22:05:00', '08:52:00', NULL, NULL, '2026-03-05 13:44:17', '2026-03-05 13:44:17'),
(1096, 36, '2026-02-23', 'present', '19:26:00', '06:37:00', NULL, NULL, '2026-03-05 13:44:17', '2026-03-05 13:44:17'),
(1097, 37, '2026-02-23', 'present', '18:10:00', '08:44:00', NULL, NULL, '2026-03-05 13:44:17', '2026-03-05 13:44:17'),
(1098, 38, '2026-02-23', 'present', '22:50:00', '08:35:00', NULL, NULL, '2026-03-05 13:44:17', '2026-03-05 13:44:17'),
(1099, 39, '2026-02-23', 'present', '19:09:00', '06:25:00', NULL, NULL, '2026-03-05 13:44:17', '2026-03-05 13:44:17'),
(1100, 40, '2026-02-23', 'present', '22:55:00', '06:57:00', NULL, NULL, '2026-03-05 13:44:17', '2026-03-05 13:44:17'),
(1101, 41, '2026-02-23', 'present', '21:20:00', '06:32:00', NULL, NULL, '2026-03-05 13:44:17', '2026-03-05 13:44:17'),
(1102, 42, '2026-02-23', 'present', '21:23:00', '07:04:00', NULL, NULL, '2026-03-05 13:44:17', '2026-03-05 13:44:17'),
(1103, 43, '2026-02-23', 'present', '19:51:00', '06:26:00', NULL, NULL, '2026-03-05 13:44:17', '2026-03-05 13:44:17'),
(1104, 44, '2026-02-23', 'present', '22:53:00', '08:20:00', NULL, NULL, '2026-03-05 13:44:17', '2026-03-05 13:44:17'),
(1105, 45, '2026-02-23', 'present', '18:16:00', '08:55:00', NULL, NULL, '2026-03-05 13:44:17', '2026-03-05 13:44:17'),
(1106, 46, '2026-02-23', 'exclu', NULL, NULL, NULL, NULL, '2026-03-05 13:44:17', '2026-03-05 13:44:17'),
(1107, 47, '2026-02-23', 'present', '22:08:00', '07:49:00', NULL, NULL, '2026-03-05 13:44:17', '2026-03-05 13:44:17'),
(1108, 48, '2026-02-23', 'present', '20:53:00', '07:05:00', NULL, NULL, '2026-03-05 13:44:17', '2026-03-05 13:44:17'),
(1109, 49, '2026-02-23', 'present', '21:52:00', '06:28:00', NULL, NULL, '2026-03-05 13:44:17', '2026-03-05 13:44:17'),
(1110, 50, '2026-02-23', 'present', '22:35:00', '07:26:00', NULL, NULL, '2026-03-05 13:44:17', '2026-03-05 13:44:17'),
(1111, 51, '2026-02-23', 'present', '19:25:00', '08:36:00', NULL, NULL, '2026-03-05 13:44:17', '2026-03-05 13:44:17'),
(1112, 52, '2026-02-23', 'present', '20:23:00', '06:47:00', NULL, NULL, '2026-03-05 13:44:17', '2026-03-05 13:44:17'),
(1113, 53, '2026-02-23', 'present', '19:43:00', '07:23:00', NULL, NULL, '2026-03-05 13:44:17', '2026-03-05 13:44:17'),
(1114, 54, '2026-02-23', 'present', '19:56:00', '06:54:00', NULL, NULL, '2026-03-05 13:44:17', '2026-03-05 13:44:17'),
(1115, 55, '2026-02-23', 'present', '21:00:00', '06:10:00', NULL, NULL, '2026-03-05 13:44:17', '2026-03-05 13:44:17'),
(1116, 56, '2026-02-23', 'present', '21:14:00', '07:10:00', NULL, NULL, '2026-03-05 13:44:17', '2026-03-05 13:44:17'),
(1117, 57, '2026-02-23', 'present', '19:46:00', '08:41:00', NULL, NULL, '2026-03-05 13:44:17', '2026-03-05 13:44:17'),
(1118, 58, '2026-02-23', 'justifie', '20:30:00', '06:28:00', 'Certificat médical / Autorisation spéciale', 5, '2026-03-05 13:44:17', '2026-03-05 13:44:17'),
(1119, 59, '2026-02-23', 'present', '18:28:00', '06:42:00', NULL, NULL, '2026-03-05 13:44:17', '2026-03-05 13:44:17'),
(1120, 60, '2026-02-23', 'present', '18:12:00', '07:46:00', NULL, NULL, '2026-03-05 13:44:17', '2026-03-05 13:44:17'),
(1121, 61, '2026-02-23', 'present', '18:29:00', '07:41:00', NULL, NULL, '2026-03-05 13:44:17', '2026-03-05 13:44:17'),
(1122, 62, '2026-02-23', 'present', '20:32:00', '06:22:00', NULL, NULL, '2026-03-05 13:44:17', '2026-03-05 13:44:17'),
(1123, 63, '2026-02-23', 'present', '22:22:00', '07:50:00', NULL, NULL, '2026-03-05 13:44:17', '2026-03-05 13:44:17'),
(1124, 64, '2026-02-23', 'present', '22:35:00', '07:43:00', NULL, NULL, '2026-03-05 13:44:17', '2026-03-05 13:44:17'),
(1125, 65, '2026-02-23', 'present', '20:15:00', '06:34:00', NULL, NULL, '2026-03-05 13:44:17', '2026-03-05 13:44:17'),
(1126, 66, '2026-02-23', 'present', '20:47:00', '06:05:00', NULL, NULL, '2026-03-05 13:44:17', '2026-03-05 13:44:17'),
(1127, 67, '2026-02-23', 'present', '21:00:00', '07:57:00', NULL, NULL, '2026-03-05 13:44:17', '2026-03-05 13:44:17'),
(1128, 68, '2026-02-23', 'exclu', NULL, NULL, NULL, NULL, '2026-03-05 13:44:17', '2026-03-05 13:44:17'),
(1129, 69, '2026-02-23', 'present', '22:11:00', '06:48:00', NULL, NULL, '2026-03-05 13:44:17', '2026-03-05 13:44:17'),
(1130, 70, '2026-02-23', 'present', '21:17:00', '07:10:00', NULL, NULL, '2026-03-05 13:44:17', '2026-03-05 13:44:17'),
(1131, 71, '2026-02-23', 'present', '19:27:00', '06:35:00', NULL, NULL, '2026-03-05 13:44:17', '2026-03-05 13:44:17'),
(1132, 72, '2026-02-23', 'present', '20:39:00', '06:05:00', NULL, NULL, '2026-03-05 13:44:17', '2026-03-05 13:44:17'),
(1133, 73, '2026-02-23', 'justifie', '22:35:00', '07:51:00', 'Certificat médical / Autorisation spéciale', 2, '2026-03-05 13:44:17', '2026-03-05 13:44:17'),
(1134, 74, '2026-02-23', 'present', '22:27:00', '08:30:00', NULL, NULL, '2026-03-05 13:44:17', '2026-03-05 13:44:17'),
(1135, 75, '2026-02-23', 'present', '21:47:00', '08:49:00', NULL, NULL, '2026-03-05 13:44:17', '2026-03-05 13:44:17'),
(1136, 76, '2026-02-23', 'present', '20:31:00', '08:05:00', NULL, NULL, '2026-03-05 13:44:17', '2026-03-05 13:44:17'),
(1137, 77, '2026-02-23', 'present', '18:26:00', '06:29:00', NULL, NULL, '2026-03-05 13:44:17', '2026-03-05 13:44:17'),
(1138, 78, '2026-02-23', 'present', '19:57:00', '08:49:00', NULL, NULL, '2026-03-05 13:44:17', '2026-03-05 13:44:17'),
(1139, 79, '2026-02-23', 'present', '20:20:00', '06:39:00', NULL, NULL, '2026-03-05 13:44:17', '2026-03-05 13:44:17'),
(1140, 80, '2026-02-23', 'present', '21:45:00', '06:07:00', NULL, NULL, '2026-03-05 13:44:17', '2026-03-05 13:44:17'),
(1141, 81, '2026-02-23', 'present', '21:53:00', '06:12:00', NULL, NULL, '2026-03-05 13:44:17', '2026-03-05 13:44:17'),
(1142, 82, '2026-02-23', 'present', '19:13:00', '06:39:00', NULL, NULL, '2026-03-05 13:44:17', '2026-03-05 13:44:17'),
(1143, 83, '2026-02-23', 'present', '19:26:00', '06:54:00', NULL, NULL, '2026-03-05 13:44:17', '2026-03-05 13:44:17'),
(1144, 84, '2026-02-23', 'present', '19:58:00', '08:52:00', NULL, NULL, '2026-03-05 13:44:17', '2026-03-05 13:44:17'),
(1145, 85, '2026-02-23', 'present', '18:08:00', '08:06:00', NULL, NULL, '2026-03-05 13:44:17', '2026-03-05 13:44:17'),
(1146, 86, '2026-02-23', 'present', '22:02:00', '06:15:00', NULL, NULL, '2026-03-05 13:44:17', '2026-03-05 13:44:17'),
(1147, 87, '2026-02-23', 'present', '18:15:00', '07:12:00', NULL, NULL, '2026-03-05 13:44:17', '2026-03-05 13:44:17'),
(1148, 88, '2026-02-23', 'present', '21:30:00', '08:09:00', NULL, NULL, '2026-03-05 13:44:17', '2026-03-05 13:44:17'),
(1149, 89, '2026-02-23', 'present', '19:31:00', '08:56:00', NULL, NULL, '2026-03-05 13:44:17', '2026-03-05 13:44:17'),
(1150, 90, '2026-02-23', 'justifie', '21:53:00', '07:48:00', 'Certificat médical / Autorisation spéciale', 4, '2026-03-05 13:44:17', '2026-03-05 13:44:17'),
(1151, 91, '2026-02-23', 'justifie', '21:07:00', '07:32:00', 'Certificat médical / Autorisation spéciale', 5, '2026-03-05 13:44:17', '2026-03-05 13:44:17'),
(1152, 92, '2026-02-23', 'present', '18:00:00', '06:20:00', NULL, NULL, '2026-03-05 13:44:17', '2026-03-05 13:44:17'),
(1153, 93, '2026-02-23', 'present', '18:32:00', '06:54:00', NULL, NULL, '2026-03-05 13:44:17', '2026-03-05 13:44:17'),
(1154, 94, '2026-02-23', 'justifie', '22:36:00', '06:11:00', 'Certificat médical / Autorisation spéciale', 6, '2026-03-05 13:44:17', '2026-03-05 13:44:17'),
(1155, 95, '2026-02-23', 'present', '20:27:00', '06:11:00', NULL, NULL, '2026-03-05 13:44:17', '2026-03-05 13:44:17'),
(1156, 96, '2026-02-23', 'present', '20:03:00', '08:59:00', NULL, NULL, '2026-03-05 13:44:17', '2026-03-05 13:44:17'),
(1157, 97, '2026-02-23', 'present', '20:28:00', '08:03:00', NULL, NULL, '2026-03-05 13:44:17', '2026-03-05 13:44:17'),
(1158, 98, '2026-02-23', 'present', '20:52:00', '06:21:00', NULL, NULL, '2026-03-05 13:44:17', '2026-03-05 13:44:17'),
(1159, 99, '2026-02-23', 'present', '21:03:00', '07:06:00', NULL, NULL, '2026-03-05 13:44:17', '2026-03-05 13:44:17'),
(1160, 100, '2026-02-23', 'present', '19:47:00', '07:58:00', NULL, NULL, '2026-03-05 13:44:17', '2026-03-05 13:44:17'),
(1161, 101, '2026-02-23', 'present', '20:20:00', '07:12:00', NULL, NULL, '2026-03-05 13:44:17', '2026-03-05 13:44:17'),
(1162, 102, '2026-02-23', 'present', '19:15:00', '08:39:00', NULL, NULL, '2026-03-05 13:44:17', '2026-03-05 13:44:17'),
(1163, 103, '2026-02-23', 'present', '20:24:00', '08:23:00', NULL, NULL, '2026-03-05 13:44:17', '2026-03-05 13:44:17'),
(1164, 104, '2026-02-23', 'present', '21:14:00', '06:45:00', NULL, NULL, '2026-03-05 13:44:17', '2026-03-05 13:44:17'),
(1165, 105, '2026-02-23', 'present', '18:32:00', '07:33:00', NULL, NULL, '2026-03-05 13:44:17', '2026-03-05 13:44:17'),
(1166, 106, '2026-02-23', 'absent', NULL, NULL, NULL, NULL, '2026-03-05 13:44:17', '2026-03-05 13:44:17'),
(1167, 1, '2026-02-22', 'present', '22:00:00', '07:49:00', NULL, NULL, '2026-03-05 13:44:17', '2026-03-05 13:44:17'),
(1168, 2, '2026-02-22', 'present', '20:02:00', '06:51:00', NULL, NULL, '2026-03-05 13:44:17', '2026-03-05 13:44:17'),
(1169, 3, '2026-02-22', 'present', '18:57:00', '06:07:00', NULL, NULL, '2026-03-05 13:44:17', '2026-03-05 13:44:17'),
(1170, 4, '2026-02-22', 'present', '19:08:00', '06:53:00', NULL, NULL, '2026-03-05 13:44:17', '2026-03-05 13:44:17'),
(1171, 5, '2026-02-22', 'present', '19:53:00', '06:29:00', NULL, NULL, '2026-03-05 13:44:17', '2026-03-05 13:44:17'),
(1172, 6, '2026-02-22', 'present', '19:42:00', '06:31:00', NULL, NULL, '2026-03-05 13:44:17', '2026-03-05 13:44:17'),
(1173, 7, '2026-02-22', 'present', '18:49:00', '08:55:00', NULL, NULL, '2026-03-05 13:44:17', '2026-03-05 13:44:17'),
(1174, 8, '2026-02-22', 'present', '18:52:00', '07:29:00', NULL, NULL, '2026-03-05 13:44:17', '2026-03-05 13:44:17'),
(1175, 9, '2026-02-22', 'present', '18:33:00', '06:33:00', NULL, NULL, '2026-03-05 13:44:17', '2026-03-05 13:44:17'),
(1176, 10, '2026-02-22', 'present', '22:22:00', '06:53:00', NULL, NULL, '2026-03-05 13:44:17', '2026-03-05 13:44:17'),
(1177, 11, '2026-02-22', 'present', '21:37:00', '06:21:00', NULL, NULL, '2026-03-05 13:44:17', '2026-03-05 13:44:17'),
(1178, 12, '2026-02-22', 'present', '22:21:00', '08:50:00', NULL, NULL, '2026-03-05 13:44:17', '2026-03-05 13:44:17'),
(1179, 13, '2026-02-22', 'justifie', '19:13:00', '06:07:00', 'Certificat médical / Autorisation spéciale', 2, '2026-03-05 13:44:17', '2026-03-05 13:44:17'),
(1180, 14, '2026-02-22', 'present', '20:49:00', '06:13:00', NULL, NULL, '2026-03-05 13:44:17', '2026-03-05 13:44:17'),
(1181, 15, '2026-02-22', 'present', '20:23:00', '08:15:00', NULL, NULL, '2026-03-05 13:44:17', '2026-03-05 13:44:17'),
(1182, 16, '2026-02-22', 'present', '20:05:00', '08:35:00', NULL, NULL, '2026-03-05 13:44:17', '2026-03-05 13:44:17'),
(1183, 17, '2026-02-22', 'present', '21:04:00', '07:11:00', NULL, NULL, '2026-03-05 13:44:17', '2026-03-05 13:44:17'),
(1184, 18, '2026-02-22', 'present', '21:53:00', '08:27:00', NULL, NULL, '2026-03-05 13:44:17', '2026-03-05 13:44:17'),
(1185, 19, '2026-02-22', 'present', '21:14:00', '06:34:00', NULL, NULL, '2026-03-05 13:44:17', '2026-03-05 13:44:17'),
(1186, 20, '2026-02-22', 'present', '20:35:00', '08:24:00', NULL, NULL, '2026-03-05 13:44:17', '2026-03-05 13:44:17'),
(1187, 21, '2026-02-22', 'justifie', '20:42:00', '06:11:00', 'Certificat médical / Autorisation spéciale', 4, '2026-03-05 13:44:17', '2026-03-05 13:44:17'),
(1188, 22, '2026-02-22', 'present', '19:42:00', '08:13:00', NULL, NULL, '2026-03-05 13:44:17', '2026-03-05 13:44:17'),
(1189, 23, '2026-02-22', 'present', '18:39:00', '08:00:00', NULL, NULL, '2026-03-05 13:44:17', '2026-03-05 13:44:17'),
(1190, 24, '2026-02-22', 'present', '19:05:00', '08:22:00', NULL, NULL, '2026-03-05 13:44:17', '2026-03-05 13:44:17'),
(1191, 25, '2026-02-22', 'present', '20:38:00', '06:29:00', NULL, NULL, '2026-03-05 13:44:17', '2026-03-05 13:44:17'),
(1192, 26, '2026-02-22', 'present', '18:34:00', '07:49:00', NULL, NULL, '2026-03-05 13:44:17', '2026-03-05 13:44:17'),
(1193, 27, '2026-02-22', 'present', '20:32:00', '08:58:00', NULL, NULL, '2026-03-05 13:44:17', '2026-03-05 13:44:17'),
(1194, 28, '2026-02-22', 'present', '18:32:00', '07:49:00', NULL, NULL, '2026-03-05 13:44:17', '2026-03-05 13:44:17'),
(1195, 29, '2026-02-22', 'present', '21:59:00', '08:12:00', NULL, NULL, '2026-03-05 13:44:17', '2026-03-05 13:44:17'),
(1196, 30, '2026-02-22', 'present', '19:07:00', '08:34:00', NULL, NULL, '2026-03-05 13:44:17', '2026-03-05 13:44:17'),
(1197, 31, '2026-02-22', 'present', '20:36:00', '07:33:00', NULL, NULL, '2026-03-05 13:44:17', '2026-03-05 13:44:17'),
(1198, 32, '2026-02-22', 'exclu', NULL, NULL, NULL, NULL, '2026-03-05 13:44:17', '2026-03-05 13:44:17'),
(1199, 33, '2026-02-22', 'absent', NULL, NULL, NULL, NULL, '2026-03-05 13:44:17', '2026-03-05 13:44:17'),
(1200, 34, '2026-02-22', 'present', '20:59:00', '07:02:00', NULL, NULL, '2026-03-05 13:44:17', '2026-03-05 13:44:17'),
(1201, 35, '2026-02-22', 'present', '19:46:00', '07:52:00', NULL, NULL, '2026-03-05 13:44:17', '2026-03-05 13:44:17'),
(1202, 36, '2026-02-22', 'exclu', NULL, NULL, NULL, NULL, '2026-03-05 13:44:17', '2026-03-05 13:44:17'),
(1203, 37, '2026-02-22', 'present', '22:48:00', '07:04:00', NULL, NULL, '2026-03-05 13:44:17', '2026-03-05 13:44:17'),
(1204, 38, '2026-02-22', 'present', '22:49:00', '08:41:00', NULL, NULL, '2026-03-05 13:44:17', '2026-03-05 13:44:17'),
(1205, 39, '2026-02-22', 'present', '21:25:00', '08:05:00', NULL, NULL, '2026-03-05 13:44:17', '2026-03-05 13:44:17'),
(1206, 40, '2026-02-22', 'present', '22:22:00', '08:55:00', NULL, NULL, '2026-03-05 13:44:17', '2026-03-05 13:44:17'),
(1207, 41, '2026-02-22', 'present', '18:33:00', '08:23:00', NULL, NULL, '2026-03-05 13:44:17', '2026-03-05 13:44:17'),
(1208, 42, '2026-02-22', 'present', '18:52:00', '08:06:00', NULL, NULL, '2026-03-05 13:44:17', '2026-03-05 13:44:17'),
(1209, 43, '2026-02-22', 'present', '19:04:00', '07:18:00', NULL, NULL, '2026-03-05 13:44:17', '2026-03-05 13:44:17'),
(1210, 44, '2026-02-22', 'present', '22:59:00', '08:21:00', NULL, NULL, '2026-03-05 13:44:17', '2026-03-05 13:44:17'),
(1211, 45, '2026-02-22', 'present', '21:20:00', '07:04:00', NULL, NULL, '2026-03-05 13:44:17', '2026-03-05 13:44:17'),
(1212, 46, '2026-02-22', 'present', '18:32:00', '07:37:00', NULL, NULL, '2026-03-05 13:44:17', '2026-03-05 13:44:17'),
(1213, 47, '2026-02-22', 'present', '19:07:00', '07:14:00', NULL, NULL, '2026-03-05 13:44:17', '2026-03-05 13:44:17'),
(1214, 48, '2026-02-22', 'present', '22:15:00', '07:09:00', NULL, NULL, '2026-03-05 13:44:17', '2026-03-05 13:44:17'),
(1215, 49, '2026-02-22', 'present', '20:00:00', '07:00:00', NULL, NULL, '2026-03-05 13:44:17', '2026-03-05 13:44:17'),
(1216, 50, '2026-02-22', 'exclu', NULL, NULL, NULL, NULL, '2026-03-05 13:44:17', '2026-03-05 13:44:17'),
(1217, 51, '2026-02-22', 'present', '19:04:00', '07:31:00', NULL, NULL, '2026-03-05 13:44:17', '2026-03-05 13:44:17'),
(1218, 52, '2026-02-22', 'present', '20:58:00', '08:54:00', NULL, NULL, '2026-03-05 13:44:17', '2026-03-05 13:44:17'),
(1219, 53, '2026-02-22', 'present', '21:50:00', '07:54:00', NULL, NULL, '2026-03-05 13:44:17', '2026-03-05 13:44:17'),
(1220, 54, '2026-02-22', 'present', '20:08:00', '08:24:00', NULL, NULL, '2026-03-05 13:44:17', '2026-03-05 13:44:17'),
(1221, 55, '2026-02-22', 'present', '22:55:00', '07:15:00', NULL, NULL, '2026-03-05 13:44:17', '2026-03-05 13:44:17'),
(1222, 56, '2026-02-22', 'present', '18:41:00', '06:48:00', NULL, NULL, '2026-03-05 13:44:17', '2026-03-05 13:44:17'),
(1223, 57, '2026-02-22', 'present', '20:27:00', '06:43:00', NULL, NULL, '2026-03-05 13:44:17', '2026-03-05 13:44:17'),
(1224, 58, '2026-02-22', 'present', '19:56:00', '06:45:00', NULL, NULL, '2026-03-05 13:44:17', '2026-03-05 13:44:17'),
(1225, 59, '2026-02-22', 'justifie', '22:11:00', '07:48:00', 'Certificat médical / Autorisation spéciale', 3, '2026-03-05 13:44:17', '2026-03-05 13:44:17'),
(1226, 60, '2026-02-22', 'present', '21:10:00', '07:19:00', NULL, NULL, '2026-03-05 13:44:17', '2026-03-05 13:44:17'),
(1227, 61, '2026-02-22', 'present', '22:03:00', '07:16:00', NULL, NULL, '2026-03-05 13:44:17', '2026-03-05 13:44:17'),
(1228, 62, '2026-02-22', 'present', '22:59:00', '07:29:00', NULL, NULL, '2026-03-05 13:44:17', '2026-03-05 13:44:17'),
(1229, 63, '2026-02-22', 'present', '19:42:00', '08:58:00', NULL, NULL, '2026-03-05 13:44:17', '2026-03-05 13:44:17'),
(1230, 64, '2026-02-22', 'present', '20:44:00', '07:34:00', NULL, NULL, '2026-03-05 13:44:17', '2026-03-05 13:44:17'),
(1231, 65, '2026-02-22', 'present', '22:19:00', '06:35:00', NULL, NULL, '2026-03-05 13:44:17', '2026-03-05 13:44:17'),
(1232, 66, '2026-02-22', 'absent', NULL, NULL, NULL, NULL, '2026-03-05 13:44:17', '2026-03-05 13:44:17'),
(1233, 67, '2026-02-22', 'present', '21:47:00', '08:51:00', NULL, NULL, '2026-03-05 13:44:17', '2026-03-05 13:44:17'),
(1234, 68, '2026-02-22', 'absent', NULL, NULL, NULL, NULL, '2026-03-05 13:44:17', '2026-03-05 13:44:17'),
(1235, 69, '2026-02-22', 'present', '22:39:00', '06:24:00', NULL, NULL, '2026-03-05 13:44:17', '2026-03-05 13:44:17'),
(1236, 70, '2026-02-22', 'present', '22:05:00', '07:37:00', NULL, NULL, '2026-03-05 13:44:17', '2026-03-05 13:44:17'),
(1237, 71, '2026-02-22', 'present', '21:49:00', '06:03:00', NULL, NULL, '2026-03-05 13:44:17', '2026-03-05 13:44:17'),
(1238, 72, '2026-02-22', 'present', '22:23:00', '08:45:00', NULL, NULL, '2026-03-05 13:44:17', '2026-03-05 13:44:17'),
(1239, 73, '2026-02-22', 'present', '19:16:00', '07:07:00', NULL, NULL, '2026-03-05 13:44:17', '2026-03-05 13:44:17'),
(1240, 74, '2026-02-22', 'present', '18:06:00', '08:31:00', NULL, NULL, '2026-03-05 13:44:17', '2026-03-05 13:44:17'),
(1241, 75, '2026-02-22', 'present', '21:00:00', '07:28:00', NULL, NULL, '2026-03-05 13:44:17', '2026-03-05 13:44:17'),
(1242, 76, '2026-02-22', 'present', '20:24:00', '08:02:00', NULL, NULL, '2026-03-05 13:44:17', '2026-03-05 13:44:17'),
(1243, 77, '2026-02-22', 'present', '22:32:00', '07:16:00', NULL, NULL, '2026-03-05 13:44:17', '2026-03-05 13:44:17'),
(1244, 78, '2026-02-22', 'present', '19:55:00', '07:06:00', NULL, NULL, '2026-03-05 13:44:17', '2026-03-05 13:44:17'),
(1245, 79, '2026-02-22', 'exclu', NULL, NULL, NULL, NULL, '2026-03-05 13:44:17', '2026-03-05 13:44:17'),
(1246, 80, '2026-02-22', 'present', '18:09:00', '07:03:00', NULL, NULL, '2026-03-05 13:44:17', '2026-03-05 13:44:17'),
(1247, 81, '2026-02-22', 'present', '22:00:00', '07:59:00', NULL, NULL, '2026-03-05 13:44:17', '2026-03-05 13:44:17'),
(1248, 82, '2026-02-22', 'present', '20:56:00', '06:47:00', NULL, NULL, '2026-03-05 13:44:17', '2026-03-05 13:44:17'),
(1249, 83, '2026-02-22', 'present', '18:52:00', '08:39:00', NULL, NULL, '2026-03-05 13:44:17', '2026-03-05 13:44:17'),
(1250, 84, '2026-02-22', 'present', '20:24:00', '06:33:00', NULL, NULL, '2026-03-05 13:44:17', '2026-03-05 13:44:17'),
(1251, 85, '2026-02-22', 'present', '18:35:00', '06:36:00', NULL, NULL, '2026-03-05 13:44:17', '2026-03-05 13:44:17'),
(1252, 86, '2026-02-22', 'present', '22:48:00', '06:07:00', NULL, NULL, '2026-03-05 13:44:17', '2026-03-05 13:44:17'),
(1253, 87, '2026-02-22', 'present', '20:36:00', '08:49:00', NULL, NULL, '2026-03-05 13:44:17', '2026-03-05 13:44:17'),
(1254, 88, '2026-02-22', 'exclu', NULL, NULL, NULL, NULL, '2026-03-05 13:44:17', '2026-03-05 13:44:17'),
(1255, 89, '2026-02-22', 'present', '18:56:00', '07:49:00', NULL, NULL, '2026-03-05 13:44:17', '2026-03-05 13:44:17'),
(1256, 90, '2026-02-22', 'present', '21:59:00', '06:19:00', NULL, NULL, '2026-03-05 13:44:17', '2026-03-05 13:44:17'),
(1257, 91, '2026-02-22', 'exclu', NULL, NULL, NULL, NULL, '2026-03-05 13:44:17', '2026-03-05 13:44:17'),
(1258, 92, '2026-02-22', 'present', '18:16:00', '07:30:00', NULL, NULL, '2026-03-05 13:44:17', '2026-03-05 13:44:17'),
(1259, 93, '2026-02-22', 'justifie', '20:50:00', '07:52:00', 'Certificat médical / Autorisation spéciale', 4, '2026-03-05 13:44:17', '2026-03-05 13:44:17'),
(1260, 94, '2026-02-22', 'present', '22:44:00', '08:57:00', NULL, NULL, '2026-03-05 13:44:17', '2026-03-05 13:44:17'),
(1261, 95, '2026-02-22', 'present', '22:16:00', '08:13:00', NULL, NULL, '2026-03-05 13:44:17', '2026-03-05 13:44:17'),
(1262, 96, '2026-02-22', 'justifie', '20:19:00', '07:28:00', 'Certificat médical / Autorisation spéciale', 4, '2026-03-05 13:44:17', '2026-03-05 13:44:17'),
(1263, 97, '2026-02-22', 'present', '19:52:00', '06:15:00', NULL, NULL, '2026-03-05 13:44:17', '2026-03-05 13:44:17'),
(1264, 98, '2026-02-22', 'present', '19:20:00', '08:02:00', NULL, NULL, '2026-03-05 13:44:17', '2026-03-05 13:44:17'),
(1265, 99, '2026-02-22', 'present', '20:53:00', '07:17:00', NULL, NULL, '2026-03-05 13:44:17', '2026-03-05 13:44:17'),
(1266, 100, '2026-02-22', 'present', '20:11:00', '07:21:00', NULL, NULL, '2026-03-05 13:44:17', '2026-03-05 13:44:17'),
(1267, 101, '2026-02-22', 'present', '20:46:00', '06:19:00', NULL, NULL, '2026-03-05 13:44:17', '2026-03-05 13:44:17'),
(1268, 102, '2026-02-22', 'exclu', NULL, NULL, NULL, NULL, '2026-03-05 13:44:17', '2026-03-05 13:44:17'),
(1269, 103, '2026-02-22', 'present', '19:24:00', '08:58:00', NULL, NULL, '2026-03-05 13:44:17', '2026-03-05 13:44:17'),
(1270, 104, '2026-02-22', 'absent', NULL, NULL, NULL, NULL, '2026-03-05 13:44:17', '2026-03-05 13:44:17'),
(1271, 105, '2026-02-22', 'present', '20:21:00', '08:20:00', NULL, NULL, '2026-03-05 13:44:17', '2026-03-05 13:44:17'),
(1272, 106, '2026-02-22', 'present', '22:48:00', '08:39:00', NULL, NULL, '2026-03-05 13:44:17', '2026-03-05 13:44:17'),
(1273, 1, '2026-02-21', 'present', '21:20:00', '08:13:00', NULL, NULL, '2026-03-05 13:44:17', '2026-03-05 13:44:17'),
(1274, 2, '2026-02-21', 'present', '19:39:00', '06:02:00', NULL, NULL, '2026-03-05 13:44:17', '2026-03-05 13:44:17'),
(1275, 3, '2026-02-21', 'present', '20:28:00', '06:52:00', NULL, NULL, '2026-03-05 13:44:17', '2026-03-05 13:44:17'),
(1276, 4, '2026-02-21', 'present', '19:55:00', '08:36:00', NULL, NULL, '2026-03-05 13:44:17', '2026-03-05 13:44:17'),
(1277, 5, '2026-02-21', 'present', '22:32:00', '08:57:00', NULL, NULL, '2026-03-05 13:44:17', '2026-03-05 13:44:17'),
(1278, 6, '2026-02-21', 'present', '18:49:00', '06:50:00', NULL, NULL, '2026-03-05 13:44:17', '2026-03-05 13:44:17');
INSERT INTO `presences` (`id`, `etudiant_id`, `date`, `statut`, `heure_entree`, `heure_sortie`, `justification`, `valide_par`, `created_at`, `updated_at`) VALUES
(1279, 7, '2026-02-21', 'present', '21:36:00', '07:51:00', NULL, NULL, '2026-03-05 13:44:17', '2026-03-05 13:44:17'),
(1280, 8, '2026-02-21', 'present', '18:08:00', '06:49:00', NULL, NULL, '2026-03-05 13:44:17', '2026-03-05 13:44:17'),
(1281, 9, '2026-02-21', 'present', '21:24:00', '07:43:00', NULL, NULL, '2026-03-05 13:44:17', '2026-03-05 13:44:17'),
(1282, 10, '2026-02-21', 'present', '18:56:00', '06:23:00', NULL, NULL, '2026-03-05 13:44:17', '2026-03-05 13:44:17'),
(1283, 11, '2026-02-21', 'absent', NULL, NULL, NULL, NULL, '2026-03-05 13:44:17', '2026-03-05 13:44:17'),
(1284, 12, '2026-02-21', 'present', '22:11:00', '06:37:00', NULL, NULL, '2026-03-05 13:44:17', '2026-03-05 13:44:17'),
(1285, 13, '2026-02-21', 'justifie', '18:07:00', '06:51:00', 'Certificat médical / Autorisation spéciale', 3, '2026-03-05 13:44:17', '2026-03-05 13:44:17'),
(1286, 14, '2026-02-21', 'present', '21:07:00', '07:07:00', NULL, NULL, '2026-03-05 13:44:17', '2026-03-05 13:44:17'),
(1287, 15, '2026-02-21', 'present', '21:22:00', '07:58:00', NULL, NULL, '2026-03-05 13:44:17', '2026-03-05 13:44:17'),
(1288, 16, '2026-02-21', 'present', '18:07:00', '08:21:00', NULL, NULL, '2026-03-05 13:44:17', '2026-03-05 13:44:17'),
(1289, 17, '2026-02-21', 'present', '19:50:00', '08:10:00', NULL, NULL, '2026-03-05 13:44:17', '2026-03-05 13:44:17'),
(1290, 18, '2026-02-21', 'present', '20:29:00', '07:00:00', NULL, NULL, '2026-03-05 13:44:17', '2026-03-05 13:44:17'),
(1291, 19, '2026-02-21', 'present', '22:59:00', '06:21:00', NULL, NULL, '2026-03-05 13:44:17', '2026-03-05 13:44:17'),
(1292, 20, '2026-02-21', 'present', '20:23:00', '08:58:00', NULL, NULL, '2026-03-05 13:44:17', '2026-03-05 13:44:17'),
(1293, 21, '2026-02-21', 'present', '22:29:00', '07:12:00', NULL, NULL, '2026-03-05 13:44:17', '2026-03-05 13:44:17'),
(1294, 22, '2026-02-21', 'present', '19:30:00', '07:27:00', NULL, NULL, '2026-03-05 13:44:17', '2026-03-05 13:44:17'),
(1295, 23, '2026-02-21', 'present', '22:21:00', '08:34:00', NULL, NULL, '2026-03-05 13:44:17', '2026-03-05 13:44:17'),
(1296, 24, '2026-02-21', 'present', '20:13:00', '07:33:00', NULL, NULL, '2026-03-05 13:44:17', '2026-03-05 13:44:17'),
(1297, 25, '2026-02-21', 'present', '22:28:00', '08:57:00', NULL, NULL, '2026-03-05 13:44:17', '2026-03-05 13:44:17'),
(1298, 26, '2026-02-21', 'present', '20:47:00', '06:55:00', NULL, NULL, '2026-03-05 13:44:17', '2026-03-05 13:44:17'),
(1299, 27, '2026-02-21', 'present', '21:05:00', '08:07:00', NULL, NULL, '2026-03-05 13:44:17', '2026-03-05 13:44:17'),
(1300, 28, '2026-02-21', 'present', '19:32:00', '08:26:00', NULL, NULL, '2026-03-05 13:44:17', '2026-03-05 13:44:17'),
(1301, 29, '2026-02-21', 'present', '20:31:00', '07:45:00', NULL, NULL, '2026-03-05 13:44:17', '2026-03-05 13:44:17'),
(1302, 30, '2026-02-21', 'present', '20:57:00', '08:22:00', NULL, NULL, '2026-03-05 13:44:17', '2026-03-05 13:44:17'),
(1303, 31, '2026-02-21', 'present', '19:05:00', '08:55:00', NULL, NULL, '2026-03-05 13:44:17', '2026-03-05 13:44:17'),
(1304, 32, '2026-02-21', 'present', '18:11:00', '07:10:00', NULL, NULL, '2026-03-05 13:44:17', '2026-03-05 13:44:17'),
(1305, 33, '2026-02-21', 'present', '18:42:00', '07:33:00', NULL, NULL, '2026-03-05 13:44:17', '2026-03-05 13:44:17'),
(1306, 34, '2026-02-21', 'present', '21:19:00', '07:28:00', NULL, NULL, '2026-03-05 13:44:17', '2026-03-05 13:44:17'),
(1307, 35, '2026-02-21', 'present', '22:57:00', '06:42:00', NULL, NULL, '2026-03-05 13:44:17', '2026-03-05 13:44:17'),
(1308, 36, '2026-02-21', 'present', '18:39:00', '07:24:00', NULL, NULL, '2026-03-05 13:44:17', '2026-03-05 13:44:17'),
(1309, 37, '2026-02-21', 'present', '18:21:00', '06:40:00', NULL, NULL, '2026-03-05 13:44:17', '2026-03-05 13:44:17'),
(1310, 38, '2026-02-21', 'present', '22:07:00', '06:11:00', NULL, NULL, '2026-03-05 13:44:17', '2026-03-05 13:44:17'),
(1311, 39, '2026-02-21', 'present', '21:02:00', '08:15:00', NULL, NULL, '2026-03-05 13:44:17', '2026-03-05 13:44:17'),
(1312, 40, '2026-02-21', 'present', '19:38:00', '08:49:00', NULL, NULL, '2026-03-05 13:44:17', '2026-03-05 13:44:17'),
(1313, 41, '2026-02-21', 'exclu', NULL, NULL, NULL, NULL, '2026-03-05 13:44:17', '2026-03-05 13:44:17'),
(1314, 42, '2026-02-21', 'present', '22:27:00', '06:08:00', NULL, NULL, '2026-03-05 13:44:17', '2026-03-05 13:44:17'),
(1315, 43, '2026-02-21', 'present', '20:42:00', '08:30:00', NULL, NULL, '2026-03-05 13:44:17', '2026-03-05 13:44:17'),
(1316, 44, '2026-02-21', 'present', '19:20:00', '06:14:00', NULL, NULL, '2026-03-05 13:44:17', '2026-03-05 13:44:17'),
(1317, 45, '2026-02-21', 'absent', NULL, NULL, NULL, NULL, '2026-03-05 13:44:17', '2026-03-05 13:44:17'),
(1318, 46, '2026-02-21', 'exclu', NULL, NULL, NULL, NULL, '2026-03-05 13:44:17', '2026-03-05 13:44:17'),
(1319, 47, '2026-02-21', 'present', '21:03:00', '06:08:00', NULL, NULL, '2026-03-05 13:44:17', '2026-03-05 13:44:17'),
(1320, 48, '2026-02-21', 'present', '21:20:00', '07:51:00', NULL, NULL, '2026-03-05 13:44:17', '2026-03-05 13:44:17'),
(1321, 49, '2026-02-21', 'present', '21:07:00', '08:00:00', NULL, NULL, '2026-03-05 13:44:17', '2026-03-05 13:44:17'),
(1322, 50, '2026-02-21', 'present', '22:13:00', '08:25:00', NULL, NULL, '2026-03-05 13:44:17', '2026-03-05 13:44:17'),
(1323, 51, '2026-02-21', 'present', '19:00:00', '08:55:00', NULL, NULL, '2026-03-05 13:44:17', '2026-03-05 13:44:17'),
(1324, 52, '2026-02-21', 'present', '22:22:00', '07:07:00', NULL, NULL, '2026-03-05 13:44:17', '2026-03-05 13:44:17'),
(1325, 53, '2026-02-21', 'present', '22:29:00', '08:47:00', NULL, NULL, '2026-03-05 13:44:17', '2026-03-05 13:44:17'),
(1326, 54, '2026-02-21', 'present', '22:31:00', '06:21:00', NULL, NULL, '2026-03-05 13:44:17', '2026-03-05 13:44:17'),
(1327, 55, '2026-02-21', 'present', '18:11:00', '08:24:00', NULL, NULL, '2026-03-05 13:44:17', '2026-03-05 13:44:17'),
(1328, 56, '2026-02-21', 'present', '21:21:00', '07:53:00', NULL, NULL, '2026-03-05 13:44:17', '2026-03-05 13:44:17'),
(1329, 57, '2026-02-21', 'present', '21:40:00', '08:40:00', NULL, NULL, '2026-03-05 13:44:17', '2026-03-05 13:44:17'),
(1330, 58, '2026-02-21', 'present', '21:05:00', '07:44:00', NULL, NULL, '2026-03-05 13:44:17', '2026-03-05 13:44:17'),
(1331, 59, '2026-02-21', 'exclu', NULL, NULL, NULL, NULL, '2026-03-05 13:44:17', '2026-03-05 13:44:17'),
(1332, 60, '2026-02-21', 'present', '19:53:00', '06:00:00', NULL, NULL, '2026-03-05 13:44:17', '2026-03-05 13:44:17'),
(1333, 61, '2026-02-21', 'present', '19:06:00', '08:51:00', NULL, NULL, '2026-03-05 13:44:17', '2026-03-05 13:44:17'),
(1334, 62, '2026-02-21', 'present', '19:54:00', '06:31:00', NULL, NULL, '2026-03-05 13:44:17', '2026-03-05 13:44:17'),
(1335, 63, '2026-02-21', 'present', '20:55:00', '08:07:00', NULL, NULL, '2026-03-05 13:44:17', '2026-03-05 13:44:17'),
(1336, 64, '2026-02-21', 'exclu', NULL, NULL, NULL, NULL, '2026-03-05 13:44:17', '2026-03-05 13:44:17'),
(1337, 65, '2026-02-21', 'present', '19:18:00', '06:54:00', NULL, NULL, '2026-03-05 13:44:17', '2026-03-05 13:44:17'),
(1338, 66, '2026-02-21', 'present', '21:55:00', '08:24:00', NULL, NULL, '2026-03-05 13:44:17', '2026-03-05 13:44:17'),
(1339, 67, '2026-02-21', 'justifie', '21:50:00', '07:21:00', 'Certificat médical / Autorisation spéciale', 3, '2026-03-05 13:44:17', '2026-03-05 13:44:17'),
(1340, 68, '2026-02-21', 'present', '18:58:00', '06:21:00', NULL, NULL, '2026-03-05 13:44:17', '2026-03-05 13:44:17'),
(1341, 69, '2026-02-21', 'present', '20:07:00', '07:26:00', NULL, NULL, '2026-03-05 13:44:17', '2026-03-05 13:44:17'),
(1342, 70, '2026-02-21', 'absent', NULL, NULL, NULL, NULL, '2026-03-05 13:44:17', '2026-03-05 13:44:17'),
(1343, 71, '2026-02-21', 'present', '19:08:00', '07:25:00', NULL, NULL, '2026-03-05 13:44:17', '2026-03-05 13:44:17'),
(1344, 72, '2026-02-21', 'present', '18:01:00', '08:59:00', NULL, NULL, '2026-03-05 13:44:17', '2026-03-05 13:44:17'),
(1345, 73, '2026-02-21', 'present', '19:00:00', '06:54:00', NULL, NULL, '2026-03-05 13:44:17', '2026-03-05 13:44:17'),
(1346, 74, '2026-02-21', 'present', '21:59:00', '08:16:00', NULL, NULL, '2026-03-05 13:44:17', '2026-03-05 13:44:17'),
(1347, 75, '2026-02-21', 'present', '20:09:00', '08:32:00', NULL, NULL, '2026-03-05 13:44:17', '2026-03-05 13:44:17'),
(1348, 76, '2026-02-21', 'present', '19:01:00', '07:26:00', NULL, NULL, '2026-03-05 13:44:17', '2026-03-05 13:44:17'),
(1349, 77, '2026-02-21', 'present', '21:14:00', '08:34:00', NULL, NULL, '2026-03-05 13:44:17', '2026-03-05 13:44:17'),
(1350, 78, '2026-02-21', 'present', '20:14:00', '08:56:00', NULL, NULL, '2026-03-05 13:44:17', '2026-03-05 13:44:17'),
(1351, 79, '2026-02-21', 'present', '19:54:00', '07:33:00', NULL, NULL, '2026-03-05 13:44:17', '2026-03-05 13:44:17'),
(1352, 80, '2026-02-21', 'present', '20:26:00', '07:08:00', NULL, NULL, '2026-03-05 13:44:17', '2026-03-05 13:44:17'),
(1353, 81, '2026-02-21', 'absent', NULL, NULL, NULL, NULL, '2026-03-05 13:44:17', '2026-03-05 13:44:17'),
(1354, 82, '2026-02-21', 'present', '22:40:00', '07:12:00', NULL, NULL, '2026-03-05 13:44:17', '2026-03-05 13:44:17'),
(1355, 83, '2026-02-21', 'absent', NULL, NULL, NULL, NULL, '2026-03-05 13:44:17', '2026-03-05 13:44:17'),
(1356, 84, '2026-02-21', 'present', '19:38:00', '08:49:00', NULL, NULL, '2026-03-05 13:44:17', '2026-03-05 13:44:17'),
(1357, 85, '2026-02-21', 'present', '21:21:00', '07:47:00', NULL, NULL, '2026-03-05 13:44:17', '2026-03-05 13:44:17'),
(1358, 86, '2026-02-21', 'present', '21:06:00', '07:26:00', NULL, NULL, '2026-03-05 13:44:17', '2026-03-05 13:44:17'),
(1359, 87, '2026-02-21', 'absent', NULL, NULL, NULL, NULL, '2026-03-05 13:44:17', '2026-03-05 13:44:17'),
(1360, 88, '2026-02-21', 'exclu', NULL, NULL, NULL, NULL, '2026-03-05 13:44:17', '2026-03-05 13:44:17'),
(1361, 89, '2026-02-21', 'present', '19:20:00', '08:36:00', NULL, NULL, '2026-03-05 13:44:17', '2026-03-05 13:44:17'),
(1362, 90, '2026-02-21', 'present', '18:43:00', '08:46:00', NULL, NULL, '2026-03-05 13:44:17', '2026-03-05 13:44:17'),
(1363, 91, '2026-02-21', 'present', '20:18:00', '06:47:00', NULL, NULL, '2026-03-05 13:44:17', '2026-03-05 13:44:17'),
(1364, 92, '2026-02-21', 'present', '19:14:00', '06:47:00', NULL, NULL, '2026-03-05 13:44:17', '2026-03-05 13:44:17'),
(1365, 93, '2026-02-21', 'justifie', '18:26:00', '06:59:00', 'Certificat médical / Autorisation spéciale', 4, '2026-03-05 13:44:17', '2026-03-05 13:44:17'),
(1366, 94, '2026-02-21', 'present', '18:27:00', '06:35:00', NULL, NULL, '2026-03-05 13:44:17', '2026-03-05 13:44:17'),
(1367, 95, '2026-02-21', 'present', '19:18:00', '07:25:00', NULL, NULL, '2026-03-05 13:44:17', '2026-03-05 13:44:17'),
(1368, 96, '2026-02-21', 'present', '21:33:00', '07:24:00', NULL, NULL, '2026-03-05 13:44:17', '2026-03-05 13:44:17'),
(1369, 97, '2026-02-21', 'present', '19:33:00', '06:45:00', NULL, NULL, '2026-03-05 13:44:17', '2026-03-05 13:44:17'),
(1370, 98, '2026-02-21', 'present', '22:36:00', '08:22:00', NULL, NULL, '2026-03-05 13:44:17', '2026-03-05 13:44:17'),
(1371, 99, '2026-02-21', 'present', '21:01:00', '06:36:00', NULL, NULL, '2026-03-05 13:44:17', '2026-03-05 13:44:17'),
(1372, 100, '2026-02-21', 'present', '20:18:00', '06:35:00', NULL, NULL, '2026-03-05 13:44:17', '2026-03-05 13:44:17'),
(1373, 101, '2026-02-21', 'present', '21:56:00', '08:21:00', NULL, NULL, '2026-03-05 13:44:17', '2026-03-05 13:44:17'),
(1374, 102, '2026-02-21', 'present', '22:25:00', '08:11:00', NULL, NULL, '2026-03-05 13:44:17', '2026-03-05 13:44:17'),
(1375, 103, '2026-02-21', 'present', '18:34:00', '06:54:00', NULL, NULL, '2026-03-05 13:44:17', '2026-03-05 13:44:17'),
(1376, 104, '2026-02-21', 'present', '20:47:00', '06:40:00', NULL, NULL, '2026-03-05 13:44:17', '2026-03-05 13:44:17'),
(1377, 105, '2026-02-21', 'present', '22:50:00', '06:08:00', NULL, NULL, '2026-03-05 13:44:17', '2026-03-05 13:44:17'),
(1378, 106, '2026-02-21', 'present', '18:33:00', '07:52:00', NULL, NULL, '2026-03-05 13:44:17', '2026-03-05 13:44:17'),
(1379, 1, '2026-02-20', 'present', '21:06:00', '06:58:00', NULL, NULL, '2026-03-05 13:44:17', '2026-03-05 13:44:17'),
(1380, 2, '2026-02-20', 'present', '22:41:00', '08:01:00', NULL, NULL, '2026-03-05 13:44:17', '2026-03-05 13:44:17'),
(1381, 3, '2026-02-20', 'present', '22:31:00', '06:32:00', NULL, NULL, '2026-03-05 13:44:17', '2026-03-05 13:44:17'),
(1382, 4, '2026-02-20', 'present', '20:35:00', '06:35:00', NULL, NULL, '2026-03-05 13:44:17', '2026-03-05 13:44:17'),
(1383, 5, '2026-02-20', 'present', '18:26:00', '08:16:00', NULL, NULL, '2026-03-05 13:44:17', '2026-03-05 13:44:17'),
(1384, 6, '2026-02-20', 'present', '22:08:00', '06:29:00', NULL, NULL, '2026-03-05 13:44:17', '2026-03-05 13:44:17'),
(1385, 7, '2026-02-20', 'present', '22:57:00', '08:14:00', NULL, NULL, '2026-03-05 13:44:17', '2026-03-05 13:44:17'),
(1386, 8, '2026-02-20', 'present', '18:57:00', '07:16:00', NULL, NULL, '2026-03-05 13:44:17', '2026-03-05 13:44:17'),
(1387, 9, '2026-02-20', 'present', '22:52:00', '08:40:00', NULL, NULL, '2026-03-05 13:44:17', '2026-03-05 13:44:17'),
(1388, 10, '2026-02-20', 'present', '21:25:00', '08:41:00', NULL, NULL, '2026-03-05 13:44:17', '2026-03-05 13:44:17'),
(1389, 11, '2026-02-20', 'present', '20:01:00', '06:05:00', NULL, NULL, '2026-03-05 13:44:17', '2026-03-05 13:44:17'),
(1390, 12, '2026-02-20', 'present', '18:11:00', '07:15:00', NULL, NULL, '2026-03-05 13:44:17', '2026-03-05 13:44:17'),
(1391, 13, '2026-02-20', 'present', '21:19:00', '08:14:00', NULL, NULL, '2026-03-05 13:44:17', '2026-03-05 13:44:17'),
(1392, 14, '2026-02-20', 'absent', NULL, NULL, NULL, NULL, '2026-03-05 13:44:17', '2026-03-05 13:44:17'),
(1393, 15, '2026-02-20', 'present', '22:07:00', '07:16:00', NULL, NULL, '2026-03-05 13:44:17', '2026-03-05 13:44:17'),
(1394, 16, '2026-02-20', 'present', '20:04:00', '06:38:00', NULL, NULL, '2026-03-05 13:44:17', '2026-03-05 13:44:17'),
(1395, 17, '2026-02-20', 'present', '21:53:00', '06:50:00', NULL, NULL, '2026-03-05 13:44:17', '2026-03-05 13:44:17'),
(1396, 18, '2026-02-20', 'present', '22:28:00', '08:56:00', NULL, NULL, '2026-03-05 13:44:17', '2026-03-05 13:44:17'),
(1397, 19, '2026-02-20', 'justifie', '22:24:00', '07:31:00', 'Certificat médical / Autorisation spéciale', 5, '2026-03-05 13:44:17', '2026-03-05 13:44:17'),
(1398, 20, '2026-02-20', 'present', '20:39:00', '07:05:00', NULL, NULL, '2026-03-05 13:44:17', '2026-03-05 13:44:17'),
(1399, 21, '2026-02-20', 'present', '18:51:00', '06:41:00', NULL, NULL, '2026-03-05 13:44:17', '2026-03-05 13:44:17'),
(1400, 22, '2026-02-20', 'exclu', NULL, NULL, NULL, NULL, '2026-03-05 13:44:17', '2026-03-05 13:44:17'),
(1401, 23, '2026-02-20', 'present', '18:36:00', '08:33:00', NULL, NULL, '2026-03-05 13:44:17', '2026-03-05 13:44:17'),
(1402, 24, '2026-02-20', 'present', '20:24:00', '06:28:00', NULL, NULL, '2026-03-05 13:44:17', '2026-03-05 13:44:17'),
(1403, 25, '2026-02-20', 'present', '20:57:00', '06:26:00', NULL, NULL, '2026-03-05 13:44:17', '2026-03-05 13:44:17'),
(1404, 26, '2026-02-20', 'exclu', NULL, NULL, NULL, NULL, '2026-03-05 13:44:17', '2026-03-05 13:44:17'),
(1405, 27, '2026-02-20', 'present', '20:36:00', '07:03:00', NULL, NULL, '2026-03-05 13:44:17', '2026-03-05 13:44:17'),
(1406, 28, '2026-02-20', 'present', '20:15:00', '08:57:00', NULL, NULL, '2026-03-05 13:44:17', '2026-03-05 13:44:17'),
(1407, 29, '2026-02-20', 'present', '18:14:00', '08:43:00', NULL, NULL, '2026-03-05 13:44:17', '2026-03-05 13:44:17'),
(1408, 30, '2026-02-20', 'present', '20:17:00', '07:43:00', NULL, NULL, '2026-03-05 13:44:17', '2026-03-05 13:44:17'),
(1409, 31, '2026-02-20', 'present', '19:38:00', '08:25:00', NULL, NULL, '2026-03-05 13:44:17', '2026-03-05 13:44:17'),
(1410, 32, '2026-02-20', 'present', '18:59:00', '08:36:00', NULL, NULL, '2026-03-05 13:44:17', '2026-03-05 13:44:17'),
(1411, 33, '2026-02-20', 'present', '21:25:00', '08:40:00', NULL, NULL, '2026-03-05 13:44:17', '2026-03-05 13:44:17'),
(1412, 34, '2026-02-20', 'justifie', '18:46:00', '06:50:00', 'Certificat médical / Autorisation spéciale', 4, '2026-03-05 13:44:17', '2026-03-05 13:44:17'),
(1413, 35, '2026-02-20', 'present', '21:44:00', '08:03:00', NULL, NULL, '2026-03-05 13:44:17', '2026-03-05 13:44:17'),
(1414, 36, '2026-02-20', 'absent', NULL, NULL, NULL, NULL, '2026-03-05 13:44:17', '2026-03-05 13:44:17'),
(1415, 37, '2026-02-20', 'present', '21:20:00', '08:07:00', NULL, NULL, '2026-03-05 13:44:17', '2026-03-05 13:44:17'),
(1416, 38, '2026-02-20', 'present', '22:30:00', '06:26:00', NULL, NULL, '2026-03-05 13:44:17', '2026-03-05 13:44:17'),
(1417, 39, '2026-02-20', 'present', '21:52:00', '08:48:00', NULL, NULL, '2026-03-05 13:44:17', '2026-03-05 13:44:17'),
(1418, 40, '2026-02-20', 'present', '18:46:00', '08:54:00', NULL, NULL, '2026-03-05 13:44:17', '2026-03-05 13:44:17'),
(1419, 41, '2026-02-20', 'present', '19:30:00', '08:21:00', NULL, NULL, '2026-03-05 13:44:17', '2026-03-05 13:44:17'),
(1420, 42, '2026-02-20', 'present', '18:53:00', '08:24:00', NULL, NULL, '2026-03-05 13:44:17', '2026-03-05 13:44:17'),
(1421, 43, '2026-02-20', 'present', '19:12:00', '08:57:00', NULL, NULL, '2026-03-05 13:44:17', '2026-03-05 13:44:17'),
(1422, 44, '2026-02-20', 'exclu', NULL, NULL, NULL, NULL, '2026-03-05 13:44:17', '2026-03-05 13:44:17'),
(1423, 45, '2026-02-20', 'absent', NULL, NULL, NULL, NULL, '2026-03-05 13:44:17', '2026-03-05 13:44:17'),
(1424, 46, '2026-02-20', 'present', '21:04:00', '07:54:00', NULL, NULL, '2026-03-05 13:44:17', '2026-03-05 13:44:17'),
(1425, 47, '2026-02-20', 'present', '20:10:00', '07:17:00', NULL, NULL, '2026-03-05 13:44:17', '2026-03-05 13:44:17'),
(1426, 48, '2026-02-20', 'absent', NULL, NULL, NULL, NULL, '2026-03-05 13:44:17', '2026-03-05 13:44:17'),
(1427, 49, '2026-02-20', 'present', '22:09:00', '06:50:00', NULL, NULL, '2026-03-05 13:44:17', '2026-03-05 13:44:17'),
(1428, 50, '2026-02-20', 'present', '18:53:00', '06:05:00', NULL, NULL, '2026-03-05 13:44:17', '2026-03-05 13:44:17'),
(1429, 51, '2026-02-20', 'present', '19:12:00', '08:39:00', NULL, NULL, '2026-03-05 13:44:17', '2026-03-05 13:44:17'),
(1430, 52, '2026-02-20', 'present', '20:14:00', '06:08:00', NULL, NULL, '2026-03-05 13:44:17', '2026-03-05 13:44:17'),
(1431, 53, '2026-02-20', 'present', '21:46:00', '06:44:00', NULL, NULL, '2026-03-05 13:44:17', '2026-03-05 13:44:17'),
(1432, 54, '2026-02-20', 'present', '19:12:00', '08:44:00', NULL, NULL, '2026-03-05 13:44:17', '2026-03-05 13:44:17'),
(1433, 55, '2026-02-20', 'present', '19:27:00', '07:51:00', NULL, NULL, '2026-03-05 13:44:17', '2026-03-05 13:44:17'),
(1434, 56, '2026-02-20', 'present', '18:51:00', '07:19:00', NULL, NULL, '2026-03-05 13:44:17', '2026-03-05 13:44:17'),
(1435, 57, '2026-02-20', 'present', '22:45:00', '06:41:00', NULL, NULL, '2026-03-05 13:44:17', '2026-03-05 13:44:17'),
(1436, 58, '2026-02-20', 'present', '19:15:00', '08:16:00', NULL, NULL, '2026-03-05 13:44:17', '2026-03-05 13:44:17'),
(1437, 59, '2026-02-20', 'justifie', '20:49:00', '08:21:00', 'Certificat médical / Autorisation spéciale', 6, '2026-03-05 13:44:17', '2026-03-05 13:44:17'),
(1438, 60, '2026-02-20', 'present', '21:07:00', '08:05:00', NULL, NULL, '2026-03-05 13:44:17', '2026-03-05 13:44:17'),
(1439, 61, '2026-02-20', 'present', '20:46:00', '07:02:00', NULL, NULL, '2026-03-05 13:44:17', '2026-03-05 13:44:17'),
(1440, 62, '2026-02-20', 'present', '21:07:00', '07:42:00', NULL, NULL, '2026-03-05 13:44:17', '2026-03-05 13:44:17'),
(1441, 63, '2026-02-20', 'present', '22:18:00', '07:25:00', NULL, NULL, '2026-03-05 13:44:17', '2026-03-05 13:44:17'),
(1442, 64, '2026-02-20', 'present', '20:15:00', '07:20:00', NULL, NULL, '2026-03-05 13:44:17', '2026-03-05 13:44:17'),
(1443, 65, '2026-02-20', 'present', '18:49:00', '07:54:00', NULL, NULL, '2026-03-05 13:44:17', '2026-03-05 13:44:17'),
(1444, 66, '2026-02-20', 'present', '18:23:00', '07:43:00', NULL, NULL, '2026-03-05 13:44:17', '2026-03-05 13:44:17'),
(1445, 67, '2026-02-20', 'exclu', NULL, NULL, NULL, NULL, '2026-03-05 13:44:17', '2026-03-05 13:44:17'),
(1446, 68, '2026-02-20', 'present', '22:09:00', '08:48:00', NULL, NULL, '2026-03-05 13:44:17', '2026-03-05 13:44:17'),
(1447, 69, '2026-02-20', 'present', '18:19:00', '06:32:00', NULL, NULL, '2026-03-05 13:44:17', '2026-03-05 13:44:17'),
(1448, 70, '2026-02-20', 'present', '19:31:00', '08:21:00', NULL, NULL, '2026-03-05 13:44:17', '2026-03-05 13:44:17'),
(1449, 71, '2026-02-20', 'exclu', NULL, NULL, NULL, NULL, '2026-03-05 13:44:17', '2026-03-05 13:44:17'),
(1450, 72, '2026-02-20', 'present', '21:46:00', '06:57:00', NULL, NULL, '2026-03-05 13:44:17', '2026-03-05 13:44:17'),
(1451, 73, '2026-02-20', 'present', '21:28:00', '06:23:00', NULL, NULL, '2026-03-05 13:44:17', '2026-03-05 13:44:17'),
(1452, 74, '2026-02-20', 'present', '18:57:00', '07:23:00', NULL, NULL, '2026-03-05 13:44:17', '2026-03-05 13:44:17'),
(1453, 75, '2026-02-20', 'present', '20:20:00', '08:36:00', NULL, NULL, '2026-03-05 13:44:17', '2026-03-05 13:44:17'),
(1454, 76, '2026-02-20', 'present', '18:23:00', '07:54:00', NULL, NULL, '2026-03-05 13:44:17', '2026-03-05 13:44:17'),
(1455, 77, '2026-02-20', 'justifie', '20:14:00', '08:01:00', 'Certificat médical / Autorisation spéciale', 5, '2026-03-05 13:44:17', '2026-03-05 13:44:17'),
(1456, 78, '2026-02-20', 'present', '20:18:00', '07:46:00', NULL, NULL, '2026-03-05 13:44:17', '2026-03-05 13:44:17'),
(1457, 79, '2026-02-20', 'present', '22:00:00', '07:30:00', NULL, NULL, '2026-03-05 13:44:17', '2026-03-05 13:44:17'),
(1458, 80, '2026-02-20', 'present', '19:47:00', '08:13:00', NULL, NULL, '2026-03-05 13:44:17', '2026-03-05 13:44:17'),
(1459, 81, '2026-02-20', 'absent', NULL, NULL, NULL, NULL, '2026-03-05 13:44:17', '2026-03-05 13:44:17'),
(1460, 82, '2026-02-20', 'present', '20:57:00', '07:21:00', NULL, NULL, '2026-03-05 13:44:17', '2026-03-05 13:44:17'),
(1461, 83, '2026-02-20', 'present', '22:04:00', '06:41:00', NULL, NULL, '2026-03-05 13:44:17', '2026-03-05 13:44:17'),
(1462, 84, '2026-02-20', 'present', '19:24:00', '08:02:00', NULL, NULL, '2026-03-05 13:44:17', '2026-03-05 13:44:17'),
(1463, 85, '2026-02-20', 'absent', NULL, NULL, NULL, NULL, '2026-03-05 13:44:17', '2026-03-05 13:44:17'),
(1464, 86, '2026-02-20', 'present', '22:14:00', '08:54:00', NULL, NULL, '2026-03-05 13:44:17', '2026-03-05 13:44:17'),
(1465, 87, '2026-02-20', 'present', '20:09:00', '08:41:00', NULL, NULL, '2026-03-05 13:44:17', '2026-03-05 13:44:17'),
(1466, 88, '2026-02-20', 'present', '18:39:00', '08:52:00', NULL, NULL, '2026-03-05 13:44:17', '2026-03-05 13:44:17'),
(1467, 89, '2026-02-20', 'present', '21:07:00', '08:06:00', NULL, NULL, '2026-03-05 13:44:17', '2026-03-05 13:44:17'),
(1468, 90, '2026-02-20', 'present', '22:14:00', '07:20:00', NULL, NULL, '2026-03-05 13:44:17', '2026-03-05 13:44:17'),
(1469, 91, '2026-02-20', 'present', '22:16:00', '07:30:00', NULL, NULL, '2026-03-05 13:44:17', '2026-03-05 13:44:17'),
(1470, 92, '2026-02-20', 'present', '21:43:00', '07:59:00', NULL, NULL, '2026-03-05 13:44:17', '2026-03-05 13:44:17'),
(1471, 93, '2026-02-20', 'present', '19:31:00', '06:33:00', NULL, NULL, '2026-03-05 13:44:17', '2026-03-05 13:44:17'),
(1472, 94, '2026-02-20', 'present', '19:44:00', '08:08:00', NULL, NULL, '2026-03-05 13:44:17', '2026-03-05 13:44:17'),
(1473, 95, '2026-02-20', 'present', '18:48:00', '06:59:00', NULL, NULL, '2026-03-05 13:44:17', '2026-03-05 13:44:17'),
(1474, 96, '2026-02-20', 'present', '18:41:00', '08:56:00', NULL, NULL, '2026-03-05 13:44:17', '2026-03-05 13:44:17'),
(1475, 97, '2026-02-20', 'present', '19:55:00', '07:34:00', NULL, NULL, '2026-03-05 13:44:17', '2026-03-05 13:44:17'),
(1476, 98, '2026-02-20', 'present', '18:27:00', '06:51:00', NULL, NULL, '2026-03-05 13:44:17', '2026-03-05 13:44:17'),
(1477, 99, '2026-02-20', 'present', '21:38:00', '06:06:00', NULL, NULL, '2026-03-05 13:44:17', '2026-03-05 13:44:17'),
(1478, 100, '2026-02-20', 'present', '18:29:00', '08:44:00', NULL, NULL, '2026-03-05 13:44:17', '2026-03-05 13:44:17'),
(1479, 101, '2026-02-20', 'present', '19:43:00', '08:43:00', NULL, NULL, '2026-03-05 13:44:17', '2026-03-05 13:44:17'),
(1480, 102, '2026-02-20', 'present', '21:37:00', '06:55:00', NULL, NULL, '2026-03-05 13:44:17', '2026-03-05 13:44:17'),
(1481, 103, '2026-02-20', 'present', '19:44:00', '06:39:00', NULL, NULL, '2026-03-05 13:44:17', '2026-03-05 13:44:17'),
(1482, 104, '2026-02-20', 'present', '22:44:00', '07:40:00', NULL, NULL, '2026-03-05 13:44:17', '2026-03-05 13:44:17'),
(1483, 105, '2026-02-20', 'present', '22:19:00', '08:49:00', NULL, NULL, '2026-03-05 13:44:17', '2026-03-05 13:44:17'),
(1484, 106, '2026-02-20', 'present', '18:52:00', '06:00:00', NULL, NULL, '2026-03-05 13:44:17', '2026-03-05 13:44:17'),
(1485, 1, '2026-02-19', 'present', '19:31:00', '07:13:00', NULL, NULL, '2026-03-05 13:44:17', '2026-03-05 13:44:17'),
(1486, 2, '2026-02-19', 'exclu', NULL, NULL, NULL, NULL, '2026-03-05 13:44:17', '2026-03-05 13:44:17'),
(1487, 3, '2026-02-19', 'present', '22:32:00', '06:15:00', NULL, NULL, '2026-03-05 13:44:17', '2026-03-05 13:44:17'),
(1488, 4, '2026-02-19', 'justifie', '20:27:00', '06:12:00', 'Certificat médical / Autorisation spéciale', 4, '2026-03-05 13:44:17', '2026-03-05 13:44:17'),
(1489, 5, '2026-02-19', 'present', '21:40:00', '08:43:00', NULL, NULL, '2026-03-05 13:44:17', '2026-03-05 13:44:17'),
(1490, 6, '2026-02-19', 'present', '19:46:00', '08:38:00', NULL, NULL, '2026-03-05 13:44:17', '2026-03-05 13:44:17'),
(1491, 7, '2026-02-19', 'present', '20:20:00', '08:12:00', NULL, NULL, '2026-03-05 13:44:17', '2026-03-05 13:44:17'),
(1492, 8, '2026-02-19', 'justifie', '20:56:00', '06:08:00', 'Certificat médical / Autorisation spéciale', 3, '2026-03-05 13:44:17', '2026-03-05 13:44:17'),
(1493, 9, '2026-02-19', 'present', '21:35:00', '06:23:00', NULL, NULL, '2026-03-05 13:44:17', '2026-03-05 13:44:17'),
(1494, 10, '2026-02-19', 'present', '21:55:00', '06:34:00', NULL, NULL, '2026-03-05 13:44:17', '2026-03-05 13:44:17'),
(1495, 11, '2026-02-19', 'present', '20:07:00', '08:15:00', NULL, NULL, '2026-03-05 13:44:17', '2026-03-05 13:44:17'),
(1496, 12, '2026-02-19', 'present', '19:25:00', '06:36:00', NULL, NULL, '2026-03-05 13:44:17', '2026-03-05 13:44:17'),
(1497, 13, '2026-02-19', 'present', '20:32:00', '06:48:00', NULL, NULL, '2026-03-05 13:44:17', '2026-03-05 13:44:17'),
(1498, 14, '2026-02-19', 'present', '19:18:00', '08:19:00', NULL, NULL, '2026-03-05 13:44:17', '2026-03-05 13:44:17'),
(1499, 15, '2026-02-19', 'present', '22:10:00', '07:19:00', NULL, NULL, '2026-03-05 13:44:17', '2026-03-05 13:44:17'),
(1500, 16, '2026-02-19', 'present', '21:46:00', '08:21:00', NULL, NULL, '2026-03-05 13:44:17', '2026-03-05 13:44:17'),
(1501, 17, '2026-02-19', 'present', '20:46:00', '08:23:00', NULL, NULL, '2026-03-05 13:44:17', '2026-03-05 13:44:17'),
(1502, 18, '2026-02-19', 'present', '21:33:00', '07:59:00', NULL, NULL, '2026-03-05 13:44:17', '2026-03-05 13:44:17'),
(1503, 19, '2026-02-19', 'present', '22:55:00', '07:38:00', NULL, NULL, '2026-03-05 13:44:17', '2026-03-05 13:44:17'),
(1504, 20, '2026-02-19', 'present', '19:32:00', '07:14:00', NULL, NULL, '2026-03-05 13:44:17', '2026-03-05 13:44:17'),
(1505, 21, '2026-02-19', 'present', '20:26:00', '06:30:00', NULL, NULL, '2026-03-05 13:44:17', '2026-03-05 13:44:17'),
(1506, 22, '2026-02-19', 'present', '18:58:00', '07:05:00', NULL, NULL, '2026-03-05 13:44:17', '2026-03-05 13:44:17'),
(1507, 23, '2026-02-19', 'present', '20:26:00', '06:24:00', NULL, NULL, '2026-03-05 13:44:17', '2026-03-05 13:44:17'),
(1508, 24, '2026-02-19', 'absent', NULL, NULL, NULL, NULL, '2026-03-05 13:44:17', '2026-03-05 13:44:17'),
(1509, 25, '2026-02-19', 'present', '19:27:00', '08:05:00', NULL, NULL, '2026-03-05 13:44:17', '2026-03-05 13:44:17'),
(1510, 26, '2026-02-19', 'present', '21:17:00', '06:34:00', NULL, NULL, '2026-03-05 13:44:17', '2026-03-05 13:44:17'),
(1511, 27, '2026-02-19', 'present', '18:17:00', '07:04:00', NULL, NULL, '2026-03-05 13:44:17', '2026-03-05 13:44:17'),
(1512, 28, '2026-02-19', 'present', '20:01:00', '07:48:00', NULL, NULL, '2026-03-05 13:44:17', '2026-03-05 13:44:17'),
(1513, 29, '2026-02-19', 'present', '22:34:00', '08:21:00', NULL, NULL, '2026-03-05 13:44:17', '2026-03-05 13:44:17'),
(1514, 30, '2026-02-19', 'present', '21:18:00', '07:37:00', NULL, NULL, '2026-03-05 13:44:17', '2026-03-05 13:44:17'),
(1515, 31, '2026-02-19', 'present', '22:28:00', '07:35:00', NULL, NULL, '2026-03-05 13:44:17', '2026-03-05 13:44:17'),
(1516, 32, '2026-02-19', 'present', '21:54:00', '06:46:00', NULL, NULL, '2026-03-05 13:44:17', '2026-03-05 13:44:17'),
(1517, 33, '2026-02-19', 'present', '19:41:00', '07:25:00', NULL, NULL, '2026-03-05 13:44:17', '2026-03-05 13:44:17'),
(1518, 34, '2026-02-19', 'present', '20:27:00', '07:13:00', NULL, NULL, '2026-03-05 13:44:17', '2026-03-05 13:44:17'),
(1519, 35, '2026-02-19', 'exclu', NULL, NULL, NULL, NULL, '2026-03-05 13:44:17', '2026-03-05 13:44:17'),
(1520, 36, '2026-02-19', 'present', '19:44:00', '06:23:00', NULL, NULL, '2026-03-05 13:44:17', '2026-03-05 13:44:17'),
(1521, 37, '2026-02-19', 'present', '18:23:00', '06:06:00', NULL, NULL, '2026-03-05 13:44:17', '2026-03-05 13:44:17'),
(1522, 38, '2026-02-19', 'present', '19:55:00', '07:46:00', NULL, NULL, '2026-03-05 13:44:17', '2026-03-05 13:44:17'),
(1523, 39, '2026-02-19', 'present', '20:22:00', '08:07:00', NULL, NULL, '2026-03-05 13:44:17', '2026-03-05 13:44:17'),
(1524, 40, '2026-02-19', 'present', '21:16:00', '07:54:00', NULL, NULL, '2026-03-05 13:44:17', '2026-03-05 13:44:17'),
(1525, 41, '2026-02-19', 'present', '21:50:00', '06:00:00', NULL, NULL, '2026-03-05 13:44:17', '2026-03-05 13:44:17'),
(1526, 42, '2026-02-19', 'present', '19:33:00', '08:34:00', NULL, NULL, '2026-03-05 13:44:17', '2026-03-05 13:44:17'),
(1527, 43, '2026-02-19', 'present', '21:01:00', '07:53:00', NULL, NULL, '2026-03-05 13:44:17', '2026-03-05 13:44:17'),
(1528, 44, '2026-02-19', 'present', '20:17:00', '06:29:00', NULL, NULL, '2026-03-05 13:44:17', '2026-03-05 13:44:17'),
(1529, 45, '2026-02-19', 'present', '21:42:00', '07:55:00', NULL, NULL, '2026-03-05 13:44:17', '2026-03-05 13:44:17'),
(1530, 46, '2026-02-19', 'absent', NULL, NULL, NULL, NULL, '2026-03-05 13:44:17', '2026-03-05 13:44:17'),
(1531, 47, '2026-02-19', 'present', '22:20:00', '07:18:00', NULL, NULL, '2026-03-05 13:44:17', '2026-03-05 13:44:17'),
(1532, 48, '2026-02-19', 'present', '19:35:00', '07:18:00', NULL, NULL, '2026-03-05 13:44:17', '2026-03-05 13:44:17'),
(1533, 49, '2026-02-19', 'present', '22:13:00', '07:17:00', NULL, NULL, '2026-03-05 13:44:17', '2026-03-05 13:44:17'),
(1534, 50, '2026-02-19', 'present', '21:30:00', '07:15:00', NULL, NULL, '2026-03-05 13:44:17', '2026-03-05 13:44:17'),
(1535, 51, '2026-02-19', 'exclu', NULL, NULL, NULL, NULL, '2026-03-05 13:44:17', '2026-03-05 13:44:17'),
(1536, 52, '2026-02-19', 'absent', NULL, NULL, NULL, NULL, '2026-03-05 13:44:17', '2026-03-05 13:44:17'),
(1537, 53, '2026-02-19', 'present', '21:46:00', '06:37:00', NULL, NULL, '2026-03-05 13:44:17', '2026-03-05 13:44:17'),
(1538, 54, '2026-02-19', 'present', '20:46:00', '08:41:00', NULL, NULL, '2026-03-05 13:44:17', '2026-03-05 13:44:17'),
(1539, 55, '2026-02-19', 'present', '22:07:00', '06:50:00', NULL, NULL, '2026-03-05 13:44:17', '2026-03-05 13:44:17'),
(1540, 56, '2026-02-19', 'present', '20:29:00', '06:49:00', NULL, NULL, '2026-03-05 13:44:17', '2026-03-05 13:44:17'),
(1541, 57, '2026-02-19', 'present', '18:03:00', '08:51:00', NULL, NULL, '2026-03-05 13:44:17', '2026-03-05 13:44:17'),
(1542, 58, '2026-02-19', 'absent', NULL, NULL, NULL, NULL, '2026-03-05 13:44:17', '2026-03-05 13:44:17'),
(1543, 59, '2026-02-19', 'present', '22:00:00', '07:20:00', NULL, NULL, '2026-03-05 13:44:17', '2026-03-05 13:44:17'),
(1544, 60, '2026-02-19', 'present', '19:24:00', '06:25:00', NULL, NULL, '2026-03-05 13:44:17', '2026-03-05 13:44:17'),
(1545, 61, '2026-02-19', 'present', '18:52:00', '07:07:00', NULL, NULL, '2026-03-05 13:44:17', '2026-03-05 13:44:17'),
(1546, 62, '2026-02-19', 'present', '22:52:00', '06:04:00', NULL, NULL, '2026-03-05 13:44:17', '2026-03-05 13:44:17'),
(1547, 63, '2026-02-19', 'present', '18:53:00', '08:48:00', NULL, NULL, '2026-03-05 13:44:17', '2026-03-05 13:44:17'),
(1548, 64, '2026-02-19', 'absent', NULL, NULL, NULL, NULL, '2026-03-05 13:44:17', '2026-03-05 13:44:17'),
(1549, 65, '2026-02-19', 'justifie', '21:30:00', '08:59:00', 'Certificat médical / Autorisation spéciale', 5, '2026-03-05 13:44:17', '2026-03-05 13:44:17'),
(1550, 66, '2026-02-19', 'present', '22:30:00', '06:12:00', NULL, NULL, '2026-03-05 13:44:17', '2026-03-05 13:44:17'),
(1551, 67, '2026-02-19', 'present', '22:52:00', '08:35:00', NULL, NULL, '2026-03-05 13:44:17', '2026-03-05 13:44:17'),
(1552, 68, '2026-02-19', 'justifie', '22:08:00', '06:25:00', 'Certificat médical / Autorisation spéciale', 3, '2026-03-05 13:44:17', '2026-03-05 13:44:17'),
(1553, 69, '2026-02-19', 'present', '22:51:00', '08:08:00', NULL, NULL, '2026-03-05 13:44:17', '2026-03-05 13:44:17'),
(1554, 70, '2026-02-19', 'present', '21:00:00', '08:40:00', NULL, NULL, '2026-03-05 13:44:17', '2026-03-05 13:44:17'),
(1555, 71, '2026-02-19', 'present', '18:11:00', '08:44:00', NULL, NULL, '2026-03-05 13:44:17', '2026-03-05 13:44:17'),
(1556, 72, '2026-02-19', 'present', '20:23:00', '07:21:00', NULL, NULL, '2026-03-05 13:44:17', '2026-03-05 13:44:17'),
(1557, 73, '2026-02-19', 'present', '19:17:00', '08:07:00', NULL, NULL, '2026-03-05 13:44:17', '2026-03-05 13:44:17'),
(1558, 74, '2026-02-19', 'present', '19:29:00', '08:59:00', NULL, NULL, '2026-03-05 13:44:17', '2026-03-05 13:44:17'),
(1559, 75, '2026-02-19', 'absent', NULL, NULL, NULL, NULL, '2026-03-05 13:44:17', '2026-03-05 13:44:17'),
(1560, 76, '2026-02-19', 'present', '18:07:00', '08:16:00', NULL, NULL, '2026-03-05 13:44:17', '2026-03-05 13:44:17'),
(1561, 77, '2026-02-19', 'present', '22:32:00', '08:45:00', NULL, NULL, '2026-03-05 13:44:17', '2026-03-05 13:44:17'),
(1562, 78, '2026-02-19', 'present', '22:55:00', '08:51:00', NULL, NULL, '2026-03-05 13:44:17', '2026-03-05 13:44:17'),
(1563, 79, '2026-02-19', 'present', '21:46:00', '06:50:00', NULL, NULL, '2026-03-05 13:44:17', '2026-03-05 13:44:17'),
(1564, 80, '2026-02-19', 'present', '19:37:00', '08:18:00', NULL, NULL, '2026-03-05 13:44:17', '2026-03-05 13:44:17'),
(1565, 81, '2026-02-19', 'present', '20:32:00', '06:08:00', NULL, NULL, '2026-03-05 13:44:17', '2026-03-05 13:44:17'),
(1566, 82, '2026-02-19', 'present', '20:48:00', '06:45:00', NULL, NULL, '2026-03-05 13:44:17', '2026-03-05 13:44:17'),
(1567, 83, '2026-02-19', 'present', '20:54:00', '06:50:00', NULL, NULL, '2026-03-05 13:44:17', '2026-03-05 13:44:17'),
(1568, 84, '2026-02-19', 'present', '20:28:00', '07:01:00', NULL, NULL, '2026-03-05 13:44:17', '2026-03-05 13:44:17'),
(1569, 85, '2026-02-19', 'present', '22:17:00', '06:36:00', NULL, NULL, '2026-03-05 13:44:17', '2026-03-05 13:44:17'),
(1570, 86, '2026-02-19', 'present', '22:48:00', '07:03:00', NULL, NULL, '2026-03-05 13:44:17', '2026-03-05 13:44:17'),
(1571, 87, '2026-02-19', 'present', '19:30:00', '08:53:00', NULL, NULL, '2026-03-05 13:44:17', '2026-03-05 13:44:17'),
(1572, 88, '2026-02-19', 'justifie', '18:11:00', '07:27:00', 'Certificat médical / Autorisation spéciale', 6, '2026-03-05 13:44:17', '2026-03-05 13:44:17'),
(1573, 89, '2026-02-19', 'present', '18:57:00', '08:01:00', NULL, NULL, '2026-03-05 13:44:17', '2026-03-05 13:44:17'),
(1574, 90, '2026-02-19', 'justifie', '21:42:00', '08:25:00', 'Certificat médical / Autorisation spéciale', 3, '2026-03-05 13:44:17', '2026-03-05 13:44:17'),
(1575, 91, '2026-02-19', 'present', '22:30:00', '06:06:00', NULL, NULL, '2026-03-05 13:44:17', '2026-03-05 13:44:17'),
(1576, 92, '2026-02-19', 'present', '19:21:00', '08:27:00', NULL, NULL, '2026-03-05 13:44:17', '2026-03-05 13:44:17'),
(1577, 93, '2026-02-19', 'present', '18:14:00', '06:04:00', NULL, NULL, '2026-03-05 13:44:17', '2026-03-05 13:44:17'),
(1578, 94, '2026-02-19', 'present', '19:15:00', '06:07:00', NULL, NULL, '2026-03-05 13:44:17', '2026-03-05 13:44:17'),
(1579, 95, '2026-02-19', 'exclu', NULL, NULL, NULL, NULL, '2026-03-05 13:44:17', '2026-03-05 13:44:17'),
(1580, 96, '2026-02-19', 'present', '19:54:00', '06:50:00', NULL, NULL, '2026-03-05 13:44:17', '2026-03-05 13:44:17'),
(1581, 97, '2026-02-19', 'present', '20:48:00', '08:33:00', NULL, NULL, '2026-03-05 13:44:18', '2026-03-05 13:44:18'),
(1582, 98, '2026-02-19', 'present', '22:20:00', '06:15:00', NULL, NULL, '2026-03-05 13:44:18', '2026-03-05 13:44:18'),
(1583, 99, '2026-02-19', 'present', '18:40:00', '08:20:00', NULL, NULL, '2026-03-05 13:44:18', '2026-03-05 13:44:18'),
(1584, 100, '2026-02-19', 'present', '21:34:00', '06:38:00', NULL, NULL, '2026-03-05 13:44:18', '2026-03-05 13:44:18'),
(1585, 101, '2026-02-19', 'present', '20:14:00', '06:47:00', NULL, NULL, '2026-03-05 13:44:18', '2026-03-05 13:44:18'),
(1586, 102, '2026-02-19', 'present', '18:03:00', '07:35:00', NULL, NULL, '2026-03-05 13:44:18', '2026-03-05 13:44:18'),
(1587, 103, '2026-02-19', 'present', '21:43:00', '06:39:00', NULL, NULL, '2026-03-05 13:44:18', '2026-03-05 13:44:18'),
(1588, 104, '2026-02-19', 'absent', NULL, NULL, NULL, NULL, '2026-03-05 13:44:18', '2026-03-05 13:44:18'),
(1589, 105, '2026-02-19', 'justifie', '20:47:00', '08:13:00', 'Certificat médical / Autorisation spéciale', 3, '2026-03-05 13:44:18', '2026-03-05 13:44:18'),
(1590, 106, '2026-02-19', 'present', '21:03:00', '08:23:00', NULL, NULL, '2026-03-05 13:44:18', '2026-03-05 13:44:18'),
(1591, 1, '2026-02-18', 'present', '21:45:00', '06:38:00', NULL, NULL, '2026-03-05 13:44:18', '2026-03-05 13:44:18'),
(1592, 2, '2026-02-18', 'present', '20:35:00', '08:18:00', NULL, NULL, '2026-03-05 13:44:18', '2026-03-05 13:44:18'),
(1593, 3, '2026-02-18', 'present', '20:57:00', '08:21:00', NULL, NULL, '2026-03-05 13:44:18', '2026-03-05 13:44:18'),
(1594, 4, '2026-02-18', 'present', '20:44:00', '06:27:00', NULL, NULL, '2026-03-05 13:44:18', '2026-03-05 13:44:18'),
(1595, 5, '2026-02-18', 'present', '18:31:00', '07:04:00', NULL, NULL, '2026-03-05 13:44:18', '2026-03-05 13:44:18'),
(1596, 6, '2026-02-18', 'present', '22:53:00', '07:51:00', NULL, NULL, '2026-03-05 13:44:18', '2026-03-05 13:44:18'),
(1597, 7, '2026-02-18', 'present', '21:24:00', '07:57:00', NULL, NULL, '2026-03-05 13:44:18', '2026-03-05 13:44:18'),
(1598, 8, '2026-02-18', 'present', '20:35:00', '06:54:00', NULL, NULL, '2026-03-05 13:44:18', '2026-03-05 13:44:18'),
(1599, 9, '2026-02-18', 'present', '18:17:00', '08:14:00', NULL, NULL, '2026-03-05 13:44:18', '2026-03-05 13:44:18'),
(1600, 10, '2026-02-18', 'absent', NULL, NULL, NULL, NULL, '2026-03-05 13:44:18', '2026-03-05 13:44:18'),
(1601, 11, '2026-02-18', 'present', '22:23:00', '06:40:00', NULL, NULL, '2026-03-05 13:44:18', '2026-03-05 13:44:18'),
(1602, 12, '2026-02-18', 'present', '19:00:00', '07:57:00', NULL, NULL, '2026-03-05 13:44:18', '2026-03-05 13:44:18'),
(1603, 13, '2026-02-18', 'present', '19:03:00', '07:38:00', NULL, NULL, '2026-03-05 13:44:18', '2026-03-05 13:44:18'),
(1604, 14, '2026-02-18', 'present', '19:28:00', '08:59:00', NULL, NULL, '2026-03-05 13:44:18', '2026-03-05 13:44:18'),
(1605, 15, '2026-02-18', 'present', '20:57:00', '06:35:00', NULL, NULL, '2026-03-05 13:44:18', '2026-03-05 13:44:18'),
(1606, 16, '2026-02-18', 'present', '19:21:00', '07:41:00', NULL, NULL, '2026-03-05 13:44:18', '2026-03-05 13:44:18'),
(1607, 17, '2026-02-18', 'present', '20:10:00', '06:27:00', NULL, NULL, '2026-03-05 13:44:18', '2026-03-05 13:44:18'),
(1608, 18, '2026-02-18', 'present', '19:32:00', '06:07:00', NULL, NULL, '2026-03-05 13:44:18', '2026-03-05 13:44:18'),
(1609, 19, '2026-02-18', 'exclu', NULL, NULL, NULL, NULL, '2026-03-05 13:44:18', '2026-03-05 13:44:18'),
(1610, 20, '2026-02-18', 'present', '22:52:00', '07:46:00', NULL, NULL, '2026-03-05 13:44:18', '2026-03-05 13:44:18'),
(1611, 21, '2026-02-18', 'present', '20:25:00', '08:09:00', NULL, NULL, '2026-03-05 13:44:18', '2026-03-05 13:44:18'),
(1612, 22, '2026-02-18', 'present', '20:51:00', '06:17:00', NULL, NULL, '2026-03-05 13:44:18', '2026-03-05 13:44:18'),
(1613, 23, '2026-02-18', 'absent', NULL, NULL, NULL, NULL, '2026-03-05 13:44:18', '2026-03-05 13:44:18'),
(1614, 24, '2026-02-18', 'present', '21:43:00', '08:40:00', NULL, NULL, '2026-03-05 13:44:18', '2026-03-05 13:44:18'),
(1615, 25, '2026-02-18', 'present', '18:02:00', '08:12:00', NULL, NULL, '2026-03-05 13:44:18', '2026-03-05 13:44:18'),
(1616, 26, '2026-02-18', 'absent', NULL, NULL, NULL, NULL, '2026-03-05 13:44:18', '2026-03-05 13:44:18'),
(1617, 27, '2026-02-18', 'present', '18:03:00', '06:48:00', NULL, NULL, '2026-03-05 13:44:18', '2026-03-05 13:44:18'),
(1618, 28, '2026-02-18', 'present', '22:36:00', '07:14:00', NULL, NULL, '2026-03-05 13:44:18', '2026-03-05 13:44:18'),
(1619, 29, '2026-02-18', 'present', '21:19:00', '08:58:00', NULL, NULL, '2026-03-05 13:44:18', '2026-03-05 13:44:18'),
(1620, 30, '2026-02-18', 'present', '20:16:00', '07:02:00', NULL, NULL, '2026-03-05 13:44:18', '2026-03-05 13:44:18'),
(1621, 31, '2026-02-18', 'present', '18:21:00', '06:01:00', NULL, NULL, '2026-03-05 13:44:18', '2026-03-05 13:44:18'),
(1622, 32, '2026-02-18', 'present', '21:17:00', '07:50:00', NULL, NULL, '2026-03-05 13:44:18', '2026-03-05 13:44:18'),
(1623, 33, '2026-02-18', 'present', '20:23:00', '06:47:00', NULL, NULL, '2026-03-05 13:44:18', '2026-03-05 13:44:18'),
(1624, 34, '2026-02-18', 'present', '21:12:00', '08:27:00', NULL, NULL, '2026-03-05 13:44:18', '2026-03-05 13:44:18'),
(1625, 35, '2026-02-18', 'present', '18:05:00', '07:19:00', NULL, NULL, '2026-03-05 13:44:18', '2026-03-05 13:44:18'),
(1626, 36, '2026-02-18', 'present', '22:14:00', '06:05:00', NULL, NULL, '2026-03-05 13:44:18', '2026-03-05 13:44:18'),
(1627, 37, '2026-02-18', 'present', '20:49:00', '07:21:00', NULL, NULL, '2026-03-05 13:44:18', '2026-03-05 13:44:18'),
(1628, 38, '2026-02-18', 'present', '19:04:00', '08:45:00', NULL, NULL, '2026-03-05 13:44:18', '2026-03-05 13:44:18'),
(1629, 39, '2026-02-18', 'exclu', NULL, NULL, NULL, NULL, '2026-03-05 13:44:18', '2026-03-05 13:44:18'),
(1630, 40, '2026-02-18', 'present', '22:09:00', '08:52:00', NULL, NULL, '2026-03-05 13:44:18', '2026-03-05 13:44:18'),
(1631, 41, '2026-02-18', 'absent', NULL, NULL, NULL, NULL, '2026-03-05 13:44:18', '2026-03-05 13:44:18'),
(1632, 42, '2026-02-18', 'present', '22:22:00', '06:00:00', NULL, NULL, '2026-03-05 13:44:18', '2026-03-05 13:44:18'),
(1633, 43, '2026-02-18', 'present', '19:59:00', '08:45:00', NULL, NULL, '2026-03-05 13:44:18', '2026-03-05 13:44:18'),
(1634, 44, '2026-02-18', 'present', '19:47:00', '06:33:00', NULL, NULL, '2026-03-05 13:44:18', '2026-03-05 13:44:18'),
(1635, 45, '2026-02-18', 'present', '19:23:00', '06:33:00', NULL, NULL, '2026-03-05 13:44:18', '2026-03-05 13:44:18'),
(1636, 46, '2026-02-18', 'present', '20:32:00', '06:53:00', NULL, NULL, '2026-03-05 13:44:18', '2026-03-05 13:44:18'),
(1637, 47, '2026-02-18', 'present', '20:11:00', '08:53:00', NULL, NULL, '2026-03-05 13:44:18', '2026-03-05 13:44:18'),
(1638, 48, '2026-02-18', 'present', '19:36:00', '06:31:00', NULL, NULL, '2026-03-05 13:44:18', '2026-03-05 13:44:18'),
(1639, 49, '2026-02-18', 'present', '22:58:00', '06:14:00', NULL, NULL, '2026-03-05 13:44:18', '2026-03-05 13:44:18'),
(1640, 50, '2026-02-18', 'present', '19:22:00', '08:11:00', NULL, NULL, '2026-03-05 13:44:18', '2026-03-05 13:44:18'),
(1641, 51, '2026-02-18', 'present', '19:16:00', '06:51:00', NULL, NULL, '2026-03-05 13:44:18', '2026-03-05 13:44:18'),
(1642, 52, '2026-02-18', 'present', '22:14:00', '08:27:00', NULL, NULL, '2026-03-05 13:44:18', '2026-03-05 13:44:18'),
(1643, 53, '2026-02-18', 'present', '20:52:00', '08:00:00', NULL, NULL, '2026-03-05 13:44:18', '2026-03-05 13:44:18'),
(1644, 54, '2026-02-18', 'present', '18:16:00', '07:51:00', NULL, NULL, '2026-03-05 13:44:18', '2026-03-05 13:44:18'),
(1645, 55, '2026-02-18', 'present', '20:02:00', '08:54:00', NULL, NULL, '2026-03-05 13:44:18', '2026-03-05 13:44:18'),
(1646, 56, '2026-02-18', 'present', '22:23:00', '06:38:00', NULL, NULL, '2026-03-05 13:44:18', '2026-03-05 13:44:18'),
(1647, 57, '2026-02-18', 'present', '19:26:00', '08:38:00', NULL, NULL, '2026-03-05 13:44:18', '2026-03-05 13:44:18'),
(1648, 58, '2026-02-18', 'present', '22:28:00', '06:20:00', NULL, NULL, '2026-03-05 13:44:18', '2026-03-05 13:44:18'),
(1649, 59, '2026-02-18', 'present', '18:21:00', '08:40:00', NULL, NULL, '2026-03-05 13:44:18', '2026-03-05 13:44:18'),
(1650, 60, '2026-02-18', 'present', '20:03:00', '08:57:00', NULL, NULL, '2026-03-05 13:44:18', '2026-03-05 13:44:18'),
(1651, 61, '2026-02-18', 'present', '21:19:00', '08:58:00', NULL, NULL, '2026-03-05 13:44:18', '2026-03-05 13:44:18'),
(1652, 62, '2026-02-18', 'present', '19:46:00', '08:11:00', NULL, NULL, '2026-03-05 13:44:18', '2026-03-05 13:44:18'),
(1653, 63, '2026-02-18', 'present', '20:12:00', '07:32:00', NULL, NULL, '2026-03-05 13:44:18', '2026-03-05 13:44:18'),
(1654, 64, '2026-02-18', 'present', '19:03:00', '07:02:00', NULL, NULL, '2026-03-05 13:44:18', '2026-03-05 13:44:18'),
(1655, 65, '2026-02-18', 'present', '22:19:00', '08:01:00', NULL, NULL, '2026-03-05 13:44:18', '2026-03-05 13:44:18'),
(1656, 66, '2026-02-18', 'present', '21:52:00', '08:08:00', NULL, NULL, '2026-03-05 13:44:18', '2026-03-05 13:44:18'),
(1657, 67, '2026-02-18', 'present', '22:34:00', '06:47:00', NULL, NULL, '2026-03-05 13:44:18', '2026-03-05 13:44:18'),
(1658, 68, '2026-02-18', 'present', '20:29:00', '06:10:00', NULL, NULL, '2026-03-05 13:44:18', '2026-03-05 13:44:18'),
(1659, 69, '2026-02-18', 'present', '21:46:00', '07:54:00', NULL, NULL, '2026-03-05 13:44:18', '2026-03-05 13:44:18'),
(1660, 70, '2026-02-18', 'present', '20:09:00', '08:51:00', NULL, NULL, '2026-03-05 13:44:18', '2026-03-05 13:44:18'),
(1661, 71, '2026-02-18', 'present', '19:31:00', '08:43:00', NULL, NULL, '2026-03-05 13:44:18', '2026-03-05 13:44:18'),
(1662, 72, '2026-02-18', 'present', '19:08:00', '08:44:00', NULL, NULL, '2026-03-05 13:44:18', '2026-03-05 13:44:18'),
(1663, 73, '2026-02-18', 'present', '20:31:00', '07:09:00', NULL, NULL, '2026-03-05 13:44:18', '2026-03-05 13:44:18'),
(1664, 74, '2026-02-18', 'present', '19:08:00', '06:21:00', NULL, NULL, '2026-03-05 13:44:18', '2026-03-05 13:44:18'),
(1665, 75, '2026-02-18', 'present', '21:22:00', '07:36:00', NULL, NULL, '2026-03-05 13:44:18', '2026-03-05 13:44:18'),
(1666, 76, '2026-02-18', 'present', '21:11:00', '07:42:00', NULL, NULL, '2026-03-05 13:44:18', '2026-03-05 13:44:18'),
(1667, 77, '2026-02-18', 'present', '18:57:00', '06:49:00', NULL, NULL, '2026-03-05 13:44:18', '2026-03-05 13:44:18'),
(1668, 78, '2026-02-18', 'justifie', '21:38:00', '07:57:00', 'Certificat médical / Autorisation spéciale', 4, '2026-03-05 13:44:18', '2026-03-05 13:44:18'),
(1669, 79, '2026-02-18', 'present', '20:37:00', '06:46:00', NULL, NULL, '2026-03-05 13:44:18', '2026-03-05 13:44:18'),
(1670, 80, '2026-02-18', 'present', '21:24:00', '08:48:00', NULL, NULL, '2026-03-05 13:44:18', '2026-03-05 13:44:18'),
(1671, 81, '2026-02-18', 'present', '19:40:00', '06:52:00', NULL, NULL, '2026-03-05 13:44:18', '2026-03-05 13:44:18'),
(1672, 82, '2026-02-18', 'exclu', NULL, NULL, NULL, NULL, '2026-03-05 13:44:18', '2026-03-05 13:44:18'),
(1673, 83, '2026-02-18', 'present', '22:56:00', '08:44:00', NULL, NULL, '2026-03-05 13:44:18', '2026-03-05 13:44:18'),
(1674, 84, '2026-02-18', 'present', '22:56:00', '07:33:00', NULL, NULL, '2026-03-05 13:44:18', '2026-03-05 13:44:18'),
(1675, 85, '2026-02-18', 'present', '21:01:00', '08:46:00', NULL, NULL, '2026-03-05 13:44:18', '2026-03-05 13:44:18'),
(1676, 86, '2026-02-18', 'present', '18:09:00', '08:14:00', NULL, NULL, '2026-03-05 13:44:18', '2026-03-05 13:44:18'),
(1677, 87, '2026-02-18', 'present', '19:13:00', '06:15:00', NULL, NULL, '2026-03-05 13:44:18', '2026-03-05 13:44:18'),
(1678, 88, '2026-02-18', 'present', '18:31:00', '08:20:00', NULL, NULL, '2026-03-05 13:44:18', '2026-03-05 13:44:18'),
(1679, 89, '2026-02-18', 'present', '20:25:00', '07:28:00', NULL, NULL, '2026-03-05 13:44:18', '2026-03-05 13:44:18'),
(1680, 90, '2026-02-18', 'present', '21:04:00', '07:52:00', NULL, NULL, '2026-03-05 13:44:18', '2026-03-05 13:44:18'),
(1681, 91, '2026-02-18', 'present', '18:01:00', '08:01:00', NULL, NULL, '2026-03-05 13:44:18', '2026-03-05 13:44:18'),
(1682, 92, '2026-02-18', 'present', '20:31:00', '06:03:00', NULL, NULL, '2026-03-05 13:44:18', '2026-03-05 13:44:18'),
(1683, 93, '2026-02-18', 'exclu', NULL, NULL, NULL, NULL, '2026-03-05 13:44:18', '2026-03-05 13:44:18'),
(1684, 94, '2026-02-18', 'present', '19:38:00', '06:35:00', NULL, NULL, '2026-03-05 13:44:18', '2026-03-05 13:44:18'),
(1685, 95, '2026-02-18', 'present', '19:17:00', '07:33:00', NULL, NULL, '2026-03-05 13:44:18', '2026-03-05 13:44:18'),
(1686, 96, '2026-02-18', 'present', '20:01:00', '06:43:00', NULL, NULL, '2026-03-05 13:44:18', '2026-03-05 13:44:18'),
(1687, 97, '2026-02-18', 'absent', NULL, NULL, NULL, NULL, '2026-03-05 13:44:18', '2026-03-05 13:44:18'),
(1688, 98, '2026-02-18', 'present', '21:55:00', '06:41:00', NULL, NULL, '2026-03-05 13:44:18', '2026-03-05 13:44:18'),
(1689, 99, '2026-02-18', 'present', '21:17:00', '08:27:00', NULL, NULL, '2026-03-05 13:44:18', '2026-03-05 13:44:18'),
(1690, 100, '2026-02-18', 'present', '21:19:00', '07:30:00', NULL, NULL, '2026-03-05 13:44:18', '2026-03-05 13:44:18'),
(1691, 101, '2026-02-18', 'present', '19:33:00', '08:13:00', NULL, NULL, '2026-03-05 13:44:18', '2026-03-05 13:44:18'),
(1692, 102, '2026-02-18', 'present', '21:01:00', '06:30:00', NULL, NULL, '2026-03-05 13:44:18', '2026-03-05 13:44:18'),
(1693, 103, '2026-02-18', 'present', '18:43:00', '06:44:00', NULL, NULL, '2026-03-05 13:44:18', '2026-03-05 13:44:18'),
(1694, 104, '2026-02-18', 'present', '19:21:00', '07:08:00', NULL, NULL, '2026-03-05 13:44:18', '2026-03-05 13:44:18'),
(1695, 105, '2026-02-18', 'present', '21:27:00', '07:00:00', NULL, NULL, '2026-03-05 13:44:18', '2026-03-05 13:44:18'),
(1696, 106, '2026-02-18', 'present', '18:38:00', '06:03:00', NULL, NULL, '2026-03-05 13:44:18', '2026-03-05 13:44:18'),
(1697, 1, '2026-02-17', 'present', '20:17:00', '08:12:00', NULL, NULL, '2026-03-05 13:44:18', '2026-03-05 13:44:18'),
(1698, 2, '2026-02-17', 'present', '22:06:00', '08:29:00', NULL, NULL, '2026-03-05 13:44:18', '2026-03-05 13:44:18'),
(1699, 3, '2026-02-17', 'present', '20:41:00', '07:33:00', NULL, NULL, '2026-03-05 13:44:18', '2026-03-05 13:44:18'),
(1700, 4, '2026-02-17', 'present', '19:19:00', '08:30:00', NULL, NULL, '2026-03-05 13:44:18', '2026-03-05 13:44:18'),
(1701, 5, '2026-02-17', 'exclu', NULL, NULL, NULL, NULL, '2026-03-05 13:44:18', '2026-03-05 13:44:18'),
(1702, 6, '2026-02-17', 'present', '22:22:00', '08:47:00', NULL, NULL, '2026-03-05 13:44:18', '2026-03-05 13:44:18'),
(1703, 7, '2026-02-17', 'present', '21:21:00', '06:06:00', NULL, NULL, '2026-03-05 13:44:18', '2026-03-05 13:44:18'),
(1704, 8, '2026-02-17', 'present', '22:18:00', '06:08:00', NULL, NULL, '2026-03-05 13:44:18', '2026-03-05 13:44:18');
INSERT INTO `presences` (`id`, `etudiant_id`, `date`, `statut`, `heure_entree`, `heure_sortie`, `justification`, `valide_par`, `created_at`, `updated_at`) VALUES
(1705, 9, '2026-02-17', 'present', '20:46:00', '08:20:00', NULL, NULL, '2026-03-05 13:44:18', '2026-03-05 13:44:18'),
(1706, 10, '2026-02-17', 'present', '21:23:00', '08:47:00', NULL, NULL, '2026-03-05 13:44:18', '2026-03-05 13:44:18'),
(1707, 11, '2026-02-17', 'present', '21:06:00', '06:00:00', NULL, NULL, '2026-03-05 13:44:18', '2026-03-05 13:44:18'),
(1708, 12, '2026-02-17', 'present', '21:52:00', '07:07:00', NULL, NULL, '2026-03-05 13:44:18', '2026-03-05 13:44:18'),
(1709, 13, '2026-02-17', 'present', '18:52:00', '06:37:00', NULL, NULL, '2026-03-05 13:44:18', '2026-03-05 13:44:18'),
(1710, 14, '2026-02-17', 'present', '22:51:00', '08:01:00', NULL, NULL, '2026-03-05 13:44:18', '2026-03-05 13:44:18'),
(1711, 15, '2026-02-17', 'present', '22:00:00', '06:35:00', NULL, NULL, '2026-03-05 13:44:18', '2026-03-05 13:44:18'),
(1712, 16, '2026-02-17', 'exclu', NULL, NULL, NULL, NULL, '2026-03-05 13:44:18', '2026-03-05 13:44:18'),
(1713, 17, '2026-02-17', 'absent', NULL, NULL, NULL, NULL, '2026-03-05 13:44:18', '2026-03-05 13:44:18'),
(1714, 18, '2026-02-17', 'present', '22:46:00', '07:12:00', NULL, NULL, '2026-03-05 13:44:18', '2026-03-05 13:44:18'),
(1715, 19, '2026-02-17', 'present', '21:50:00', '07:20:00', NULL, NULL, '2026-03-05 13:44:18', '2026-03-05 13:44:18'),
(1716, 20, '2026-02-17', 'present', '19:58:00', '06:25:00', NULL, NULL, '2026-03-05 13:44:18', '2026-03-05 13:44:18'),
(1717, 21, '2026-02-17', 'present', '19:39:00', '06:26:00', NULL, NULL, '2026-03-05 13:44:18', '2026-03-05 13:44:18'),
(1718, 22, '2026-02-17', 'present', '18:03:00', '06:40:00', NULL, NULL, '2026-03-05 13:44:18', '2026-03-05 13:44:18'),
(1719, 23, '2026-02-17', 'present', '19:01:00', '06:36:00', NULL, NULL, '2026-03-05 13:44:18', '2026-03-05 13:44:18'),
(1720, 24, '2026-02-17', 'present', '18:39:00', '08:16:00', NULL, NULL, '2026-03-05 13:44:18', '2026-03-05 13:44:18'),
(1721, 25, '2026-02-17', 'present', '20:02:00', '07:05:00', NULL, NULL, '2026-03-05 13:44:18', '2026-03-05 13:44:18'),
(1722, 26, '2026-02-17', 'present', '20:00:00', '08:21:00', NULL, NULL, '2026-03-05 13:44:18', '2026-03-05 13:44:18'),
(1723, 27, '2026-02-17', 'present', '22:53:00', '06:32:00', NULL, NULL, '2026-03-05 13:44:18', '2026-03-05 13:44:18'),
(1724, 28, '2026-02-17', 'justifie', '21:23:00', '06:40:00', 'Certificat médical / Autorisation spéciale', 3, '2026-03-05 13:44:18', '2026-03-05 13:44:18'),
(1725, 29, '2026-02-17', 'present', '19:10:00', '06:42:00', NULL, NULL, '2026-03-05 13:44:18', '2026-03-05 13:44:18'),
(1726, 30, '2026-02-17', 'present', '19:47:00', '06:46:00', NULL, NULL, '2026-03-05 13:44:18', '2026-03-05 13:44:18'),
(1727, 31, '2026-02-17', 'present', '21:39:00', '07:43:00', NULL, NULL, '2026-03-05 13:44:18', '2026-03-05 13:44:18'),
(1728, 32, '2026-02-17', 'exclu', NULL, NULL, NULL, NULL, '2026-03-05 13:44:18', '2026-03-05 13:44:18'),
(1729, 33, '2026-02-17', 'present', '20:27:00', '08:45:00', NULL, NULL, '2026-03-05 13:44:18', '2026-03-05 13:44:18'),
(1730, 34, '2026-02-17', 'present', '22:06:00', '07:00:00', NULL, NULL, '2026-03-05 13:44:18', '2026-03-05 13:44:18'),
(1731, 35, '2026-02-17', 'present', '21:33:00', '08:42:00', NULL, NULL, '2026-03-05 13:44:18', '2026-03-05 13:44:18'),
(1732, 36, '2026-02-17', 'present', '18:54:00', '06:36:00', NULL, NULL, '2026-03-05 13:44:18', '2026-03-05 13:44:18'),
(1733, 37, '2026-02-17', 'present', '20:23:00', '08:24:00', NULL, NULL, '2026-03-05 13:44:18', '2026-03-05 13:44:18'),
(1734, 38, '2026-02-17', 'present', '22:15:00', '07:22:00', NULL, NULL, '2026-03-05 13:44:18', '2026-03-05 13:44:18'),
(1735, 39, '2026-02-17', 'present', '21:48:00', '07:30:00', NULL, NULL, '2026-03-05 13:44:18', '2026-03-05 13:44:18'),
(1736, 40, '2026-02-17', 'present', '21:23:00', '07:39:00', NULL, NULL, '2026-03-05 13:44:18', '2026-03-05 13:44:18'),
(1737, 41, '2026-02-17', 'present', '18:31:00', '08:55:00', NULL, NULL, '2026-03-05 13:44:18', '2026-03-05 13:44:18'),
(1738, 42, '2026-02-17', 'present', '20:12:00', '08:32:00', NULL, NULL, '2026-03-05 13:44:18', '2026-03-05 13:44:18'),
(1739, 43, '2026-02-17', 'absent', NULL, NULL, NULL, NULL, '2026-03-05 13:44:18', '2026-03-05 13:44:18'),
(1740, 44, '2026-02-17', 'present', '19:05:00', '07:37:00', NULL, NULL, '2026-03-05 13:44:18', '2026-03-05 13:44:18'),
(1741, 45, '2026-02-17', 'present', '22:29:00', '06:27:00', NULL, NULL, '2026-03-05 13:44:18', '2026-03-05 13:44:18'),
(1742, 46, '2026-02-17', 'justifie', '20:15:00', '08:04:00', 'Certificat médical / Autorisation spéciale', 5, '2026-03-05 13:44:18', '2026-03-05 13:44:18'),
(1743, 47, '2026-02-17', 'present', '20:02:00', '08:33:00', NULL, NULL, '2026-03-05 13:44:18', '2026-03-05 13:44:18'),
(1744, 48, '2026-02-17', 'present', '19:57:00', '07:00:00', NULL, NULL, '2026-03-05 13:44:18', '2026-03-05 13:44:18'),
(1745, 49, '2026-02-17', 'justifie', '19:37:00', '06:43:00', 'Certificat médical / Autorisation spéciale', 4, '2026-03-05 13:44:18', '2026-03-05 13:44:18'),
(1746, 50, '2026-02-17', 'present', '20:16:00', '07:00:00', NULL, NULL, '2026-03-05 13:44:18', '2026-03-05 13:44:18'),
(1747, 51, '2026-02-17', 'present', '22:18:00', '08:36:00', NULL, NULL, '2026-03-05 13:44:18', '2026-03-05 13:44:18'),
(1748, 52, '2026-02-17', 'present', '22:29:00', '08:28:00', NULL, NULL, '2026-03-05 13:44:18', '2026-03-05 13:44:18'),
(1749, 53, '2026-02-17', 'present', '22:20:00', '06:18:00', NULL, NULL, '2026-03-05 13:44:18', '2026-03-05 13:44:18'),
(1750, 54, '2026-02-17', 'present', '20:00:00', '08:51:00', NULL, NULL, '2026-03-05 13:44:18', '2026-03-05 13:44:18'),
(1751, 55, '2026-02-17', 'present', '20:07:00', '06:48:00', NULL, NULL, '2026-03-05 13:44:18', '2026-03-05 13:44:18'),
(1752, 56, '2026-02-17', 'present', '19:09:00', '06:32:00', NULL, NULL, '2026-03-05 13:44:18', '2026-03-05 13:44:18'),
(1753, 57, '2026-02-17', 'present', '18:39:00', '06:59:00', NULL, NULL, '2026-03-05 13:44:18', '2026-03-05 13:44:18'),
(1754, 58, '2026-02-17', 'exclu', NULL, NULL, NULL, NULL, '2026-03-05 13:44:18', '2026-03-05 13:44:18'),
(1755, 59, '2026-02-17', 'present', '20:26:00', '08:10:00', NULL, NULL, '2026-03-05 13:44:18', '2026-03-05 13:44:18'),
(1756, 60, '2026-02-17', 'present', '21:45:00', '06:18:00', NULL, NULL, '2026-03-05 13:44:18', '2026-03-05 13:44:18'),
(1757, 61, '2026-02-17', 'absent', NULL, NULL, NULL, NULL, '2026-03-05 13:44:18', '2026-03-05 13:44:18'),
(1758, 62, '2026-02-17', 'present', '21:31:00', '06:06:00', NULL, NULL, '2026-03-05 13:44:18', '2026-03-05 13:44:18'),
(1759, 63, '2026-02-17', 'present', '19:52:00', '08:09:00', NULL, NULL, '2026-03-05 13:44:18', '2026-03-05 13:44:18'),
(1760, 64, '2026-02-17', 'justifie', '21:10:00', '08:44:00', 'Certificat médical / Autorisation spéciale', 6, '2026-03-05 13:44:18', '2026-03-05 13:44:18'),
(1761, 65, '2026-02-17', 'present', '22:28:00', '06:33:00', NULL, NULL, '2026-03-05 13:44:18', '2026-03-05 13:44:18'),
(1762, 66, '2026-02-17', 'present', '19:31:00', '08:04:00', NULL, NULL, '2026-03-05 13:44:18', '2026-03-05 13:44:18'),
(1763, 67, '2026-02-17', 'present', '18:26:00', '07:16:00', NULL, NULL, '2026-03-05 13:44:18', '2026-03-05 13:44:18'),
(1764, 68, '2026-02-17', 'present', '20:14:00', '07:16:00', NULL, NULL, '2026-03-05 13:44:18', '2026-03-05 13:44:18'),
(1765, 69, '2026-02-17', 'absent', NULL, NULL, NULL, NULL, '2026-03-05 13:44:18', '2026-03-05 13:44:18'),
(1766, 70, '2026-02-17', 'present', '21:57:00', '08:31:00', NULL, NULL, '2026-03-05 13:44:18', '2026-03-05 13:44:18'),
(1767, 71, '2026-02-17', 'present', '20:27:00', '08:54:00', NULL, NULL, '2026-03-05 13:44:18', '2026-03-05 13:44:18'),
(1768, 72, '2026-02-17', 'present', '22:42:00', '07:21:00', NULL, NULL, '2026-03-05 13:44:18', '2026-03-05 13:44:18'),
(1769, 73, '2026-02-17', 'present', '21:01:00', '07:52:00', NULL, NULL, '2026-03-05 13:44:18', '2026-03-05 13:44:18'),
(1770, 74, '2026-02-17', 'absent', NULL, NULL, NULL, NULL, '2026-03-05 13:44:18', '2026-03-05 13:44:18'),
(1771, 75, '2026-02-17', 'present', '21:06:00', '07:28:00', NULL, NULL, '2026-03-05 13:44:18', '2026-03-05 13:44:18'),
(1772, 76, '2026-02-17', 'present', '18:43:00', '06:33:00', NULL, NULL, '2026-03-05 13:44:18', '2026-03-05 13:44:18'),
(1773, 77, '2026-02-17', 'present', '19:33:00', '07:36:00', NULL, NULL, '2026-03-05 13:44:18', '2026-03-05 13:44:18'),
(1774, 78, '2026-02-17', 'present', '22:37:00', '06:09:00', NULL, NULL, '2026-03-05 13:44:18', '2026-03-05 13:44:18'),
(1775, 79, '2026-02-17', 'present', '21:35:00', '06:36:00', NULL, NULL, '2026-03-05 13:44:18', '2026-03-05 13:44:18'),
(1776, 80, '2026-02-17', 'exclu', NULL, NULL, NULL, NULL, '2026-03-05 13:44:18', '2026-03-05 13:44:18'),
(1777, 81, '2026-02-17', 'present', '21:07:00', '06:44:00', NULL, NULL, '2026-03-05 13:44:18', '2026-03-05 13:44:18'),
(1778, 82, '2026-02-17', 'absent', NULL, NULL, NULL, NULL, '2026-03-05 13:44:18', '2026-03-05 13:44:18'),
(1779, 83, '2026-02-17', 'present', '19:49:00', '07:50:00', NULL, NULL, '2026-03-05 13:44:18', '2026-03-05 13:44:18'),
(1780, 84, '2026-02-17', 'absent', NULL, NULL, NULL, NULL, '2026-03-05 13:44:18', '2026-03-05 13:44:18'),
(1781, 85, '2026-02-17', 'absent', NULL, NULL, NULL, NULL, '2026-03-05 13:44:18', '2026-03-05 13:44:18'),
(1782, 86, '2026-02-17', 'present', '19:15:00', '06:52:00', NULL, NULL, '2026-03-05 13:44:18', '2026-03-05 13:44:18'),
(1783, 87, '2026-02-17', 'present', '18:47:00', '07:14:00', NULL, NULL, '2026-03-05 13:44:18', '2026-03-05 13:44:18'),
(1784, 88, '2026-02-17', 'present', '19:56:00', '08:00:00', NULL, NULL, '2026-03-05 13:44:18', '2026-03-05 13:44:18'),
(1785, 89, '2026-02-17', 'present', '20:21:00', '07:46:00', NULL, NULL, '2026-03-05 13:44:18', '2026-03-05 13:44:18'),
(1786, 90, '2026-02-17', 'present', '18:23:00', '07:59:00', NULL, NULL, '2026-03-05 13:44:18', '2026-03-05 13:44:18'),
(1787, 91, '2026-02-17', 'present', '22:47:00', '06:57:00', NULL, NULL, '2026-03-05 13:44:18', '2026-03-05 13:44:18'),
(1788, 92, '2026-02-17', 'present', '21:03:00', '08:27:00', NULL, NULL, '2026-03-05 13:44:18', '2026-03-05 13:44:18'),
(1789, 93, '2026-02-17', 'present', '20:43:00', '08:38:00', NULL, NULL, '2026-03-05 13:44:18', '2026-03-05 13:44:18'),
(1790, 94, '2026-02-17', 'absent', NULL, NULL, NULL, NULL, '2026-03-05 13:44:18', '2026-03-05 13:44:18'),
(1791, 95, '2026-02-17', 'present', '22:00:00', '07:24:00', NULL, NULL, '2026-03-05 13:44:18', '2026-03-05 13:44:18'),
(1792, 96, '2026-02-17', 'present', '20:58:00', '06:05:00', NULL, NULL, '2026-03-05 13:44:18', '2026-03-05 13:44:18'),
(1793, 97, '2026-02-17', 'present', '22:59:00', '08:54:00', NULL, NULL, '2026-03-05 13:44:18', '2026-03-05 13:44:18'),
(1794, 98, '2026-02-17', 'present', '20:13:00', '06:11:00', NULL, NULL, '2026-03-05 13:44:18', '2026-03-05 13:44:18'),
(1795, 99, '2026-02-17', 'present', '18:49:00', '06:16:00', NULL, NULL, '2026-03-05 13:44:18', '2026-03-05 13:44:18'),
(1796, 100, '2026-02-17', 'present', '18:46:00', '08:10:00', NULL, NULL, '2026-03-05 13:44:18', '2026-03-05 13:44:18'),
(1797, 101, '2026-02-17', 'present', '20:21:00', '06:15:00', NULL, NULL, '2026-03-05 13:44:18', '2026-03-05 13:44:18'),
(1798, 102, '2026-02-17', 'present', '18:50:00', '06:03:00', NULL, NULL, '2026-03-05 13:44:18', '2026-03-05 13:44:18'),
(1799, 103, '2026-02-17', 'present', '21:46:00', '07:50:00', NULL, NULL, '2026-03-05 13:44:18', '2026-03-05 13:44:18'),
(1800, 104, '2026-02-17', 'present', '21:08:00', '06:32:00', NULL, NULL, '2026-03-05 13:44:18', '2026-03-05 13:44:18'),
(1801, 105, '2026-02-17', 'present', '20:23:00', '08:41:00', NULL, NULL, '2026-03-05 13:44:18', '2026-03-05 13:44:18'),
(1802, 106, '2026-02-17', 'present', '19:27:00', '08:52:00', NULL, NULL, '2026-03-05 13:44:18', '2026-03-05 13:44:18'),
(1803, 1, '2026-02-16', 'present', '20:43:00', '06:08:00', NULL, NULL, '2026-03-05 13:44:18', '2026-03-05 13:44:18'),
(1804, 2, '2026-02-16', 'present', '21:24:00', '06:32:00', NULL, NULL, '2026-03-05 13:44:18', '2026-03-05 13:44:18'),
(1805, 3, '2026-02-16', 'present', '20:23:00', '06:23:00', NULL, NULL, '2026-03-05 13:44:18', '2026-03-05 13:44:18'),
(1806, 4, '2026-02-16', 'present', '21:14:00', '06:30:00', NULL, NULL, '2026-03-05 13:44:18', '2026-03-05 13:44:18'),
(1807, 5, '2026-02-16', 'exclu', NULL, NULL, NULL, NULL, '2026-03-05 13:44:18', '2026-03-05 13:44:18'),
(1808, 6, '2026-02-16', 'exclu', NULL, NULL, NULL, NULL, '2026-03-05 13:44:18', '2026-03-05 13:44:18'),
(1809, 7, '2026-02-16', 'absent', NULL, NULL, NULL, NULL, '2026-03-05 13:44:18', '2026-03-05 13:44:18'),
(1810, 8, '2026-02-16', 'present', '20:49:00', '08:49:00', NULL, NULL, '2026-03-05 13:44:18', '2026-03-05 13:44:18'),
(1811, 9, '2026-02-16', 'present', '20:55:00', '08:27:00', NULL, NULL, '2026-03-05 13:44:18', '2026-03-05 13:44:18'),
(1812, 10, '2026-02-16', 'absent', NULL, NULL, NULL, NULL, '2026-03-05 13:44:18', '2026-03-05 13:44:18'),
(1813, 11, '2026-02-16', 'present', '18:44:00', '08:52:00', NULL, NULL, '2026-03-05 13:44:18', '2026-03-05 13:44:18'),
(1814, 12, '2026-02-16', 'present', '21:49:00', '07:09:00', NULL, NULL, '2026-03-05 13:44:18', '2026-03-05 13:44:18'),
(1815, 13, '2026-02-16', 'present', '18:22:00', '07:26:00', NULL, NULL, '2026-03-05 13:44:18', '2026-03-05 13:44:18'),
(1816, 14, '2026-02-16', 'present', '20:43:00', '06:08:00', NULL, NULL, '2026-03-05 13:44:18', '2026-03-05 13:44:18'),
(1817, 15, '2026-02-16', 'present', '19:12:00', '08:12:00', NULL, NULL, '2026-03-05 13:44:18', '2026-03-05 13:44:18'),
(1818, 16, '2026-02-16', 'present', '21:58:00', '06:45:00', NULL, NULL, '2026-03-05 13:44:18', '2026-03-05 13:44:18'),
(1819, 17, '2026-02-16', 'present', '22:04:00', '06:39:00', NULL, NULL, '2026-03-05 13:44:18', '2026-03-05 13:44:18'),
(1820, 18, '2026-02-16', 'present', '22:31:00', '06:47:00', NULL, NULL, '2026-03-05 13:44:18', '2026-03-05 13:44:18'),
(1821, 19, '2026-02-16', 'present', '18:21:00', '06:12:00', NULL, NULL, '2026-03-05 13:44:18', '2026-03-05 13:44:18'),
(1822, 20, '2026-02-16', 'present', '18:50:00', '07:10:00', NULL, NULL, '2026-03-05 13:44:18', '2026-03-05 13:44:18'),
(1823, 21, '2026-02-16', 'exclu', NULL, NULL, NULL, NULL, '2026-03-05 13:44:18', '2026-03-05 13:44:18'),
(1824, 22, '2026-02-16', 'present', '22:43:00', '08:26:00', NULL, NULL, '2026-03-05 13:44:18', '2026-03-05 13:44:18'),
(1825, 23, '2026-02-16', 'present', '22:25:00', '08:24:00', NULL, NULL, '2026-03-05 13:44:18', '2026-03-05 13:44:18'),
(1826, 24, '2026-02-16', 'present', '18:21:00', '06:47:00', NULL, NULL, '2026-03-05 13:44:18', '2026-03-05 13:44:18'),
(1827, 25, '2026-02-16', 'present', '20:17:00', '06:36:00', NULL, NULL, '2026-03-05 13:44:18', '2026-03-05 13:44:18'),
(1828, 26, '2026-02-16', 'present', '22:41:00', '07:07:00', NULL, NULL, '2026-03-05 13:44:18', '2026-03-05 13:44:18'),
(1829, 27, '2026-02-16', 'exclu', NULL, NULL, NULL, NULL, '2026-03-05 13:44:18', '2026-03-05 13:44:18'),
(1830, 28, '2026-02-16', 'present', '21:24:00', '07:34:00', NULL, NULL, '2026-03-05 13:44:18', '2026-03-05 13:44:18'),
(1831, 29, '2026-02-16', 'present', '19:07:00', '07:13:00', NULL, NULL, '2026-03-05 13:44:18', '2026-03-05 13:44:18'),
(1832, 30, '2026-02-16', 'justifie', '20:42:00', '07:23:00', 'Certificat médical / Autorisation spéciale', 4, '2026-03-05 13:44:18', '2026-03-05 13:44:18'),
(1833, 31, '2026-02-16', 'present', '22:42:00', '06:54:00', NULL, NULL, '2026-03-05 13:44:18', '2026-03-05 13:44:18'),
(1834, 32, '2026-02-16', 'present', '20:16:00', '07:49:00', NULL, NULL, '2026-03-05 13:44:18', '2026-03-05 13:44:18'),
(1835, 33, '2026-02-16', 'present', '19:35:00', '08:27:00', NULL, NULL, '2026-03-05 13:44:18', '2026-03-05 13:44:18'),
(1836, 34, '2026-02-16', 'present', '19:23:00', '07:41:00', NULL, NULL, '2026-03-05 13:44:18', '2026-03-05 13:44:18'),
(1837, 35, '2026-02-16', 'present', '21:56:00', '07:08:00', NULL, NULL, '2026-03-05 13:44:18', '2026-03-05 13:44:18'),
(1838, 36, '2026-02-16', 'present', '22:30:00', '08:38:00', NULL, NULL, '2026-03-05 13:44:18', '2026-03-05 13:44:18'),
(1839, 37, '2026-02-16', 'present', '22:18:00', '08:17:00', NULL, NULL, '2026-03-05 13:44:18', '2026-03-05 13:44:18'),
(1840, 38, '2026-02-16', 'present', '20:21:00', '08:29:00', NULL, NULL, '2026-03-05 13:44:18', '2026-03-05 13:44:18'),
(1841, 39, '2026-02-16', 'present', '22:47:00', '06:59:00', NULL, NULL, '2026-03-05 13:44:18', '2026-03-05 13:44:18'),
(1842, 40, '2026-02-16', 'exclu', NULL, NULL, NULL, NULL, '2026-03-05 13:44:18', '2026-03-05 13:44:18'),
(1843, 41, '2026-02-16', 'justifie', '20:45:00', '07:48:00', 'Certificat médical / Autorisation spéciale', 3, '2026-03-05 13:44:18', '2026-03-05 13:44:18'),
(1844, 42, '2026-02-16', 'present', '20:30:00', '06:05:00', NULL, NULL, '2026-03-05 13:44:18', '2026-03-05 13:44:18'),
(1845, 43, '2026-02-16', 'present', '20:25:00', '07:56:00', NULL, NULL, '2026-03-05 13:44:18', '2026-03-05 13:44:18'),
(1846, 44, '2026-02-16', 'present', '19:31:00', '07:52:00', NULL, NULL, '2026-03-05 13:44:18', '2026-03-05 13:44:18'),
(1847, 45, '2026-02-16', 'present', '18:45:00', '08:15:00', NULL, NULL, '2026-03-05 13:44:18', '2026-03-05 13:44:18'),
(1848, 46, '2026-02-16', 'present', '22:54:00', '07:55:00', NULL, NULL, '2026-03-05 13:44:18', '2026-03-05 13:44:18'),
(1849, 47, '2026-02-16', 'present', '20:20:00', '07:05:00', NULL, NULL, '2026-03-05 13:44:18', '2026-03-05 13:44:18'),
(1850, 48, '2026-02-16', 'present', '21:01:00', '08:44:00', NULL, NULL, '2026-03-05 13:44:18', '2026-03-05 13:44:18'),
(1851, 49, '2026-02-16', 'present', '20:42:00', '07:35:00', NULL, NULL, '2026-03-05 13:44:18', '2026-03-05 13:44:18'),
(1852, 50, '2026-02-16', 'present', '18:00:00', '06:08:00', NULL, NULL, '2026-03-05 13:44:18', '2026-03-05 13:44:18'),
(1853, 51, '2026-02-16', 'present', '20:28:00', '08:20:00', NULL, NULL, '2026-03-05 13:44:18', '2026-03-05 13:44:18'),
(1854, 52, '2026-02-16', 'present', '20:14:00', '08:19:00', NULL, NULL, '2026-03-05 13:44:18', '2026-03-05 13:44:18'),
(1855, 53, '2026-02-16', 'present', '19:10:00', '06:07:00', NULL, NULL, '2026-03-05 13:44:18', '2026-03-05 13:44:18'),
(1856, 54, '2026-02-16', 'present', '18:18:00', '07:32:00', NULL, NULL, '2026-03-05 13:44:18', '2026-03-05 13:44:18'),
(1857, 55, '2026-02-16', 'present', '20:04:00', '07:48:00', NULL, NULL, '2026-03-05 13:44:18', '2026-03-05 13:44:18'),
(1858, 56, '2026-02-16', 'present', '19:49:00', '08:08:00', NULL, NULL, '2026-03-05 13:44:18', '2026-03-05 13:44:18'),
(1859, 57, '2026-02-16', 'absent', NULL, NULL, NULL, NULL, '2026-03-05 13:44:18', '2026-03-05 13:44:18'),
(1860, 58, '2026-02-16', 'present', '20:58:00', '08:11:00', NULL, NULL, '2026-03-05 13:44:18', '2026-03-05 13:44:18'),
(1861, 59, '2026-02-16', 'exclu', NULL, NULL, NULL, NULL, '2026-03-05 13:44:18', '2026-03-05 13:44:18'),
(1862, 60, '2026-02-16', 'present', '21:37:00', '07:54:00', NULL, NULL, '2026-03-05 13:44:18', '2026-03-05 13:44:18'),
(1863, 61, '2026-02-16', 'present', '19:18:00', '06:19:00', NULL, NULL, '2026-03-05 13:44:18', '2026-03-05 13:44:18'),
(1864, 62, '2026-02-16', 'present', '19:30:00', '07:39:00', NULL, NULL, '2026-03-05 13:44:18', '2026-03-05 13:44:18'),
(1865, 63, '2026-02-16', 'present', '20:41:00', '06:46:00', NULL, NULL, '2026-03-05 13:44:18', '2026-03-05 13:44:18'),
(1866, 64, '2026-02-16', 'present', '20:51:00', '07:22:00', NULL, NULL, '2026-03-05 13:44:18', '2026-03-05 13:44:18'),
(1867, 65, '2026-02-16', 'present', '19:25:00', '07:31:00', NULL, NULL, '2026-03-05 13:44:18', '2026-03-05 13:44:18'),
(1868, 66, '2026-02-16', 'exclu', NULL, NULL, NULL, NULL, '2026-03-05 13:44:18', '2026-03-05 13:44:18'),
(1869, 67, '2026-02-16', 'present', '21:34:00', '06:25:00', NULL, NULL, '2026-03-05 13:44:18', '2026-03-05 13:44:18'),
(1870, 68, '2026-02-16', 'present', '21:28:00', '08:25:00', NULL, NULL, '2026-03-05 13:44:18', '2026-03-05 13:44:18'),
(1871, 69, '2026-02-16', 'present', '20:01:00', '06:41:00', NULL, NULL, '2026-03-05 13:44:18', '2026-03-05 13:44:18'),
(1872, 70, '2026-02-16', 'present', '21:12:00', '07:48:00', NULL, NULL, '2026-03-05 13:44:18', '2026-03-05 13:44:18'),
(1873, 71, '2026-02-16', 'present', '21:14:00', '08:29:00', NULL, NULL, '2026-03-05 13:44:18', '2026-03-05 13:44:18'),
(1874, 72, '2026-02-16', 'exclu', NULL, NULL, NULL, NULL, '2026-03-05 13:44:18', '2026-03-05 13:44:18'),
(1875, 73, '2026-02-16', 'present', '22:38:00', '08:26:00', NULL, NULL, '2026-03-05 13:44:18', '2026-03-05 13:44:18'),
(1876, 74, '2026-02-16', 'present', '21:06:00', '08:26:00', NULL, NULL, '2026-03-05 13:44:18', '2026-03-05 13:44:18'),
(1877, 75, '2026-02-16', 'justifie', '22:51:00', '08:34:00', 'Certificat médical / Autorisation spéciale', 3, '2026-03-05 13:44:18', '2026-03-05 13:44:18'),
(1878, 76, '2026-02-16', 'present', '21:05:00', '07:35:00', NULL, NULL, '2026-03-05 13:44:18', '2026-03-05 13:44:18'),
(1879, 77, '2026-02-16', 'present', '18:01:00', '07:19:00', NULL, NULL, '2026-03-05 13:44:18', '2026-03-05 13:44:18'),
(1880, 78, '2026-02-16', 'present', '22:38:00', '06:22:00', NULL, NULL, '2026-03-05 13:44:18', '2026-03-05 13:44:18'),
(1881, 79, '2026-02-16', 'absent', NULL, NULL, NULL, NULL, '2026-03-05 13:44:18', '2026-03-05 13:44:18'),
(1882, 80, '2026-02-16', 'present', '21:36:00', '08:46:00', NULL, NULL, '2026-03-05 13:44:18', '2026-03-05 13:44:18'),
(1883, 81, '2026-02-16', 'present', '18:19:00', '07:11:00', NULL, NULL, '2026-03-05 13:44:18', '2026-03-05 13:44:18'),
(1884, 82, '2026-02-16', 'present', '21:41:00', '07:52:00', NULL, NULL, '2026-03-05 13:44:18', '2026-03-05 13:44:18'),
(1885, 83, '2026-02-16', 'present', '21:39:00', '06:42:00', NULL, NULL, '2026-03-05 13:44:18', '2026-03-05 13:44:18'),
(1886, 84, '2026-02-16', 'present', '21:39:00', '06:27:00', NULL, NULL, '2026-03-05 13:44:18', '2026-03-05 13:44:18'),
(1887, 85, '2026-02-16', 'present', '21:06:00', '07:30:00', NULL, NULL, '2026-03-05 13:44:18', '2026-03-05 13:44:18'),
(1888, 86, '2026-02-16', 'present', '19:32:00', '06:26:00', NULL, NULL, '2026-03-05 13:44:18', '2026-03-05 13:44:18'),
(1889, 87, '2026-02-16', 'exclu', NULL, NULL, NULL, NULL, '2026-03-05 13:44:18', '2026-03-05 13:44:18'),
(1890, 88, '2026-02-16', 'justifie', '18:49:00', '08:39:00', 'Certificat médical / Autorisation spéciale', 5, '2026-03-05 13:44:18', '2026-03-05 13:44:18'),
(1891, 89, '2026-02-16', 'present', '18:24:00', '07:39:00', NULL, NULL, '2026-03-05 13:44:18', '2026-03-05 13:44:18'),
(1892, 90, '2026-02-16', 'justifie', '18:42:00', '07:59:00', 'Certificat médical / Autorisation spéciale', 5, '2026-03-05 13:44:18', '2026-03-05 13:44:18'),
(1893, 91, '2026-02-16', 'present', '20:31:00', '07:14:00', NULL, NULL, '2026-03-05 13:44:18', '2026-03-05 13:44:18'),
(1894, 92, '2026-02-16', 'present', '19:19:00', '07:17:00', NULL, NULL, '2026-03-05 13:44:18', '2026-03-05 13:44:18'),
(1895, 93, '2026-02-16', 'present', '20:39:00', '08:24:00', NULL, NULL, '2026-03-05 13:44:18', '2026-03-05 13:44:18'),
(1896, 94, '2026-02-16', 'present', '19:57:00', '08:08:00', NULL, NULL, '2026-03-05 13:44:18', '2026-03-05 13:44:18'),
(1897, 95, '2026-02-16', 'present', '21:37:00', '07:54:00', NULL, NULL, '2026-03-05 13:44:18', '2026-03-05 13:44:18'),
(1898, 96, '2026-02-16', 'justifie', '20:59:00', '07:35:00', 'Certificat médical / Autorisation spéciale', 3, '2026-03-05 13:44:18', '2026-03-05 13:44:18'),
(1899, 97, '2026-02-16', 'present', '19:51:00', '08:43:00', NULL, NULL, '2026-03-05 13:44:18', '2026-03-05 13:44:18'),
(1900, 98, '2026-02-16', 'present', '20:50:00', '06:50:00', NULL, NULL, '2026-03-05 13:44:18', '2026-03-05 13:44:18'),
(1901, 99, '2026-02-16', 'present', '21:29:00', '08:48:00', NULL, NULL, '2026-03-05 13:44:18', '2026-03-05 13:44:18'),
(1902, 100, '2026-02-16', 'present', '19:29:00', '06:51:00', NULL, NULL, '2026-03-05 13:44:18', '2026-03-05 13:44:18'),
(1903, 101, '2026-02-16', 'present', '21:02:00', '06:45:00', NULL, NULL, '2026-03-05 13:44:18', '2026-03-05 13:44:18'),
(1904, 102, '2026-02-16', 'justifie', '20:11:00', '06:05:00', 'Certificat médical / Autorisation spéciale', 5, '2026-03-05 13:44:18', '2026-03-05 13:44:18'),
(1905, 103, '2026-02-16', 'present', '21:20:00', '07:59:00', NULL, NULL, '2026-03-05 13:44:18', '2026-03-05 13:44:18'),
(1906, 104, '2026-02-16', 'present', '19:03:00', '08:17:00', NULL, NULL, '2026-03-05 13:44:18', '2026-03-05 13:44:18'),
(1907, 105, '2026-02-16', 'present', '20:58:00', '07:20:00', NULL, NULL, '2026-03-05 13:44:18', '2026-03-05 13:44:18'),
(1908, 106, '2026-02-16', 'present', '19:29:00', '07:19:00', NULL, NULL, '2026-03-05 13:44:18', '2026-03-05 13:44:18'),
(1909, 1, '2026-02-15', 'present', '22:53:00', '06:20:00', NULL, NULL, '2026-03-05 13:44:18', '2026-03-05 13:44:18'),
(1910, 2, '2026-02-15', 'present', '22:24:00', '07:49:00', NULL, NULL, '2026-03-05 13:44:18', '2026-03-05 13:44:18'),
(1911, 3, '2026-02-15', 'present', '22:08:00', '08:29:00', NULL, NULL, '2026-03-05 13:44:18', '2026-03-05 13:44:18'),
(1912, 4, '2026-02-15', 'present', '18:31:00', '06:39:00', NULL, NULL, '2026-03-05 13:44:18', '2026-03-05 13:44:18'),
(1913, 5, '2026-02-15', 'present', '19:54:00', '08:26:00', NULL, NULL, '2026-03-05 13:44:18', '2026-03-05 13:44:18'),
(1914, 6, '2026-02-15', 'present', '19:45:00', '07:31:00', NULL, NULL, '2026-03-05 13:44:18', '2026-03-05 13:44:18'),
(1915, 7, '2026-02-15', 'present', '21:33:00', '06:12:00', NULL, NULL, '2026-03-05 13:44:18', '2026-03-05 13:44:18'),
(1916, 8, '2026-02-15', 'present', '20:50:00', '08:12:00', NULL, NULL, '2026-03-05 13:44:18', '2026-03-05 13:44:18'),
(1917, 9, '2026-02-15', 'exclu', NULL, NULL, NULL, NULL, '2026-03-05 13:44:18', '2026-03-05 13:44:18'),
(1918, 10, '2026-02-15', 'absent', NULL, NULL, NULL, NULL, '2026-03-05 13:44:18', '2026-03-05 13:44:18'),
(1919, 11, '2026-02-15', 'present', '22:56:00', '08:45:00', NULL, NULL, '2026-03-05 13:44:18', '2026-03-05 13:44:18'),
(1920, 12, '2026-02-15', 'present', '20:34:00', '07:41:00', NULL, NULL, '2026-03-05 13:44:18', '2026-03-05 13:44:18'),
(1921, 13, '2026-02-15', 'present', '19:45:00', '07:58:00', NULL, NULL, '2026-03-05 13:44:18', '2026-03-05 13:44:18'),
(1922, 14, '2026-02-15', 'justifie', '19:15:00', '07:39:00', 'Certificat médical / Autorisation spéciale', 6, '2026-03-05 13:44:18', '2026-03-05 13:44:18'),
(1923, 15, '2026-02-15', 'absent', NULL, NULL, NULL, NULL, '2026-03-05 13:44:18', '2026-03-05 13:44:18'),
(1924, 16, '2026-02-15', 'present', '19:25:00', '08:39:00', NULL, NULL, '2026-03-05 13:44:18', '2026-03-05 13:44:18'),
(1925, 17, '2026-02-15', 'present', '20:04:00', '07:36:00', NULL, NULL, '2026-03-05 13:44:18', '2026-03-05 13:44:18'),
(1926, 18, '2026-02-15', 'present', '19:28:00', '06:55:00', NULL, NULL, '2026-03-05 13:44:18', '2026-03-05 13:44:18'),
(1927, 19, '2026-02-15', 'present', '19:47:00', '06:43:00', NULL, NULL, '2026-03-05 13:44:18', '2026-03-05 13:44:18'),
(1928, 20, '2026-02-15', 'present', '19:03:00', '07:12:00', NULL, NULL, '2026-03-05 13:44:18', '2026-03-05 13:44:18'),
(1929, 21, '2026-02-15', 'present', '22:34:00', '07:39:00', NULL, NULL, '2026-03-05 13:44:18', '2026-03-05 13:44:18'),
(1930, 22, '2026-02-15', 'present', '21:23:00', '08:23:00', NULL, NULL, '2026-03-05 13:44:18', '2026-03-05 13:44:18'),
(1931, 23, '2026-02-15', 'present', '18:07:00', '06:48:00', NULL, NULL, '2026-03-05 13:44:18', '2026-03-05 13:44:18'),
(1932, 24, '2026-02-15', 'present', '20:17:00', '07:44:00', NULL, NULL, '2026-03-05 13:44:18', '2026-03-05 13:44:18'),
(1933, 25, '2026-02-15', 'present', '18:50:00', '08:33:00', NULL, NULL, '2026-03-05 13:44:18', '2026-03-05 13:44:18'),
(1934, 26, '2026-02-15', 'present', '19:28:00', '06:55:00', NULL, NULL, '2026-03-05 13:44:18', '2026-03-05 13:44:18'),
(1935, 27, '2026-02-15', 'present', '18:54:00', '06:17:00', NULL, NULL, '2026-03-05 13:44:18', '2026-03-05 13:44:18'),
(1936, 28, '2026-02-15', 'present', '21:57:00', '08:34:00', NULL, NULL, '2026-03-05 13:44:18', '2026-03-05 13:44:18'),
(1937, 29, '2026-02-15', 'absent', NULL, NULL, NULL, NULL, '2026-03-05 13:44:18', '2026-03-05 13:44:18'),
(1938, 30, '2026-02-15', 'present', '22:31:00', '07:51:00', NULL, NULL, '2026-03-05 13:44:18', '2026-03-05 13:44:18'),
(1939, 31, '2026-02-15', 'present', '18:16:00', '07:44:00', NULL, NULL, '2026-03-05 13:44:18', '2026-03-05 13:44:18'),
(1940, 32, '2026-02-15', 'present', '20:54:00', '06:02:00', NULL, NULL, '2026-03-05 13:44:18', '2026-03-05 13:44:18'),
(1941, 33, '2026-02-15', 'present', '20:28:00', '07:49:00', NULL, NULL, '2026-03-05 13:44:18', '2026-03-05 13:44:18'),
(1942, 34, '2026-02-15', 'present', '18:01:00', '07:31:00', NULL, NULL, '2026-03-05 13:44:18', '2026-03-05 13:44:18'),
(1943, 35, '2026-02-15', 'present', '18:53:00', '06:34:00', NULL, NULL, '2026-03-05 13:44:18', '2026-03-05 13:44:18'),
(1944, 36, '2026-02-15', 'present', '20:25:00', '08:17:00', NULL, NULL, '2026-03-05 13:44:18', '2026-03-05 13:44:18'),
(1945, 37, '2026-02-15', 'present', '18:19:00', '08:52:00', NULL, NULL, '2026-03-05 13:44:18', '2026-03-05 13:44:18'),
(1946, 38, '2026-02-15', 'present', '18:15:00', '06:37:00', NULL, NULL, '2026-03-05 13:44:18', '2026-03-05 13:44:18'),
(1947, 39, '2026-02-15', 'present', '20:47:00', '06:59:00', NULL, NULL, '2026-03-05 13:44:18', '2026-03-05 13:44:18'),
(1948, 40, '2026-02-15', 'absent', NULL, NULL, NULL, NULL, '2026-03-05 13:44:18', '2026-03-05 13:44:18'),
(1949, 41, '2026-02-15', 'present', '19:26:00', '08:01:00', NULL, NULL, '2026-03-05 13:44:18', '2026-03-05 13:44:18'),
(1950, 42, '2026-02-15', 'justifie', '19:41:00', '07:28:00', 'Certificat médical / Autorisation spéciale', 6, '2026-03-05 13:44:18', '2026-03-05 13:44:18'),
(1951, 43, '2026-02-15', 'present', '19:50:00', '07:21:00', NULL, NULL, '2026-03-05 13:44:18', '2026-03-05 13:44:18'),
(1952, 44, '2026-02-15', 'absent', NULL, NULL, NULL, NULL, '2026-03-05 13:44:18', '2026-03-05 13:44:18'),
(1953, 45, '2026-02-15', 'present', '18:34:00', '06:45:00', NULL, NULL, '2026-03-05 13:44:18', '2026-03-05 13:44:18'),
(1954, 46, '2026-02-15', 'present', '22:31:00', '07:44:00', NULL, NULL, '2026-03-05 13:44:18', '2026-03-05 13:44:18'),
(1955, 47, '2026-02-15', 'present', '19:03:00', '07:06:00', NULL, NULL, '2026-03-05 13:44:18', '2026-03-05 13:44:18'),
(1956, 48, '2026-02-15', 'present', '20:34:00', '06:41:00', NULL, NULL, '2026-03-05 13:44:18', '2026-03-05 13:44:18'),
(1957, 49, '2026-02-15', 'present', '19:41:00', '08:05:00', NULL, NULL, '2026-03-05 13:44:18', '2026-03-05 13:44:18'),
(1958, 50, '2026-02-15', 'present', '18:58:00', '07:03:00', NULL, NULL, '2026-03-05 13:44:18', '2026-03-05 13:44:18'),
(1959, 51, '2026-02-15', 'present', '21:31:00', '08:09:00', NULL, NULL, '2026-03-05 13:44:18', '2026-03-05 13:44:18'),
(1960, 52, '2026-02-15', 'present', '21:39:00', '07:32:00', NULL, NULL, '2026-03-05 13:44:18', '2026-03-05 13:44:18'),
(1961, 53, '2026-02-15', 'present', '20:19:00', '07:02:00', NULL, NULL, '2026-03-05 13:44:18', '2026-03-05 13:44:18'),
(1962, 54, '2026-02-15', 'present', '18:28:00', '06:27:00', NULL, NULL, '2026-03-05 13:44:18', '2026-03-05 13:44:18'),
(1963, 55, '2026-02-15', 'present', '22:00:00', '07:38:00', NULL, NULL, '2026-03-05 13:44:18', '2026-03-05 13:44:18'),
(1964, 56, '2026-02-15', 'justifie', '19:19:00', '06:13:00', 'Certificat médical / Autorisation spéciale', 6, '2026-03-05 13:44:18', '2026-03-05 13:44:18'),
(1965, 57, '2026-02-15', 'present', '20:58:00', '08:09:00', NULL, NULL, '2026-03-05 13:44:18', '2026-03-05 13:44:18'),
(1966, 58, '2026-02-15', 'present', '22:33:00', '07:27:00', NULL, NULL, '2026-03-05 13:44:18', '2026-03-05 13:44:18'),
(1967, 59, '2026-02-15', 'justifie', '19:27:00', '06:38:00', 'Certificat médical / Autorisation spéciale', 2, '2026-03-05 13:44:18', '2026-03-05 13:44:18'),
(1968, 60, '2026-02-15', 'present', '21:54:00', '06:57:00', NULL, NULL, '2026-03-05 13:44:18', '2026-03-05 13:44:18'),
(1969, 61, '2026-02-15', 'justifie', '22:28:00', '08:41:00', 'Certificat médical / Autorisation spéciale', 2, '2026-03-05 13:44:18', '2026-03-05 13:44:18'),
(1970, 62, '2026-02-15', 'present', '20:45:00', '08:58:00', NULL, NULL, '2026-03-05 13:44:18', '2026-03-05 13:44:18'),
(1971, 63, '2026-02-15', 'present', '18:43:00', '07:30:00', NULL, NULL, '2026-03-05 13:44:18', '2026-03-05 13:44:18'),
(1972, 64, '2026-02-15', 'present', '21:00:00', '06:49:00', NULL, NULL, '2026-03-05 13:44:18', '2026-03-05 13:44:18'),
(1973, 65, '2026-02-15', 'present', '22:31:00', '07:29:00', NULL, NULL, '2026-03-05 13:44:18', '2026-03-05 13:44:18'),
(1974, 66, '2026-02-15', 'present', '20:52:00', '08:34:00', NULL, NULL, '2026-03-05 13:44:18', '2026-03-05 13:44:18'),
(1975, 67, '2026-02-15', 'present', '18:30:00', '08:45:00', NULL, NULL, '2026-03-05 13:44:18', '2026-03-05 13:44:18'),
(1976, 68, '2026-02-15', 'present', '18:56:00', '06:00:00', NULL, NULL, '2026-03-05 13:44:18', '2026-03-05 13:44:18'),
(1977, 69, '2026-02-15', 'present', '18:45:00', '08:41:00', NULL, NULL, '2026-03-05 13:44:18', '2026-03-05 13:44:18'),
(1978, 70, '2026-02-15', 'present', '21:40:00', '08:30:00', NULL, NULL, '2026-03-05 13:44:18', '2026-03-05 13:44:18'),
(1979, 71, '2026-02-15', 'present', '18:47:00', '07:44:00', NULL, NULL, '2026-03-05 13:44:18', '2026-03-05 13:44:18'),
(1980, 72, '2026-02-15', 'present', '19:48:00', '07:07:00', NULL, NULL, '2026-03-05 13:44:18', '2026-03-05 13:44:18'),
(1981, 73, '2026-02-15', 'present', '20:56:00', '08:32:00', NULL, NULL, '2026-03-05 13:44:18', '2026-03-05 13:44:18'),
(1982, 74, '2026-02-15', 'absent', NULL, NULL, NULL, NULL, '2026-03-05 13:44:18', '2026-03-05 13:44:18'),
(1983, 75, '2026-02-15', 'exclu', NULL, NULL, NULL, NULL, '2026-03-05 13:44:18', '2026-03-05 13:44:18'),
(1984, 76, '2026-02-15', 'present', '22:49:00', '08:56:00', NULL, NULL, '2026-03-05 13:44:18', '2026-03-05 13:44:18'),
(1985, 77, '2026-02-15', 'present', '19:36:00', '08:21:00', NULL, NULL, '2026-03-05 13:44:18', '2026-03-05 13:44:18'),
(1986, 78, '2026-02-15', 'present', '18:48:00', '06:47:00', NULL, NULL, '2026-03-05 13:44:18', '2026-03-05 13:44:18'),
(1987, 79, '2026-02-15', 'present', '21:23:00', '08:49:00', NULL, NULL, '2026-03-05 13:44:18', '2026-03-05 13:44:18'),
(1988, 80, '2026-02-15', 'present', '22:11:00', '06:21:00', NULL, NULL, '2026-03-05 13:44:18', '2026-03-05 13:44:18'),
(1989, 81, '2026-02-15', 'present', '20:36:00', '07:17:00', NULL, NULL, '2026-03-05 13:44:18', '2026-03-05 13:44:18'),
(1990, 82, '2026-02-15', 'present', '20:12:00', '07:44:00', NULL, NULL, '2026-03-05 13:44:18', '2026-03-05 13:44:18'),
(1991, 83, '2026-02-15', 'present', '21:40:00', '07:12:00', NULL, NULL, '2026-03-05 13:44:18', '2026-03-05 13:44:18'),
(1992, 84, '2026-02-15', 'absent', NULL, NULL, NULL, NULL, '2026-03-05 13:44:18', '2026-03-05 13:44:18'),
(1993, 85, '2026-02-15', 'present', '19:01:00', '06:12:00', NULL, NULL, '2026-03-05 13:44:18', '2026-03-05 13:44:18'),
(1994, 86, '2026-02-15', 'exclu', NULL, NULL, NULL, NULL, '2026-03-05 13:44:18', '2026-03-05 13:44:18'),
(1995, 87, '2026-02-15', 'present', '20:30:00', '07:29:00', NULL, NULL, '2026-03-05 13:44:18', '2026-03-05 13:44:18'),
(1996, 88, '2026-02-15', 'present', '18:15:00', '07:35:00', NULL, NULL, '2026-03-05 13:44:18', '2026-03-05 13:44:18'),
(1997, 89, '2026-02-15', 'present', '22:02:00', '08:24:00', NULL, NULL, '2026-03-05 13:44:18', '2026-03-05 13:44:18'),
(1998, 90, '2026-02-15', 'present', '21:16:00', '07:08:00', NULL, NULL, '2026-03-05 13:44:18', '2026-03-05 13:44:18'),
(1999, 91, '2026-02-15', 'present', '22:03:00', '08:02:00', NULL, NULL, '2026-03-05 13:44:18', '2026-03-05 13:44:18'),
(2000, 92, '2026-02-15', 'present', '21:42:00', '07:42:00', NULL, NULL, '2026-03-05 13:44:18', '2026-03-05 13:44:18'),
(2001, 93, '2026-02-15', 'present', '20:40:00', '08:39:00', NULL, NULL, '2026-03-05 13:44:18', '2026-03-05 13:44:18'),
(2002, 94, '2026-02-15', 'present', '22:55:00', '08:48:00', NULL, NULL, '2026-03-05 13:44:18', '2026-03-05 13:44:18'),
(2003, 95, '2026-02-15', 'present', '20:58:00', '06:52:00', NULL, NULL, '2026-03-05 13:44:18', '2026-03-05 13:44:18'),
(2004, 96, '2026-02-15', 'present', '20:47:00', '08:56:00', NULL, NULL, '2026-03-05 13:44:18', '2026-03-05 13:44:18'),
(2005, 97, '2026-02-15', 'present', '21:08:00', '08:04:00', NULL, NULL, '2026-03-05 13:44:18', '2026-03-05 13:44:18'),
(2006, 98, '2026-02-15', 'present', '21:19:00', '07:36:00', NULL, NULL, '2026-03-05 13:44:18', '2026-03-05 13:44:18'),
(2007, 99, '2026-02-15', 'present', '19:12:00', '08:35:00', NULL, NULL, '2026-03-05 13:44:18', '2026-03-05 13:44:18'),
(2008, 100, '2026-02-15', 'present', '21:24:00', '07:43:00', NULL, NULL, '2026-03-05 13:44:18', '2026-03-05 13:44:18'),
(2009, 101, '2026-02-15', 'present', '21:03:00', '08:16:00', NULL, NULL, '2026-03-05 13:44:18', '2026-03-05 13:44:18'),
(2010, 102, '2026-02-15', 'present', '21:49:00', '08:59:00', NULL, NULL, '2026-03-05 13:44:18', '2026-03-05 13:44:18'),
(2011, 103, '2026-02-15', 'present', '18:44:00', '06:38:00', NULL, NULL, '2026-03-05 13:44:18', '2026-03-05 13:44:18'),
(2012, 104, '2026-02-15', 'present', '21:13:00', '08:25:00', NULL, NULL, '2026-03-05 13:44:18', '2026-03-05 13:44:18'),
(2013, 105, '2026-02-15', 'present', '19:22:00', '08:48:00', NULL, NULL, '2026-03-05 13:44:18', '2026-03-05 13:44:18'),
(2014, 106, '2026-02-15', 'present', '22:47:00', '06:03:00', NULL, NULL, '2026-03-05 13:44:18', '2026-03-05 13:44:18'),
(2015, 1, '2026-02-14', 'present', '22:49:00', '06:11:00', NULL, NULL, '2026-03-05 13:44:18', '2026-03-05 13:44:18'),
(2016, 2, '2026-02-14', 'present', '21:55:00', '08:10:00', NULL, NULL, '2026-03-05 13:44:18', '2026-03-05 13:44:18'),
(2017, 3, '2026-02-14', 'exclu', NULL, NULL, NULL, NULL, '2026-03-05 13:44:18', '2026-03-05 13:44:18'),
(2018, 4, '2026-02-14', 'present', '21:45:00', '08:47:00', NULL, NULL, '2026-03-05 13:44:18', '2026-03-05 13:44:18'),
(2019, 5, '2026-02-14', 'present', '22:57:00', '07:52:00', NULL, NULL, '2026-03-05 13:44:18', '2026-03-05 13:44:18'),
(2020, 6, '2026-02-14', 'present', '18:13:00', '08:00:00', NULL, NULL, '2026-03-05 13:44:18', '2026-03-05 13:44:18'),
(2021, 7, '2026-02-14', 'present', '19:36:00', '08:55:00', NULL, NULL, '2026-03-05 13:44:18', '2026-03-05 13:44:18'),
(2022, 8, '2026-02-14', 'present', '21:02:00', '06:24:00', NULL, NULL, '2026-03-05 13:44:18', '2026-03-05 13:44:18'),
(2023, 9, '2026-02-14', 'present', '21:57:00', '07:54:00', NULL, NULL, '2026-03-05 13:44:18', '2026-03-05 13:44:18'),
(2024, 10, '2026-02-14', 'present', '19:09:00', '06:39:00', NULL, NULL, '2026-03-05 13:44:18', '2026-03-05 13:44:18'),
(2025, 11, '2026-02-14', 'present', '22:12:00', '07:10:00', NULL, NULL, '2026-03-05 13:44:18', '2026-03-05 13:44:18'),
(2026, 12, '2026-02-14', 'present', '20:03:00', '06:40:00', NULL, NULL, '2026-03-05 13:44:18', '2026-03-05 13:44:18'),
(2027, 13, '2026-02-14', 'present', '19:50:00', '08:26:00', NULL, NULL, '2026-03-05 13:44:18', '2026-03-05 13:44:18'),
(2028, 14, '2026-02-14', 'present', '19:04:00', '08:54:00', NULL, NULL, '2026-03-05 13:44:18', '2026-03-05 13:44:18'),
(2029, 15, '2026-02-14', 'present', '22:55:00', '06:41:00', NULL, NULL, '2026-03-05 13:44:18', '2026-03-05 13:44:18'),
(2030, 16, '2026-02-14', 'present', '22:44:00', '06:07:00', NULL, NULL, '2026-03-05 13:44:18', '2026-03-05 13:44:18'),
(2031, 17, '2026-02-14', 'present', '19:16:00', '08:30:00', NULL, NULL, '2026-03-05 13:44:18', '2026-03-05 13:44:18'),
(2032, 18, '2026-02-14', 'present', '18:15:00', '06:59:00', NULL, NULL, '2026-03-05 13:44:18', '2026-03-05 13:44:18'),
(2033, 19, '2026-02-14', 'absent', NULL, NULL, NULL, NULL, '2026-03-05 13:44:18', '2026-03-05 13:44:18'),
(2034, 20, '2026-02-14', 'present', '21:42:00', '06:46:00', NULL, NULL, '2026-03-05 13:44:18', '2026-03-05 13:44:18'),
(2035, 21, '2026-02-14', 'present', '18:19:00', '08:15:00', NULL, NULL, '2026-03-05 13:44:18', '2026-03-05 13:44:18'),
(2036, 22, '2026-02-14', 'present', '22:25:00', '06:59:00', NULL, NULL, '2026-03-05 13:44:18', '2026-03-05 13:44:18'),
(2037, 23, '2026-02-14', 'present', '22:44:00', '06:45:00', NULL, NULL, '2026-03-05 13:44:18', '2026-03-05 13:44:18'),
(2038, 24, '2026-02-14', 'present', '19:22:00', '08:22:00', NULL, NULL, '2026-03-05 13:44:18', '2026-03-05 13:44:18'),
(2039, 25, '2026-02-14', 'present', '21:16:00', '07:20:00', NULL, NULL, '2026-03-05 13:44:18', '2026-03-05 13:44:18'),
(2040, 26, '2026-02-14', 'present', '22:43:00', '08:56:00', NULL, NULL, '2026-03-05 13:44:18', '2026-03-05 13:44:18'),
(2041, 27, '2026-02-14', 'present', '19:49:00', '07:58:00', NULL, NULL, '2026-03-05 13:44:18', '2026-03-05 13:44:18'),
(2042, 28, '2026-02-14', 'present', '21:47:00', '06:04:00', NULL, NULL, '2026-03-05 13:44:18', '2026-03-05 13:44:18'),
(2043, 29, '2026-02-14', 'present', '20:46:00', '06:38:00', NULL, NULL, '2026-03-05 13:44:18', '2026-03-05 13:44:18'),
(2044, 30, '2026-02-14', 'present', '19:40:00', '08:18:00', NULL, NULL, '2026-03-05 13:44:18', '2026-03-05 13:44:18'),
(2045, 31, '2026-02-14', 'present', '19:21:00', '07:22:00', NULL, NULL, '2026-03-05 13:44:18', '2026-03-05 13:44:18'),
(2046, 32, '2026-02-14', 'absent', NULL, NULL, NULL, NULL, '2026-03-05 13:44:18', '2026-03-05 13:44:18'),
(2047, 33, '2026-02-14', 'present', '21:34:00', '07:03:00', NULL, NULL, '2026-03-05 13:44:18', '2026-03-05 13:44:18'),
(2048, 34, '2026-02-14', 'present', '20:06:00', '07:59:00', NULL, NULL, '2026-03-05 13:44:18', '2026-03-05 13:44:18'),
(2049, 35, '2026-02-14', 'present', '18:29:00', '07:06:00', NULL, NULL, '2026-03-05 13:44:18', '2026-03-05 13:44:18'),
(2050, 36, '2026-02-14', 'present', '22:57:00', '07:47:00', NULL, NULL, '2026-03-05 13:44:18', '2026-03-05 13:44:18'),
(2051, 37, '2026-02-14', 'exclu', NULL, NULL, NULL, NULL, '2026-03-05 13:44:18', '2026-03-05 13:44:18'),
(2052, 38, '2026-02-14', 'present', '19:03:00', '08:57:00', NULL, NULL, '2026-03-05 13:44:18', '2026-03-05 13:44:18'),
(2053, 39, '2026-02-14', 'present', '21:38:00', '08:42:00', NULL, NULL, '2026-03-05 13:44:18', '2026-03-05 13:44:18'),
(2054, 40, '2026-02-14', 'present', '19:35:00', '08:19:00', NULL, NULL, '2026-03-05 13:44:18', '2026-03-05 13:44:18'),
(2055, 41, '2026-02-14', 'present', '21:47:00', '08:06:00', NULL, NULL, '2026-03-05 13:44:18', '2026-03-05 13:44:18'),
(2056, 42, '2026-02-14', 'absent', NULL, NULL, NULL, NULL, '2026-03-05 13:44:18', '2026-03-05 13:44:18'),
(2057, 43, '2026-02-14', 'present', '21:23:00', '06:15:00', NULL, NULL, '2026-03-05 13:44:18', '2026-03-05 13:44:18'),
(2058, 44, '2026-02-14', 'exclu', NULL, NULL, NULL, NULL, '2026-03-05 13:44:18', '2026-03-05 13:44:18'),
(2059, 45, '2026-02-14', 'present', '22:05:00', '08:20:00', NULL, NULL, '2026-03-05 13:44:18', '2026-03-05 13:44:18'),
(2060, 46, '2026-02-14', 'present', '18:24:00', '07:37:00', NULL, NULL, '2026-03-05 13:44:18', '2026-03-05 13:44:18'),
(2061, 47, '2026-02-14', 'present', '21:34:00', '07:05:00', NULL, NULL, '2026-03-05 13:44:18', '2026-03-05 13:44:18'),
(2062, 48, '2026-02-14', 'absent', NULL, NULL, NULL, NULL, '2026-03-05 13:44:18', '2026-03-05 13:44:18'),
(2063, 49, '2026-02-14', 'present', '20:39:00', '08:49:00', NULL, NULL, '2026-03-05 13:44:18', '2026-03-05 13:44:18'),
(2064, 50, '2026-02-14', 'present', '22:20:00', '06:49:00', NULL, NULL, '2026-03-05 13:44:18', '2026-03-05 13:44:18'),
(2065, 51, '2026-02-14', 'present', '19:28:00', '06:02:00', NULL, NULL, '2026-03-05 13:44:18', '2026-03-05 13:44:18'),
(2066, 52, '2026-02-14', 'absent', NULL, NULL, NULL, NULL, '2026-03-05 13:44:18', '2026-03-05 13:44:18'),
(2067, 53, '2026-02-14', 'present', '22:28:00', '07:36:00', NULL, NULL, '2026-03-05 13:44:18', '2026-03-05 13:44:18'),
(2068, 54, '2026-02-14', 'present', '20:21:00', '07:25:00', NULL, NULL, '2026-03-05 13:44:18', '2026-03-05 13:44:18'),
(2069, 55, '2026-02-14', 'present', '18:27:00', '08:23:00', NULL, NULL, '2026-03-05 13:44:18', '2026-03-05 13:44:18'),
(2070, 56, '2026-02-14', 'exclu', NULL, NULL, NULL, NULL, '2026-03-05 13:44:18', '2026-03-05 13:44:18'),
(2071, 57, '2026-02-14', 'present', '22:51:00', '08:41:00', NULL, NULL, '2026-03-05 13:44:18', '2026-03-05 13:44:18'),
(2072, 58, '2026-02-14', 'present', '19:53:00', '07:34:00', NULL, NULL, '2026-03-05 13:44:18', '2026-03-05 13:44:18'),
(2073, 59, '2026-02-14', 'present', '18:51:00', '08:07:00', NULL, NULL, '2026-03-05 13:44:18', '2026-03-05 13:44:18'),
(2074, 60, '2026-02-14', 'present', '19:05:00', '07:32:00', NULL, NULL, '2026-03-05 13:44:18', '2026-03-05 13:44:18'),
(2075, 61, '2026-02-14', 'present', '18:08:00', '07:06:00', NULL, NULL, '2026-03-05 13:44:18', '2026-03-05 13:44:18'),
(2076, 62, '2026-02-14', 'present', '21:14:00', '06:51:00', NULL, NULL, '2026-03-05 13:44:18', '2026-03-05 13:44:18'),
(2077, 63, '2026-02-14', 'present', '22:57:00', '07:39:00', NULL, NULL, '2026-03-05 13:44:18', '2026-03-05 13:44:18'),
(2078, 64, '2026-02-14', 'present', '19:41:00', '06:41:00', NULL, NULL, '2026-03-05 13:44:18', '2026-03-05 13:44:18'),
(2079, 65, '2026-02-14', 'present', '22:09:00', '07:45:00', NULL, NULL, '2026-03-05 13:44:18', '2026-03-05 13:44:18'),
(2080, 66, '2026-02-14', 'present', '21:37:00', '06:59:00', NULL, NULL, '2026-03-05 13:44:18', '2026-03-05 13:44:18'),
(2081, 67, '2026-02-14', 'present', '19:53:00', '06:06:00', NULL, NULL, '2026-03-05 13:44:18', '2026-03-05 13:44:18'),
(2082, 68, '2026-02-14', 'present', '20:15:00', '06:27:00', NULL, NULL, '2026-03-05 13:44:18', '2026-03-05 13:44:18'),
(2083, 69, '2026-02-14', 'present', '22:51:00', '08:56:00', NULL, NULL, '2026-03-05 13:44:18', '2026-03-05 13:44:18'),
(2084, 70, '2026-02-14', 'present', '22:49:00', '07:04:00', NULL, NULL, '2026-03-05 13:44:18', '2026-03-05 13:44:18'),
(2085, 71, '2026-02-14', 'present', '21:56:00', '08:50:00', NULL, NULL, '2026-03-05 13:44:18', '2026-03-05 13:44:18'),
(2086, 72, '2026-02-14', 'present', '18:07:00', '08:50:00', NULL, NULL, '2026-03-05 13:44:18', '2026-03-05 13:44:18'),
(2087, 73, '2026-02-14', 'present', '22:19:00', '08:06:00', NULL, NULL, '2026-03-05 13:44:18', '2026-03-05 13:44:18'),
(2088, 74, '2026-02-14', 'present', '21:47:00', '06:28:00', NULL, NULL, '2026-03-05 13:44:18', '2026-03-05 13:44:18'),
(2089, 75, '2026-02-14', 'justifie', '18:06:00', '06:21:00', 'Certificat médical / Autorisation spéciale', 3, '2026-03-05 13:44:18', '2026-03-05 13:44:18'),
(2090, 76, '2026-02-14', 'present', '19:56:00', '07:35:00', NULL, NULL, '2026-03-05 13:44:18', '2026-03-05 13:44:18'),
(2091, 77, '2026-02-14', 'present', '21:32:00', '06:51:00', NULL, NULL, '2026-03-05 13:44:18', '2026-03-05 13:44:18'),
(2092, 78, '2026-02-14', 'present', '21:09:00', '08:51:00', NULL, NULL, '2026-03-05 13:44:18', '2026-03-05 13:44:18'),
(2093, 79, '2026-02-14', 'present', '22:49:00', '07:04:00', NULL, NULL, '2026-03-05 13:44:18', '2026-03-05 13:44:18'),
(2094, 80, '2026-02-14', 'present', '21:01:00', '08:10:00', NULL, NULL, '2026-03-05 13:44:18', '2026-03-05 13:44:18'),
(2095, 81, '2026-02-14', 'present', '21:01:00', '07:18:00', NULL, NULL, '2026-03-05 13:44:18', '2026-03-05 13:44:18'),
(2096, 82, '2026-02-14', 'absent', NULL, NULL, NULL, NULL, '2026-03-05 13:44:18', '2026-03-05 13:44:18'),
(2097, 83, '2026-02-14', 'absent', NULL, NULL, NULL, NULL, '2026-03-05 13:44:18', '2026-03-05 13:44:18'),
(2098, 84, '2026-02-14', 'present', '19:27:00', '07:25:00', NULL, NULL, '2026-03-05 13:44:18', '2026-03-05 13:44:18'),
(2099, 85, '2026-02-14', 'present', '19:23:00', '08:55:00', NULL, NULL, '2026-03-05 13:44:18', '2026-03-05 13:44:18'),
(2100, 86, '2026-02-14', 'present', '19:06:00', '06:54:00', NULL, NULL, '2026-03-05 13:44:18', '2026-03-05 13:44:18'),
(2101, 87, '2026-02-14', 'present', '19:39:00', '08:01:00', NULL, NULL, '2026-03-05 13:44:18', '2026-03-05 13:44:18'),
(2102, 88, '2026-02-14', 'justifie', '19:53:00', '08:01:00', 'Certificat médical / Autorisation spéciale', 2, '2026-03-05 13:44:18', '2026-03-05 13:44:18'),
(2103, 89, '2026-02-14', 'exclu', NULL, NULL, NULL, NULL, '2026-03-05 13:44:18', '2026-03-05 13:44:18'),
(2104, 90, '2026-02-14', 'present', '19:43:00', '08:49:00', NULL, NULL, '2026-03-05 13:44:18', '2026-03-05 13:44:18'),
(2105, 91, '2026-02-14', 'present', '22:26:00', '06:23:00', NULL, NULL, '2026-03-05 13:44:18', '2026-03-05 13:44:18'),
(2106, 92, '2026-02-14', 'present', '22:22:00', '06:22:00', NULL, NULL, '2026-03-05 13:44:18', '2026-03-05 13:44:18'),
(2107, 93, '2026-02-14', 'present', '20:06:00', '06:03:00', NULL, NULL, '2026-03-05 13:44:18', '2026-03-05 13:44:18'),
(2108, 94, '2026-02-14', 'present', '20:29:00', '08:01:00', NULL, NULL, '2026-03-05 13:44:18', '2026-03-05 13:44:18'),
(2109, 95, '2026-02-14', 'present', '20:44:00', '06:25:00', NULL, NULL, '2026-03-05 13:44:18', '2026-03-05 13:44:18'),
(2110, 96, '2026-02-14', 'present', '19:33:00', '07:31:00', NULL, NULL, '2026-03-05 13:44:18', '2026-03-05 13:44:18'),
(2111, 97, '2026-02-14', 'present', '20:13:00', '06:16:00', NULL, NULL, '2026-03-05 13:44:18', '2026-03-05 13:44:18'),
(2112, 98, '2026-02-14', 'present', '21:25:00', '08:42:00', NULL, NULL, '2026-03-05 13:44:18', '2026-03-05 13:44:18'),
(2113, 99, '2026-02-14', 'present', '20:12:00', '08:06:00', NULL, NULL, '2026-03-05 13:44:18', '2026-03-05 13:44:18'),
(2114, 100, '2026-02-14', 'exclu', NULL, NULL, NULL, NULL, '2026-03-05 13:44:18', '2026-03-05 13:44:18'),
(2115, 101, '2026-02-14', 'present', '20:18:00', '08:16:00', NULL, NULL, '2026-03-05 13:44:18', '2026-03-05 13:44:18'),
(2116, 102, '2026-02-14', 'present', '20:51:00', '08:34:00', NULL, NULL, '2026-03-05 13:44:18', '2026-03-05 13:44:18'),
(2117, 103, '2026-02-14', 'present', '19:26:00', '06:49:00', NULL, NULL, '2026-03-05 13:44:18', '2026-03-05 13:44:18'),
(2118, 104, '2026-02-14', 'present', '21:45:00', '08:41:00', NULL, NULL, '2026-03-05 13:44:18', '2026-03-05 13:44:18'),
(2119, 105, '2026-02-14', 'present', '20:59:00', '08:05:00', NULL, NULL, '2026-03-05 13:44:18', '2026-03-05 13:44:18'),
(2120, 106, '2026-02-14', 'present', '19:13:00', '06:08:00', NULL, NULL, '2026-03-05 13:44:18', '2026-03-05 13:44:18'),
(2121, 1, '2026-02-13', 'present', '20:46:00', '06:51:00', NULL, NULL, '2026-03-05 13:44:18', '2026-03-05 13:44:18'),
(2122, 2, '2026-02-13', 'present', '19:07:00', '08:30:00', NULL, NULL, '2026-03-05 13:44:18', '2026-03-05 13:44:18'),
(2123, 3, '2026-02-13', 'present', '20:05:00', '07:21:00', NULL, NULL, '2026-03-05 13:44:18', '2026-03-05 13:44:18'),
(2124, 4, '2026-02-13', 'present', '20:47:00', '07:36:00', NULL, NULL, '2026-03-05 13:44:18', '2026-03-05 13:44:18'),
(2125, 5, '2026-02-13', 'present', '20:43:00', '06:47:00', NULL, NULL, '2026-03-05 13:44:18', '2026-03-05 13:44:18'),
(2126, 6, '2026-02-13', 'absent', NULL, NULL, NULL, NULL, '2026-03-05 13:44:18', '2026-03-05 13:44:18'),
(2127, 7, '2026-02-13', 'justifie', '20:07:00', '06:51:00', 'Certificat médical / Autorisation spéciale', 3, '2026-03-05 13:44:18', '2026-03-05 13:44:18'),
(2128, 8, '2026-02-13', 'present', '20:46:00', '06:47:00', NULL, NULL, '2026-03-05 13:44:18', '2026-03-05 13:44:18'),
(2129, 9, '2026-02-13', 'present', '18:49:00', '08:52:00', NULL, NULL, '2026-03-05 13:44:18', '2026-03-05 13:44:18');
INSERT INTO `presences` (`id`, `etudiant_id`, `date`, `statut`, `heure_entree`, `heure_sortie`, `justification`, `valide_par`, `created_at`, `updated_at`) VALUES
(2130, 10, '2026-02-13', 'justifie', '21:44:00', '06:20:00', 'Certificat médical / Autorisation spéciale', 4, '2026-03-05 13:44:18', '2026-03-05 13:44:18'),
(2131, 11, '2026-02-13', 'present', '19:34:00', '07:59:00', NULL, NULL, '2026-03-05 13:44:18', '2026-03-05 13:44:18'),
(2132, 12, '2026-02-13', 'present', '21:38:00', '06:49:00', NULL, NULL, '2026-03-05 13:44:18', '2026-03-05 13:44:18'),
(2133, 13, '2026-02-13', 'present', '19:25:00', '07:30:00', NULL, NULL, '2026-03-05 13:44:18', '2026-03-05 13:44:18'),
(2134, 14, '2026-02-13', 'present', '20:15:00', '06:04:00', NULL, NULL, '2026-03-05 13:44:18', '2026-03-05 13:44:18'),
(2135, 15, '2026-02-13', 'present', '20:44:00', '06:57:00', NULL, NULL, '2026-03-05 13:44:18', '2026-03-05 13:44:18'),
(2136, 16, '2026-02-13', 'present', '21:32:00', '06:58:00', NULL, NULL, '2026-03-05 13:44:18', '2026-03-05 13:44:18'),
(2137, 17, '2026-02-13', 'present', '18:52:00', '06:41:00', NULL, NULL, '2026-03-05 13:44:18', '2026-03-05 13:44:18'),
(2138, 18, '2026-02-13', 'present', '22:31:00', '06:04:00', NULL, NULL, '2026-03-05 13:44:18', '2026-03-05 13:44:18'),
(2139, 19, '2026-02-13', 'present', '18:16:00', '06:42:00', NULL, NULL, '2026-03-05 13:44:18', '2026-03-05 13:44:18'),
(2140, 20, '2026-02-13', 'present', '18:36:00', '08:06:00', NULL, NULL, '2026-03-05 13:44:18', '2026-03-05 13:44:18'),
(2141, 21, '2026-02-13', 'present', '21:03:00', '08:30:00', NULL, NULL, '2026-03-05 13:44:18', '2026-03-05 13:44:18'),
(2142, 22, '2026-02-13', 'exclu', NULL, NULL, NULL, NULL, '2026-03-05 13:44:18', '2026-03-05 13:44:18'),
(2143, 23, '2026-02-13', 'justifie', '20:22:00', '06:11:00', 'Certificat médical / Autorisation spéciale', 3, '2026-03-05 13:44:18', '2026-03-05 13:44:18'),
(2144, 24, '2026-02-13', 'present', '22:19:00', '07:45:00', NULL, NULL, '2026-03-05 13:44:18', '2026-03-05 13:44:18'),
(2145, 25, '2026-02-13', 'present', '20:29:00', '07:24:00', NULL, NULL, '2026-03-05 13:44:18', '2026-03-05 13:44:18'),
(2146, 26, '2026-02-13', 'present', '21:16:00', '08:06:00', NULL, NULL, '2026-03-05 13:44:18', '2026-03-05 13:44:18'),
(2147, 27, '2026-02-13', 'present', '18:24:00', '08:55:00', NULL, NULL, '2026-03-05 13:44:18', '2026-03-05 13:44:18'),
(2148, 28, '2026-02-13', 'present', '18:38:00', '06:40:00', NULL, NULL, '2026-03-05 13:44:18', '2026-03-05 13:44:18'),
(2149, 29, '2026-02-13', 'present', '20:04:00', '07:48:00', NULL, NULL, '2026-03-05 13:44:18', '2026-03-05 13:44:18'),
(2150, 30, '2026-02-13', 'present', '19:03:00', '06:23:00', NULL, NULL, '2026-03-05 13:44:18', '2026-03-05 13:44:18'),
(2151, 31, '2026-02-13', 'justifie', '19:01:00', '07:04:00', 'Certificat médical / Autorisation spéciale', 2, '2026-03-05 13:44:18', '2026-03-05 13:44:18'),
(2152, 32, '2026-02-13', 'present', '22:57:00', '06:36:00', NULL, NULL, '2026-03-05 13:44:18', '2026-03-05 13:44:18'),
(2153, 33, '2026-02-13', 'present', '21:09:00', '06:28:00', NULL, NULL, '2026-03-05 13:44:18', '2026-03-05 13:44:18'),
(2154, 34, '2026-02-13', 'present', '21:49:00', '07:15:00', NULL, NULL, '2026-03-05 13:44:18', '2026-03-05 13:44:18'),
(2155, 35, '2026-02-13', 'present', '18:32:00', '06:19:00', NULL, NULL, '2026-03-05 13:44:18', '2026-03-05 13:44:18'),
(2156, 36, '2026-02-13', 'present', '22:41:00', '08:59:00', NULL, NULL, '2026-03-05 13:44:18', '2026-03-05 13:44:18'),
(2157, 37, '2026-02-13', 'present', '20:32:00', '06:26:00', NULL, NULL, '2026-03-05 13:44:18', '2026-03-05 13:44:18'),
(2158, 38, '2026-02-13', 'present', '18:54:00', '08:49:00', NULL, NULL, '2026-03-05 13:44:18', '2026-03-05 13:44:18'),
(2159, 39, '2026-02-13', 'present', '20:49:00', '07:26:00', NULL, NULL, '2026-03-05 13:44:18', '2026-03-05 13:44:18'),
(2160, 40, '2026-02-13', 'present', '20:13:00', '08:12:00', NULL, NULL, '2026-03-05 13:44:18', '2026-03-05 13:44:18'),
(2161, 41, '2026-02-13', 'present', '19:43:00', '07:47:00', NULL, NULL, '2026-03-05 13:44:18', '2026-03-05 13:44:18'),
(2162, 42, '2026-02-13', 'present', '21:28:00', '08:47:00', NULL, NULL, '2026-03-05 13:44:18', '2026-03-05 13:44:18'),
(2163, 43, '2026-02-13', 'present', '18:43:00', '08:52:00', NULL, NULL, '2026-03-05 13:44:18', '2026-03-05 13:44:18'),
(2164, 44, '2026-02-13', 'present', '21:01:00', '08:07:00', NULL, NULL, '2026-03-05 13:44:18', '2026-03-05 13:44:18'),
(2165, 45, '2026-02-13', 'present', '20:18:00', '08:06:00', NULL, NULL, '2026-03-05 13:44:18', '2026-03-05 13:44:18'),
(2166, 46, '2026-02-13', 'present', '19:45:00', '06:59:00', NULL, NULL, '2026-03-05 13:44:18', '2026-03-05 13:44:18'),
(2167, 47, '2026-02-13', 'present', '21:36:00', '08:22:00', NULL, NULL, '2026-03-05 13:44:18', '2026-03-05 13:44:18'),
(2168, 48, '2026-02-13', 'present', '22:00:00', '08:47:00', NULL, NULL, '2026-03-05 13:44:18', '2026-03-05 13:44:18'),
(2169, 49, '2026-02-13', 'present', '19:52:00', '06:52:00', NULL, NULL, '2026-03-05 13:44:18', '2026-03-05 13:44:18'),
(2170, 50, '2026-02-13', 'present', '21:31:00', '08:46:00', NULL, NULL, '2026-03-05 13:44:18', '2026-03-05 13:44:18'),
(2171, 51, '2026-02-13', 'present', '18:49:00', '08:11:00', NULL, NULL, '2026-03-05 13:44:19', '2026-03-05 13:44:19'),
(2172, 52, '2026-02-13', 'present', '21:05:00', '07:11:00', NULL, NULL, '2026-03-05 13:44:19', '2026-03-05 13:44:19'),
(2173, 53, '2026-02-13', 'present', '20:26:00', '06:54:00', NULL, NULL, '2026-03-05 13:44:19', '2026-03-05 13:44:19'),
(2174, 54, '2026-02-13', 'present', '19:24:00', '08:48:00', NULL, NULL, '2026-03-05 13:44:19', '2026-03-05 13:44:19'),
(2175, 55, '2026-02-13', 'present', '19:46:00', '08:15:00', NULL, NULL, '2026-03-05 13:44:19', '2026-03-05 13:44:19'),
(2176, 56, '2026-02-13', 'present', '18:30:00', '08:16:00', NULL, NULL, '2026-03-05 13:44:19', '2026-03-05 13:44:19'),
(2177, 57, '2026-02-13', 'justifie', '20:23:00', '06:17:00', 'Certificat médical / Autorisation spéciale', 3, '2026-03-05 13:44:19', '2026-03-05 13:44:19'),
(2178, 58, '2026-02-13', 'present', '20:41:00', '06:42:00', NULL, NULL, '2026-03-05 13:44:19', '2026-03-05 13:44:19'),
(2179, 59, '2026-02-13', 'present', '21:09:00', '06:44:00', NULL, NULL, '2026-03-05 13:44:19', '2026-03-05 13:44:19'),
(2180, 60, '2026-02-13', 'present', '20:30:00', '08:52:00', NULL, NULL, '2026-03-05 13:44:19', '2026-03-05 13:44:19'),
(2181, 61, '2026-02-13', 'present', '18:13:00', '08:36:00', NULL, NULL, '2026-03-05 13:44:19', '2026-03-05 13:44:19'),
(2182, 62, '2026-02-13', 'present', '19:43:00', '06:35:00', NULL, NULL, '2026-03-05 13:44:19', '2026-03-05 13:44:19'),
(2183, 63, '2026-02-13', 'present', '19:19:00', '07:43:00', NULL, NULL, '2026-03-05 13:44:19', '2026-03-05 13:44:19'),
(2184, 64, '2026-02-13', 'present', '21:23:00', '08:10:00', NULL, NULL, '2026-03-05 13:44:19', '2026-03-05 13:44:19'),
(2185, 65, '2026-02-13', 'present', '19:22:00', '07:58:00', NULL, NULL, '2026-03-05 13:44:19', '2026-03-05 13:44:19'),
(2186, 66, '2026-02-13', 'present', '20:57:00', '08:37:00', NULL, NULL, '2026-03-05 13:44:19', '2026-03-05 13:44:19'),
(2187, 67, '2026-02-13', 'present', '18:42:00', '06:45:00', NULL, NULL, '2026-03-05 13:44:19', '2026-03-05 13:44:19'),
(2188, 68, '2026-02-13', 'present', '22:07:00', '07:40:00', NULL, NULL, '2026-03-05 13:44:19', '2026-03-05 13:44:19'),
(2189, 69, '2026-02-13', 'present', '18:17:00', '08:36:00', NULL, NULL, '2026-03-05 13:44:19', '2026-03-05 13:44:19'),
(2190, 70, '2026-02-13', 'absent', NULL, NULL, NULL, NULL, '2026-03-05 13:44:19', '2026-03-05 13:44:19'),
(2191, 71, '2026-02-13', 'present', '21:28:00', '06:16:00', NULL, NULL, '2026-03-05 13:44:19', '2026-03-05 13:44:19'),
(2192, 72, '2026-02-13', 'present', '18:31:00', '08:22:00', NULL, NULL, '2026-03-05 13:44:19', '2026-03-05 13:44:19'),
(2193, 73, '2026-02-13', 'present', '19:55:00', '08:42:00', NULL, NULL, '2026-03-05 13:44:19', '2026-03-05 13:44:19'),
(2194, 74, '2026-02-13', 'present', '21:24:00', '08:23:00', NULL, NULL, '2026-03-05 13:44:19', '2026-03-05 13:44:19'),
(2195, 75, '2026-02-13', 'present', '21:20:00', '06:11:00', NULL, NULL, '2026-03-05 13:44:19', '2026-03-05 13:44:19'),
(2196, 76, '2026-02-13', 'present', '19:03:00', '06:50:00', NULL, NULL, '2026-03-05 13:44:19', '2026-03-05 13:44:19'),
(2197, 77, '2026-02-13', 'present', '20:51:00', '08:28:00', NULL, NULL, '2026-03-05 13:44:19', '2026-03-05 13:44:19'),
(2198, 78, '2026-02-13', 'present', '20:15:00', '08:02:00', NULL, NULL, '2026-03-05 13:44:19', '2026-03-05 13:44:19'),
(2199, 79, '2026-02-13', 'present', '22:23:00', '07:59:00', NULL, NULL, '2026-03-05 13:44:19', '2026-03-05 13:44:19'),
(2200, 80, '2026-02-13', 'present', '18:19:00', '07:13:00', NULL, NULL, '2026-03-05 13:44:19', '2026-03-05 13:44:19'),
(2201, 81, '2026-02-13', 'present', '22:40:00', '06:41:00', NULL, NULL, '2026-03-05 13:44:19', '2026-03-05 13:44:19'),
(2202, 82, '2026-02-13', 'justifie', '19:09:00', '06:34:00', 'Certificat médical / Autorisation spéciale', 2, '2026-03-05 13:44:19', '2026-03-05 13:44:19'),
(2203, 83, '2026-02-13', 'present', '20:19:00', '08:31:00', NULL, NULL, '2026-03-05 13:44:19', '2026-03-05 13:44:19'),
(2204, 84, '2026-02-13', 'present', '22:12:00', '07:03:00', NULL, NULL, '2026-03-05 13:44:19', '2026-03-05 13:44:19'),
(2205, 85, '2026-02-13', 'present', '19:44:00', '06:05:00', NULL, NULL, '2026-03-05 13:44:19', '2026-03-05 13:44:19'),
(2206, 86, '2026-02-13', 'present', '20:49:00', '08:04:00', NULL, NULL, '2026-03-05 13:44:19', '2026-03-05 13:44:19'),
(2207, 87, '2026-02-13', 'present', '19:55:00', '07:52:00', NULL, NULL, '2026-03-05 13:44:19', '2026-03-05 13:44:19'),
(2208, 88, '2026-02-13', 'present', '18:46:00', '06:31:00', NULL, NULL, '2026-03-05 13:44:19', '2026-03-05 13:44:19'),
(2209, 89, '2026-02-13', 'justifie', '20:07:00', '08:44:00', 'Certificat médical / Autorisation spéciale', 2, '2026-03-05 13:44:19', '2026-03-05 13:44:19'),
(2210, 90, '2026-02-13', 'present', '22:58:00', '08:07:00', NULL, NULL, '2026-03-05 13:44:19', '2026-03-05 13:44:19'),
(2211, 91, '2026-02-13', 'present', '18:18:00', '08:01:00', NULL, NULL, '2026-03-05 13:44:19', '2026-03-05 13:44:19'),
(2212, 92, '2026-02-13', 'present', '21:58:00', '08:22:00', NULL, NULL, '2026-03-05 13:44:19', '2026-03-05 13:44:19'),
(2213, 93, '2026-02-13', 'present', '19:45:00', '07:35:00', NULL, NULL, '2026-03-05 13:44:19', '2026-03-05 13:44:19'),
(2214, 94, '2026-02-13', 'exclu', NULL, NULL, NULL, NULL, '2026-03-05 13:44:19', '2026-03-05 13:44:19'),
(2215, 95, '2026-02-13', 'present', '21:28:00', '06:29:00', NULL, NULL, '2026-03-05 13:44:19', '2026-03-05 13:44:19'),
(2216, 96, '2026-02-13', 'present', '22:53:00', '06:58:00', NULL, NULL, '2026-03-05 13:44:19', '2026-03-05 13:44:19'),
(2217, 97, '2026-02-13', 'exclu', NULL, NULL, NULL, NULL, '2026-03-05 13:44:19', '2026-03-05 13:44:19'),
(2218, 98, '2026-02-13', 'present', '21:50:00', '06:27:00', NULL, NULL, '2026-03-05 13:44:19', '2026-03-05 13:44:19'),
(2219, 99, '2026-02-13', 'present', '22:38:00', '07:50:00', NULL, NULL, '2026-03-05 13:44:19', '2026-03-05 13:44:19'),
(2220, 100, '2026-02-13', 'present', '22:34:00', '06:17:00', NULL, NULL, '2026-03-05 13:44:19', '2026-03-05 13:44:19'),
(2221, 101, '2026-02-13', 'present', '22:06:00', '07:21:00', NULL, NULL, '2026-03-05 13:44:19', '2026-03-05 13:44:19'),
(2222, 102, '2026-02-13', 'present', '20:29:00', '06:43:00', NULL, NULL, '2026-03-05 13:44:19', '2026-03-05 13:44:19'),
(2223, 103, '2026-02-13', 'present', '21:14:00', '06:01:00', NULL, NULL, '2026-03-05 13:44:19', '2026-03-05 13:44:19'),
(2224, 104, '2026-02-13', 'present', '20:50:00', '07:36:00', NULL, NULL, '2026-03-05 13:44:19', '2026-03-05 13:44:19'),
(2225, 105, '2026-02-13', 'present', '20:31:00', '07:55:00', NULL, NULL, '2026-03-05 13:44:19', '2026-03-05 13:44:19'),
(2226, 106, '2026-02-13', 'absent', NULL, NULL, NULL, NULL, '2026-03-05 13:44:19', '2026-03-05 13:44:19'),
(2227, 1, '2026-02-12', 'present', '22:41:00', '08:18:00', NULL, NULL, '2026-03-05 13:44:19', '2026-03-05 13:44:19'),
(2228, 2, '2026-02-12', 'present', '21:28:00', '08:12:00', NULL, NULL, '2026-03-05 13:44:19', '2026-03-05 13:44:19'),
(2229, 3, '2026-02-12', 'present', '18:11:00', '08:57:00', NULL, NULL, '2026-03-05 13:44:19', '2026-03-05 13:44:19'),
(2230, 4, '2026-02-12', 'present', '18:36:00', '07:54:00', NULL, NULL, '2026-03-05 13:44:19', '2026-03-05 13:44:19'),
(2231, 5, '2026-02-12', 'present', '21:16:00', '07:30:00', NULL, NULL, '2026-03-05 13:44:19', '2026-03-05 13:44:19'),
(2232, 6, '2026-02-12', 'exclu', NULL, NULL, NULL, NULL, '2026-03-05 13:44:19', '2026-03-05 13:44:19'),
(2233, 7, '2026-02-12', 'present', '20:10:00', '07:29:00', NULL, NULL, '2026-03-05 13:44:19', '2026-03-05 13:44:19'),
(2234, 8, '2026-02-12', 'present', '21:45:00', '06:59:00', NULL, NULL, '2026-03-05 13:44:19', '2026-03-05 13:44:19'),
(2235, 9, '2026-02-12', 'justifie', '21:46:00', '07:36:00', 'Certificat médical / Autorisation spéciale', 5, '2026-03-05 13:44:19', '2026-03-05 13:44:19'),
(2236, 10, '2026-02-12', 'present', '18:53:00', '08:47:00', NULL, NULL, '2026-03-05 13:44:19', '2026-03-05 13:44:19'),
(2237, 11, '2026-02-12', 'present', '21:55:00', '07:30:00', NULL, NULL, '2026-03-05 13:44:19', '2026-03-05 13:44:19'),
(2238, 12, '2026-02-12', 'present', '21:19:00', '06:10:00', NULL, NULL, '2026-03-05 13:44:19', '2026-03-05 13:44:19'),
(2239, 13, '2026-02-12', 'present', '18:29:00', '06:53:00', NULL, NULL, '2026-03-05 13:44:19', '2026-03-05 13:44:19'),
(2240, 14, '2026-02-12', 'present', '20:22:00', '08:26:00', NULL, NULL, '2026-03-05 13:44:19', '2026-03-05 13:44:19'),
(2241, 15, '2026-02-12', 'present', '21:59:00', '08:32:00', NULL, NULL, '2026-03-05 13:44:19', '2026-03-05 13:44:19'),
(2242, 16, '2026-02-12', 'present', '21:02:00', '07:27:00', NULL, NULL, '2026-03-05 13:44:19', '2026-03-05 13:44:19'),
(2243, 17, '2026-02-12', 'present', '20:49:00', '08:19:00', NULL, NULL, '2026-03-05 13:44:19', '2026-03-05 13:44:19'),
(2244, 18, '2026-02-12', 'absent', NULL, NULL, NULL, NULL, '2026-03-05 13:44:19', '2026-03-05 13:44:19'),
(2245, 19, '2026-02-12', 'present', '22:04:00', '08:03:00', NULL, NULL, '2026-03-05 13:44:19', '2026-03-05 13:44:19'),
(2246, 20, '2026-02-12', 'present', '18:06:00', '07:38:00', NULL, NULL, '2026-03-05 13:44:19', '2026-03-05 13:44:19'),
(2247, 21, '2026-02-12', 'present', '18:28:00', '08:26:00', NULL, NULL, '2026-03-05 13:44:19', '2026-03-05 13:44:19'),
(2248, 22, '2026-02-12', 'present', '22:01:00', '06:48:00', NULL, NULL, '2026-03-05 13:44:19', '2026-03-05 13:44:19'),
(2249, 23, '2026-02-12', 'present', '21:12:00', '06:26:00', NULL, NULL, '2026-03-05 13:44:19', '2026-03-05 13:44:19'),
(2250, 24, '2026-02-12', 'present', '20:12:00', '07:42:00', NULL, NULL, '2026-03-05 13:44:19', '2026-03-05 13:44:19'),
(2251, 25, '2026-02-12', 'present', '19:07:00', '08:17:00', NULL, NULL, '2026-03-05 13:44:19', '2026-03-05 13:44:19'),
(2252, 26, '2026-02-12', 'present', '19:50:00', '08:40:00', NULL, NULL, '2026-03-05 13:44:19', '2026-03-05 13:44:19'),
(2253, 27, '2026-02-12', 'present', '19:16:00', '06:35:00', NULL, NULL, '2026-03-05 13:44:19', '2026-03-05 13:44:19'),
(2254, 28, '2026-02-12', 'present', '22:01:00', '07:19:00', NULL, NULL, '2026-03-05 13:44:19', '2026-03-05 13:44:19'),
(2255, 29, '2026-02-12', 'present', '18:26:00', '06:25:00', NULL, NULL, '2026-03-05 13:44:19', '2026-03-05 13:44:19'),
(2256, 30, '2026-02-12', 'absent', NULL, NULL, NULL, NULL, '2026-03-05 13:44:19', '2026-03-05 13:44:19'),
(2257, 31, '2026-02-12', 'present', '20:15:00', '08:52:00', NULL, NULL, '2026-03-05 13:44:19', '2026-03-05 13:44:19'),
(2258, 32, '2026-02-12', 'present', '18:19:00', '06:37:00', NULL, NULL, '2026-03-05 13:44:19', '2026-03-05 13:44:19'),
(2259, 33, '2026-02-12', 'present', '18:53:00', '06:11:00', NULL, NULL, '2026-03-05 13:44:19', '2026-03-05 13:44:19'),
(2260, 34, '2026-02-12', 'present', '18:31:00', '06:25:00', NULL, NULL, '2026-03-05 13:44:19', '2026-03-05 13:44:19'),
(2261, 35, '2026-02-12', 'justifie', '20:06:00', '06:46:00', 'Certificat médical / Autorisation spéciale', 2, '2026-03-05 13:44:19', '2026-03-05 13:44:19'),
(2262, 36, '2026-02-12', 'present', '19:52:00', '08:00:00', NULL, NULL, '2026-03-05 13:44:19', '2026-03-05 13:44:19'),
(2263, 37, '2026-02-12', 'present', '18:37:00', '06:48:00', NULL, NULL, '2026-03-05 13:44:19', '2026-03-05 13:44:19'),
(2264, 38, '2026-02-12', 'present', '22:38:00', '06:31:00', NULL, NULL, '2026-03-05 13:44:19', '2026-03-05 13:44:19'),
(2265, 39, '2026-02-12', 'present', '19:29:00', '06:57:00', NULL, NULL, '2026-03-05 13:44:19', '2026-03-05 13:44:19'),
(2266, 40, '2026-02-12', 'present', '21:07:00', '07:07:00', NULL, NULL, '2026-03-05 13:44:19', '2026-03-05 13:44:19'),
(2267, 41, '2026-02-12', 'present', '19:26:00', '08:33:00', NULL, NULL, '2026-03-05 13:44:19', '2026-03-05 13:44:19'),
(2268, 42, '2026-02-12', 'present', '20:11:00', '07:37:00', NULL, NULL, '2026-03-05 13:44:19', '2026-03-05 13:44:19'),
(2269, 43, '2026-02-12', 'present', '18:04:00', '07:55:00', NULL, NULL, '2026-03-05 13:44:19', '2026-03-05 13:44:19'),
(2270, 44, '2026-02-12', 'exclu', NULL, NULL, NULL, NULL, '2026-03-05 13:44:19', '2026-03-05 13:44:19'),
(2271, 45, '2026-02-12', 'justifie', '21:35:00', '06:15:00', 'Certificat médical / Autorisation spéciale', 4, '2026-03-05 13:44:19', '2026-03-05 13:44:19'),
(2272, 46, '2026-02-12', 'present', '21:57:00', '07:13:00', NULL, NULL, '2026-03-05 13:44:19', '2026-03-05 13:44:19'),
(2273, 47, '2026-02-12', 'present', '20:08:00', '07:52:00', NULL, NULL, '2026-03-05 13:44:19', '2026-03-05 13:44:19'),
(2274, 48, '2026-02-12', 'present', '19:07:00', '07:33:00', NULL, NULL, '2026-03-05 13:44:19', '2026-03-05 13:44:19'),
(2275, 49, '2026-02-12', 'present', '21:41:00', '08:26:00', NULL, NULL, '2026-03-05 13:44:19', '2026-03-05 13:44:19'),
(2276, 50, '2026-02-12', 'present', '18:50:00', '06:29:00', NULL, NULL, '2026-03-05 13:44:19', '2026-03-05 13:44:19'),
(2277, 51, '2026-02-12', 'present', '20:06:00', '06:53:00', NULL, NULL, '2026-03-05 13:44:19', '2026-03-05 13:44:19'),
(2278, 52, '2026-02-12', 'present', '21:07:00', '07:56:00', NULL, NULL, '2026-03-05 13:44:19', '2026-03-05 13:44:19'),
(2279, 53, '2026-02-12', 'present', '18:58:00', '07:37:00', NULL, NULL, '2026-03-05 13:44:19', '2026-03-05 13:44:19'),
(2280, 54, '2026-02-12', 'present', '22:19:00', '08:22:00', NULL, NULL, '2026-03-05 13:44:19', '2026-03-05 13:44:19'),
(2281, 55, '2026-02-12', 'present', '21:55:00', '07:46:00', NULL, NULL, '2026-03-05 13:44:19', '2026-03-05 13:44:19'),
(2282, 56, '2026-02-12', 'present', '22:21:00', '06:43:00', NULL, NULL, '2026-03-05 13:44:19', '2026-03-05 13:44:19'),
(2283, 57, '2026-02-12', 'exclu', NULL, NULL, NULL, NULL, '2026-03-05 13:44:19', '2026-03-05 13:44:19'),
(2284, 58, '2026-02-12', 'absent', NULL, NULL, NULL, NULL, '2026-03-05 13:44:19', '2026-03-05 13:44:19'),
(2285, 59, '2026-02-12', 'present', '19:32:00', '07:47:00', NULL, NULL, '2026-03-05 13:44:19', '2026-03-05 13:44:19'),
(2286, 60, '2026-02-12', 'present', '18:21:00', '07:51:00', NULL, NULL, '2026-03-05 13:44:19', '2026-03-05 13:44:19'),
(2287, 61, '2026-02-12', 'justifie', '18:52:00', '06:15:00', 'Certificat médical / Autorisation spéciale', 3, '2026-03-05 13:44:19', '2026-03-05 13:44:19'),
(2288, 62, '2026-02-12', 'absent', NULL, NULL, NULL, NULL, '2026-03-05 13:44:19', '2026-03-05 13:44:19'),
(2289, 63, '2026-02-12', 'present', '18:54:00', '07:57:00', NULL, NULL, '2026-03-05 13:44:19', '2026-03-05 13:44:19'),
(2290, 64, '2026-02-12', 'present', '19:31:00', '07:55:00', NULL, NULL, '2026-03-05 13:44:19', '2026-03-05 13:44:19'),
(2291, 65, '2026-02-12', 'present', '22:57:00', '06:36:00', NULL, NULL, '2026-03-05 13:44:19', '2026-03-05 13:44:19'),
(2292, 66, '2026-02-12', 'present', '22:21:00', '08:16:00', NULL, NULL, '2026-03-05 13:44:19', '2026-03-05 13:44:19'),
(2293, 67, '2026-02-12', 'present', '21:36:00', '07:36:00', NULL, NULL, '2026-03-05 13:44:19', '2026-03-05 13:44:19'),
(2294, 68, '2026-02-12', 'present', '20:15:00', '07:56:00', NULL, NULL, '2026-03-05 13:44:19', '2026-03-05 13:44:19'),
(2295, 69, '2026-02-12', 'present', '20:56:00', '06:29:00', NULL, NULL, '2026-03-05 13:44:19', '2026-03-05 13:44:19'),
(2296, 70, '2026-02-12', 'present', '19:39:00', '08:53:00', NULL, NULL, '2026-03-05 13:44:19', '2026-03-05 13:44:19'),
(2297, 71, '2026-02-12', 'present', '18:37:00', '07:34:00', NULL, NULL, '2026-03-05 13:44:19', '2026-03-05 13:44:19'),
(2298, 72, '2026-02-12', 'present', '18:16:00', '07:01:00', NULL, NULL, '2026-03-05 13:44:19', '2026-03-05 13:44:19'),
(2299, 73, '2026-02-12', 'present', '22:11:00', '08:35:00', NULL, NULL, '2026-03-05 13:44:19', '2026-03-05 13:44:19'),
(2300, 74, '2026-02-12', 'absent', NULL, NULL, NULL, NULL, '2026-03-05 13:44:19', '2026-03-05 13:44:19'),
(2301, 75, '2026-02-12', 'present', '18:53:00', '08:17:00', NULL, NULL, '2026-03-05 13:44:19', '2026-03-05 13:44:19'),
(2302, 76, '2026-02-12', 'present', '19:10:00', '08:52:00', NULL, NULL, '2026-03-05 13:44:19', '2026-03-05 13:44:19'),
(2303, 77, '2026-02-12', 'present', '21:59:00', '08:03:00', NULL, NULL, '2026-03-05 13:44:19', '2026-03-05 13:44:19'),
(2304, 78, '2026-02-12', 'present', '19:42:00', '08:36:00', NULL, NULL, '2026-03-05 13:44:19', '2026-03-05 13:44:19'),
(2305, 79, '2026-02-12', 'justifie', '18:22:00', '07:39:00', 'Certificat médical / Autorisation spéciale', 5, '2026-03-05 13:44:19', '2026-03-05 13:44:19'),
(2306, 80, '2026-02-12', 'present', '20:53:00', '08:50:00', NULL, NULL, '2026-03-05 13:44:19', '2026-03-05 13:44:19'),
(2307, 81, '2026-02-12', 'present', '22:06:00', '07:34:00', NULL, NULL, '2026-03-05 13:44:19', '2026-03-05 13:44:19'),
(2308, 82, '2026-02-12', 'present', '21:05:00', '06:13:00', NULL, NULL, '2026-03-05 13:44:19', '2026-03-05 13:44:19'),
(2309, 83, '2026-02-12', 'present', '21:35:00', '08:05:00', NULL, NULL, '2026-03-05 13:44:19', '2026-03-05 13:44:19'),
(2310, 84, '2026-02-12', 'present', '21:57:00', '08:58:00', NULL, NULL, '2026-03-05 13:44:19', '2026-03-05 13:44:19'),
(2311, 85, '2026-02-12', 'present', '19:50:00', '08:37:00', NULL, NULL, '2026-03-05 13:44:19', '2026-03-05 13:44:19'),
(2312, 86, '2026-02-12', 'present', '19:37:00', '07:37:00', NULL, NULL, '2026-03-05 13:44:19', '2026-03-05 13:44:19'),
(2313, 87, '2026-02-12', 'present', '21:13:00', '08:36:00', NULL, NULL, '2026-03-05 13:44:19', '2026-03-05 13:44:19'),
(2314, 88, '2026-02-12', 'present', '18:23:00', '08:36:00', NULL, NULL, '2026-03-05 13:44:19', '2026-03-05 13:44:19'),
(2315, 89, '2026-02-12', 'present', '21:45:00', '08:31:00', NULL, NULL, '2026-03-05 13:44:19', '2026-03-05 13:44:19'),
(2316, 90, '2026-02-12', 'present', '22:18:00', '07:02:00', NULL, NULL, '2026-03-05 13:44:19', '2026-03-05 13:44:19'),
(2317, 91, '2026-02-12', 'present', '22:15:00', '07:18:00', NULL, NULL, '2026-03-05 13:44:19', '2026-03-05 13:44:19'),
(2318, 92, '2026-02-12', 'present', '22:31:00', '06:18:00', NULL, NULL, '2026-03-05 13:44:19', '2026-03-05 13:44:19'),
(2319, 93, '2026-02-12', 'justifie', '20:22:00', '07:47:00', 'Certificat médical / Autorisation spéciale', 3, '2026-03-05 13:44:19', '2026-03-05 13:44:19'),
(2320, 94, '2026-02-12', 'justifie', '21:09:00', '06:51:00', 'Certificat médical / Autorisation spéciale', 2, '2026-03-05 13:44:19', '2026-03-05 13:44:19'),
(2321, 95, '2026-02-12', 'present', '19:52:00', '07:14:00', NULL, NULL, '2026-03-05 13:44:19', '2026-03-05 13:44:19'),
(2322, 96, '2026-02-12', 'present', '21:22:00', '06:08:00', NULL, NULL, '2026-03-05 13:44:19', '2026-03-05 13:44:19'),
(2323, 97, '2026-02-12', 'present', '21:46:00', '06:11:00', NULL, NULL, '2026-03-05 13:44:19', '2026-03-05 13:44:19'),
(2324, 98, '2026-02-12', 'present', '22:20:00', '07:47:00', NULL, NULL, '2026-03-05 13:44:19', '2026-03-05 13:44:19'),
(2325, 99, '2026-02-12', 'present', '21:48:00', '06:51:00', NULL, NULL, '2026-03-05 13:44:19', '2026-03-05 13:44:19'),
(2326, 100, '2026-02-12', 'present', '21:54:00', '06:31:00', NULL, NULL, '2026-03-05 13:44:19', '2026-03-05 13:44:19'),
(2327, 101, '2026-02-12', 'present', '22:18:00', '08:46:00', NULL, NULL, '2026-03-05 13:44:19', '2026-03-05 13:44:19'),
(2328, 102, '2026-02-12', 'present', '19:17:00', '08:42:00', NULL, NULL, '2026-03-05 13:44:19', '2026-03-05 13:44:19'),
(2329, 103, '2026-02-12', 'present', '21:36:00', '07:41:00', NULL, NULL, '2026-03-05 13:44:19', '2026-03-05 13:44:19'),
(2330, 104, '2026-02-12', 'present', '20:35:00', '06:49:00', NULL, NULL, '2026-03-05 13:44:19', '2026-03-05 13:44:19'),
(2331, 105, '2026-02-12', 'present', '19:46:00', '06:13:00', NULL, NULL, '2026-03-05 13:44:19', '2026-03-05 13:44:19'),
(2332, 106, '2026-02-12', 'present', '20:49:00', '07:03:00', NULL, NULL, '2026-03-05 13:44:19', '2026-03-05 13:44:19'),
(2333, 1, '2026-02-11', 'present', '22:15:00', '07:19:00', NULL, NULL, '2026-03-05 13:44:19', '2026-03-05 13:44:19'),
(2334, 2, '2026-02-11', 'present', '20:45:00', '07:20:00', NULL, NULL, '2026-03-05 13:44:19', '2026-03-05 13:44:19'),
(2335, 3, '2026-02-11', 'present', '19:20:00', '06:06:00', NULL, NULL, '2026-03-05 13:44:19', '2026-03-05 13:44:19'),
(2336, 4, '2026-02-11', 'justifie', '20:38:00', '08:52:00', 'Certificat médical / Autorisation spéciale', 6, '2026-03-05 13:44:19', '2026-03-05 13:44:19'),
(2337, 5, '2026-02-11', 'present', '20:48:00', '08:16:00', NULL, NULL, '2026-03-05 13:44:19', '2026-03-05 13:44:19'),
(2338, 6, '2026-02-11', 'present', '19:03:00', '08:32:00', NULL, NULL, '2026-03-05 13:44:19', '2026-03-05 13:44:19'),
(2339, 7, '2026-02-11', 'present', '20:24:00', '08:20:00', NULL, NULL, '2026-03-05 13:44:19', '2026-03-05 13:44:19'),
(2340, 8, '2026-02-11', 'present', '19:25:00', '07:48:00', NULL, NULL, '2026-03-05 13:44:19', '2026-03-05 13:44:19'),
(2341, 9, '2026-02-11', 'present', '19:12:00', '07:03:00', NULL, NULL, '2026-03-05 13:44:19', '2026-03-05 13:44:19'),
(2342, 10, '2026-02-11', 'present', '21:32:00', '08:37:00', NULL, NULL, '2026-03-05 13:44:19', '2026-03-05 13:44:19'),
(2343, 11, '2026-02-11', 'present', '21:01:00', '08:00:00', NULL, NULL, '2026-03-05 13:44:19', '2026-03-05 13:44:19'),
(2344, 12, '2026-02-11', 'justifie', '21:37:00', '08:31:00', 'Certificat médical / Autorisation spéciale', 6, '2026-03-05 13:44:19', '2026-03-05 13:44:19'),
(2345, 13, '2026-02-11', 'present', '20:08:00', '08:14:00', NULL, NULL, '2026-03-05 13:44:19', '2026-03-05 13:44:19'),
(2346, 14, '2026-02-11', 'present', '21:55:00', '06:15:00', NULL, NULL, '2026-03-05 13:44:19', '2026-03-05 13:44:19'),
(2347, 15, '2026-02-11', 'present', '19:17:00', '08:25:00', NULL, NULL, '2026-03-05 13:44:19', '2026-03-05 13:44:19'),
(2348, 16, '2026-02-11', 'present', '18:37:00', '06:31:00', NULL, NULL, '2026-03-05 13:44:19', '2026-03-05 13:44:19'),
(2349, 17, '2026-02-11', 'present', '20:01:00', '06:07:00', NULL, NULL, '2026-03-05 13:44:19', '2026-03-05 13:44:19'),
(2350, 18, '2026-02-11', 'present', '19:09:00', '06:34:00', NULL, NULL, '2026-03-05 13:44:19', '2026-03-05 13:44:19'),
(2351, 19, '2026-02-11', 'present', '20:47:00', '08:00:00', NULL, NULL, '2026-03-05 13:44:19', '2026-03-05 13:44:19'),
(2352, 20, '2026-02-11', 'present', '22:46:00', '08:42:00', NULL, NULL, '2026-03-05 13:44:19', '2026-03-05 13:44:19'),
(2353, 21, '2026-02-11', 'present', '20:46:00', '07:43:00', NULL, NULL, '2026-03-05 13:44:19', '2026-03-05 13:44:19'),
(2354, 22, '2026-02-11', 'present', '18:27:00', '06:08:00', NULL, NULL, '2026-03-05 13:44:19', '2026-03-05 13:44:19'),
(2355, 23, '2026-02-11', 'present', '20:15:00', '07:12:00', NULL, NULL, '2026-03-05 13:44:19', '2026-03-05 13:44:19'),
(2356, 24, '2026-02-11', 'present', '19:23:00', '06:42:00', NULL, NULL, '2026-03-05 13:44:19', '2026-03-05 13:44:19'),
(2357, 25, '2026-02-11', 'present', '22:53:00', '08:20:00', NULL, NULL, '2026-03-05 13:44:19', '2026-03-05 13:44:19'),
(2358, 26, '2026-02-11', 'present', '19:12:00', '08:08:00', NULL, NULL, '2026-03-05 13:44:19', '2026-03-05 13:44:19'),
(2359, 27, '2026-02-11', 'exclu', NULL, NULL, NULL, NULL, '2026-03-05 13:44:19', '2026-03-05 13:44:19'),
(2360, 28, '2026-02-11', 'absent', NULL, NULL, NULL, NULL, '2026-03-05 13:44:19', '2026-03-05 13:44:19'),
(2361, 29, '2026-02-11', 'present', '20:38:00', '07:34:00', NULL, NULL, '2026-03-05 13:44:19', '2026-03-05 13:44:19'),
(2362, 30, '2026-02-11', 'present', '19:40:00', '06:14:00', NULL, NULL, '2026-03-05 13:44:19', '2026-03-05 13:44:19'),
(2363, 31, '2026-02-11', 'justifie', '20:45:00', '07:40:00', 'Certificat médical / Autorisation spéciale', 6, '2026-03-05 13:44:19', '2026-03-05 13:44:19'),
(2364, 32, '2026-02-11', 'present', '20:47:00', '07:30:00', NULL, NULL, '2026-03-05 13:44:19', '2026-03-05 13:44:19'),
(2365, 33, '2026-02-11', 'present', '20:42:00', '08:44:00', NULL, NULL, '2026-03-05 13:44:19', '2026-03-05 13:44:19'),
(2366, 34, '2026-02-11', 'present', '19:10:00', '07:27:00', NULL, NULL, '2026-03-05 13:44:19', '2026-03-05 13:44:19'),
(2367, 35, '2026-02-11', 'present', '19:08:00', '07:28:00', NULL, NULL, '2026-03-05 13:44:19', '2026-03-05 13:44:19'),
(2368, 36, '2026-02-11', 'absent', NULL, NULL, NULL, NULL, '2026-03-05 13:44:19', '2026-03-05 13:44:19'),
(2369, 37, '2026-02-11', 'present', '20:20:00', '08:40:00', NULL, NULL, '2026-03-05 13:44:19', '2026-03-05 13:44:19'),
(2370, 38, '2026-02-11', 'present', '19:08:00', '08:54:00', NULL, NULL, '2026-03-05 13:44:19', '2026-03-05 13:44:19'),
(2371, 39, '2026-02-11', 'present', '19:06:00', '06:42:00', NULL, NULL, '2026-03-05 13:44:19', '2026-03-05 13:44:19'),
(2372, 40, '2026-02-11', 'present', '20:22:00', '07:16:00', NULL, NULL, '2026-03-05 13:44:19', '2026-03-05 13:44:19'),
(2373, 41, '2026-02-11', 'present', '18:04:00', '08:54:00', NULL, NULL, '2026-03-05 13:44:19', '2026-03-05 13:44:19'),
(2374, 42, '2026-02-11', 'exclu', NULL, NULL, NULL, NULL, '2026-03-05 13:44:19', '2026-03-05 13:44:19'),
(2375, 43, '2026-02-11', 'present', '21:20:00', '07:03:00', NULL, NULL, '2026-03-05 13:44:19', '2026-03-05 13:44:19'),
(2376, 44, '2026-02-11', 'present', '19:35:00', '07:10:00', NULL, NULL, '2026-03-05 13:44:19', '2026-03-05 13:44:19'),
(2377, 45, '2026-02-11', 'present', '20:00:00', '08:46:00', NULL, NULL, '2026-03-05 13:44:19', '2026-03-05 13:44:19'),
(2378, 46, '2026-02-11', 'present', '18:52:00', '08:56:00', NULL, NULL, '2026-03-05 13:44:19', '2026-03-05 13:44:19'),
(2379, 47, '2026-02-11', 'present', '18:39:00', '07:38:00', NULL, NULL, '2026-03-05 13:44:19', '2026-03-05 13:44:19'),
(2380, 48, '2026-02-11', 'justifie', '21:42:00', '08:11:00', 'Certificat médical / Autorisation spéciale', 4, '2026-03-05 13:44:19', '2026-03-05 13:44:19'),
(2381, 49, '2026-02-11', 'present', '22:20:00', '07:50:00', NULL, NULL, '2026-03-05 13:44:19', '2026-03-05 13:44:19'),
(2382, 50, '2026-02-11', 'justifie', '19:47:00', '06:41:00', 'Certificat médical / Autorisation spéciale', 6, '2026-03-05 13:44:19', '2026-03-05 13:44:19'),
(2383, 51, '2026-02-11', 'present', '19:22:00', '06:11:00', NULL, NULL, '2026-03-05 13:44:19', '2026-03-05 13:44:19'),
(2384, 52, '2026-02-11', 'justifie', '21:20:00', '07:23:00', 'Certificat médical / Autorisation spéciale', 2, '2026-03-05 13:44:19', '2026-03-05 13:44:19'),
(2385, 53, '2026-02-11', 'present', '21:42:00', '08:48:00', NULL, NULL, '2026-03-05 13:44:19', '2026-03-05 13:44:19'),
(2386, 54, '2026-02-11', 'present', '19:29:00', '06:28:00', NULL, NULL, '2026-03-05 13:44:19', '2026-03-05 13:44:19'),
(2387, 55, '2026-02-11', 'absent', NULL, NULL, NULL, NULL, '2026-03-05 13:44:19', '2026-03-05 13:44:19'),
(2388, 56, '2026-02-11', 'present', '19:38:00', '07:17:00', NULL, NULL, '2026-03-05 13:44:19', '2026-03-05 13:44:19'),
(2389, 57, '2026-02-11', 'present', '18:18:00', '07:31:00', NULL, NULL, '2026-03-05 13:44:19', '2026-03-05 13:44:19'),
(2390, 58, '2026-02-11', 'present', '20:27:00', '06:44:00', NULL, NULL, '2026-03-05 13:44:19', '2026-03-05 13:44:19'),
(2391, 59, '2026-02-11', 'present', '22:34:00', '06:46:00', NULL, NULL, '2026-03-05 13:44:19', '2026-03-05 13:44:19'),
(2392, 60, '2026-02-11', 'present', '21:27:00', '07:38:00', NULL, NULL, '2026-03-05 13:44:19', '2026-03-05 13:44:19'),
(2393, 61, '2026-02-11', 'present', '20:10:00', '06:05:00', NULL, NULL, '2026-03-05 13:44:19', '2026-03-05 13:44:19'),
(2394, 62, '2026-02-11', 'present', '19:50:00', '08:38:00', NULL, NULL, '2026-03-05 13:44:19', '2026-03-05 13:44:19'),
(2395, 63, '2026-02-11', 'present', '19:01:00', '08:23:00', NULL, NULL, '2026-03-05 13:44:19', '2026-03-05 13:44:19'),
(2396, 64, '2026-02-11', 'present', '21:17:00', '07:29:00', NULL, NULL, '2026-03-05 13:44:19', '2026-03-05 13:44:19'),
(2397, 65, '2026-02-11', 'present', '22:09:00', '06:21:00', NULL, NULL, '2026-03-05 13:44:19', '2026-03-05 13:44:19'),
(2398, 66, '2026-02-11', 'present', '20:14:00', '06:01:00', NULL, NULL, '2026-03-05 13:44:19', '2026-03-05 13:44:19'),
(2399, 67, '2026-02-11', 'present', '21:45:00', '07:44:00', NULL, NULL, '2026-03-05 13:44:19', '2026-03-05 13:44:19'),
(2400, 68, '2026-02-11', 'present', '22:55:00', '08:49:00', NULL, NULL, '2026-03-05 13:44:19', '2026-03-05 13:44:19'),
(2401, 69, '2026-02-11', 'present', '22:59:00', '08:22:00', NULL, NULL, '2026-03-05 13:44:19', '2026-03-05 13:44:19'),
(2402, 70, '2026-02-11', 'present', '21:24:00', '07:06:00', NULL, NULL, '2026-03-05 13:44:19', '2026-03-05 13:44:19'),
(2403, 71, '2026-02-11', 'present', '22:50:00', '07:38:00', NULL, NULL, '2026-03-05 13:44:19', '2026-03-05 13:44:19'),
(2404, 72, '2026-02-11', 'absent', NULL, NULL, NULL, NULL, '2026-03-05 13:44:19', '2026-03-05 13:44:19'),
(2405, 73, '2026-02-11', 'exclu', NULL, NULL, NULL, NULL, '2026-03-05 13:44:19', '2026-03-05 13:44:19'),
(2406, 74, '2026-02-11', 'present', '18:10:00', '06:20:00', NULL, NULL, '2026-03-05 13:44:19', '2026-03-05 13:44:19'),
(2407, 75, '2026-02-11', 'exclu', NULL, NULL, NULL, NULL, '2026-03-05 13:44:19', '2026-03-05 13:44:19'),
(2408, 76, '2026-02-11', 'present', '22:34:00', '07:30:00', NULL, NULL, '2026-03-05 13:44:19', '2026-03-05 13:44:19'),
(2409, 77, '2026-02-11', 'present', '19:25:00', '07:18:00', NULL, NULL, '2026-03-05 13:44:19', '2026-03-05 13:44:19'),
(2410, 78, '2026-02-11', 'present', '20:22:00', '06:27:00', NULL, NULL, '2026-03-05 13:44:19', '2026-03-05 13:44:19'),
(2411, 79, '2026-02-11', 'present', '20:55:00', '06:31:00', NULL, NULL, '2026-03-05 13:44:19', '2026-03-05 13:44:19'),
(2412, 80, '2026-02-11', 'present', '19:18:00', '07:07:00', NULL, NULL, '2026-03-05 13:44:19', '2026-03-05 13:44:19'),
(2413, 81, '2026-02-11', 'exclu', NULL, NULL, NULL, NULL, '2026-03-05 13:44:19', '2026-03-05 13:44:19'),
(2414, 82, '2026-02-11', 'present', '20:32:00', '07:25:00', NULL, NULL, '2026-03-05 13:44:19', '2026-03-05 13:44:19'),
(2415, 83, '2026-02-11', 'present', '20:39:00', '06:56:00', NULL, NULL, '2026-03-05 13:44:19', '2026-03-05 13:44:19'),
(2416, 84, '2026-02-11', 'present', '18:05:00', '08:44:00', NULL, NULL, '2026-03-05 13:44:19', '2026-03-05 13:44:19'),
(2417, 85, '2026-02-11', 'present', '18:55:00', '07:59:00', NULL, NULL, '2026-03-05 13:44:19', '2026-03-05 13:44:19'),
(2418, 86, '2026-02-11', 'absent', NULL, NULL, NULL, NULL, '2026-03-05 13:44:19', '2026-03-05 13:44:19'),
(2419, 87, '2026-02-11', 'present', '22:52:00', '08:02:00', NULL, NULL, '2026-03-05 13:44:19', '2026-03-05 13:44:19'),
(2420, 88, '2026-02-11', 'present', '21:23:00', '08:14:00', NULL, NULL, '2026-03-05 13:44:19', '2026-03-05 13:44:19'),
(2421, 89, '2026-02-11', 'present', '19:11:00', '06:44:00', NULL, NULL, '2026-03-05 13:44:19', '2026-03-05 13:44:19'),
(2422, 90, '2026-02-11', 'absent', NULL, NULL, NULL, NULL, '2026-03-05 13:44:19', '2026-03-05 13:44:19'),
(2423, 91, '2026-02-11', 'present', '19:51:00', '07:42:00', NULL, NULL, '2026-03-05 13:44:19', '2026-03-05 13:44:19'),
(2424, 92, '2026-02-11', 'absent', NULL, NULL, NULL, NULL, '2026-03-05 13:44:19', '2026-03-05 13:44:19'),
(2425, 93, '2026-02-11', 'present', '21:12:00', '06:27:00', NULL, NULL, '2026-03-05 13:44:19', '2026-03-05 13:44:19'),
(2426, 94, '2026-02-11', 'present', '21:11:00', '06:00:00', NULL, NULL, '2026-03-05 13:44:19', '2026-03-05 13:44:19'),
(2427, 95, '2026-02-11', 'justifie', '19:04:00', '08:45:00', 'Certificat médical / Autorisation spéciale', 6, '2026-03-05 13:44:19', '2026-03-05 13:44:19'),
(2428, 96, '2026-02-11', 'present', '22:10:00', '08:32:00', NULL, NULL, '2026-03-05 13:44:19', '2026-03-05 13:44:19'),
(2429, 97, '2026-02-11', 'present', '21:47:00', '07:41:00', NULL, NULL, '2026-03-05 13:44:19', '2026-03-05 13:44:19'),
(2430, 98, '2026-02-11', 'present', '22:51:00', '06:00:00', NULL, NULL, '2026-03-05 13:44:19', '2026-03-05 13:44:19'),
(2431, 99, '2026-02-11', 'present', '19:11:00', '06:41:00', NULL, NULL, '2026-03-05 13:44:19', '2026-03-05 13:44:19'),
(2432, 100, '2026-02-11', 'present', '19:07:00', '08:06:00', NULL, NULL, '2026-03-05 13:44:19', '2026-03-05 13:44:19'),
(2433, 101, '2026-02-11', 'present', '20:42:00', '08:53:00', NULL, NULL, '2026-03-05 13:44:19', '2026-03-05 13:44:19'),
(2434, 102, '2026-02-11', 'present', '21:36:00', '08:00:00', NULL, NULL, '2026-03-05 13:44:19', '2026-03-05 13:44:19'),
(2435, 103, '2026-02-11', 'present', '21:35:00', '08:40:00', NULL, NULL, '2026-03-05 13:44:19', '2026-03-05 13:44:19'),
(2436, 104, '2026-02-11', 'exclu', NULL, NULL, NULL, NULL, '2026-03-05 13:44:19', '2026-03-05 13:44:19'),
(2437, 105, '2026-02-11', 'present', '21:18:00', '08:35:00', NULL, NULL, '2026-03-05 13:44:19', '2026-03-05 13:44:19'),
(2438, 106, '2026-02-11', 'present', '21:26:00', '07:35:00', NULL, NULL, '2026-03-05 13:44:19', '2026-03-05 13:44:19'),
(2439, 1, '2026-02-10', 'present', '18:56:00', '08:15:00', NULL, NULL, '2026-03-05 13:44:19', '2026-03-05 13:44:19'),
(2440, 2, '2026-02-10', 'present', '18:43:00', '07:01:00', NULL, NULL, '2026-03-05 13:44:19', '2026-03-05 13:44:19'),
(2441, 3, '2026-02-10', 'present', '20:17:00', '08:59:00', NULL, NULL, '2026-03-05 13:44:19', '2026-03-05 13:44:19'),
(2442, 4, '2026-02-10', 'present', '18:38:00', '07:06:00', NULL, NULL, '2026-03-05 13:44:19', '2026-03-05 13:44:19'),
(2443, 5, '2026-02-10', 'justifie', '22:21:00', '08:03:00', 'Certificat médical / Autorisation spéciale', 2, '2026-03-05 13:44:19', '2026-03-05 13:44:19'),
(2444, 6, '2026-02-10', 'present', '21:08:00', '07:04:00', NULL, NULL, '2026-03-05 13:44:19', '2026-03-05 13:44:19'),
(2445, 7, '2026-02-10', 'absent', NULL, NULL, NULL, NULL, '2026-03-05 13:44:19', '2026-03-05 13:44:19'),
(2446, 8, '2026-02-10', 'present', '21:03:00', '07:36:00', NULL, NULL, '2026-03-05 13:44:19', '2026-03-05 13:44:19'),
(2447, 9, '2026-02-10', 'present', '18:10:00', '07:31:00', NULL, NULL, '2026-03-05 13:44:19', '2026-03-05 13:44:19'),
(2448, 10, '2026-02-10', 'present', '22:07:00', '08:58:00', NULL, NULL, '2026-03-05 13:44:19', '2026-03-05 13:44:19'),
(2449, 11, '2026-02-10', 'exclu', NULL, NULL, NULL, NULL, '2026-03-05 13:44:19', '2026-03-05 13:44:19'),
(2450, 12, '2026-02-10', 'present', '18:55:00', '06:26:00', NULL, NULL, '2026-03-05 13:44:19', '2026-03-05 13:44:19'),
(2451, 13, '2026-02-10', 'present', '22:01:00', '07:03:00', NULL, NULL, '2026-03-05 13:44:19', '2026-03-05 13:44:19'),
(2452, 14, '2026-02-10', 'present', '20:34:00', '06:41:00', NULL, NULL, '2026-03-05 13:44:19', '2026-03-05 13:44:19'),
(2453, 15, '2026-02-10', 'present', '18:17:00', '08:12:00', NULL, NULL, '2026-03-05 13:44:19', '2026-03-05 13:44:19'),
(2454, 16, '2026-02-10', 'present', '20:31:00', '07:30:00', NULL, NULL, '2026-03-05 13:44:19', '2026-03-05 13:44:19'),
(2455, 17, '2026-02-10', 'present', '20:01:00', '06:31:00', NULL, NULL, '2026-03-05 13:44:19', '2026-03-05 13:44:19'),
(2456, 18, '2026-02-10', 'present', '22:23:00', '08:03:00', NULL, NULL, '2026-03-05 13:44:19', '2026-03-05 13:44:19'),
(2457, 19, '2026-02-10', 'justifie', '22:04:00', '06:52:00', 'Certificat médical / Autorisation spéciale', 4, '2026-03-05 13:44:19', '2026-03-05 13:44:19'),
(2458, 20, '2026-02-10', 'present', '18:04:00', '06:49:00', NULL, NULL, '2026-03-05 13:44:19', '2026-03-05 13:44:19'),
(2459, 21, '2026-02-10', 'present', '19:23:00', '06:19:00', NULL, NULL, '2026-03-05 13:44:19', '2026-03-05 13:44:19'),
(2460, 22, '2026-02-10', 'exclu', NULL, NULL, NULL, NULL, '2026-03-05 13:44:19', '2026-03-05 13:44:19'),
(2461, 23, '2026-02-10', 'present', '18:18:00', '08:33:00', NULL, NULL, '2026-03-05 13:44:19', '2026-03-05 13:44:19'),
(2462, 24, '2026-02-10', 'present', '21:51:00', '07:03:00', NULL, NULL, '2026-03-05 13:44:19', '2026-03-05 13:44:19'),
(2463, 25, '2026-02-10', 'present', '22:34:00', '07:26:00', NULL, NULL, '2026-03-05 13:44:19', '2026-03-05 13:44:19'),
(2464, 26, '2026-02-10', 'present', '20:40:00', '06:14:00', NULL, NULL, '2026-03-05 13:44:19', '2026-03-05 13:44:19'),
(2465, 27, '2026-02-10', 'present', '20:15:00', '08:04:00', NULL, NULL, '2026-03-05 13:44:19', '2026-03-05 13:44:19'),
(2466, 28, '2026-02-10', 'present', '21:44:00', '06:01:00', NULL, NULL, '2026-03-05 13:44:19', '2026-03-05 13:44:19'),
(2467, 29, '2026-02-10', 'justifie', '22:46:00', '07:42:00', 'Certificat médical / Autorisation spéciale', 6, '2026-03-05 13:44:19', '2026-03-05 13:44:19'),
(2468, 30, '2026-02-10', 'present', '20:51:00', '07:59:00', NULL, NULL, '2026-03-05 13:44:19', '2026-03-05 13:44:19'),
(2469, 31, '2026-02-10', 'present', '22:09:00', '07:59:00', NULL, NULL, '2026-03-05 13:44:19', '2026-03-05 13:44:19'),
(2470, 32, '2026-02-10', 'present', '21:27:00', '08:15:00', NULL, NULL, '2026-03-05 13:44:19', '2026-03-05 13:44:19'),
(2471, 33, '2026-02-10', 'present', '19:21:00', '07:29:00', NULL, NULL, '2026-03-05 13:44:19', '2026-03-05 13:44:19'),
(2472, 34, '2026-02-10', 'present', '20:04:00', '06:38:00', NULL, NULL, '2026-03-05 13:44:19', '2026-03-05 13:44:19'),
(2473, 35, '2026-02-10', 'present', '18:17:00', '08:44:00', NULL, NULL, '2026-03-05 13:44:19', '2026-03-05 13:44:19'),
(2474, 36, '2026-02-10', 'present', '19:44:00', '08:57:00', NULL, NULL, '2026-03-05 13:44:19', '2026-03-05 13:44:19'),
(2475, 37, '2026-02-10', 'present', '20:12:00', '06:54:00', NULL, NULL, '2026-03-05 13:44:19', '2026-03-05 13:44:19'),
(2476, 38, '2026-02-10', 'justifie', '21:32:00', '07:22:00', 'Certificat médical / Autorisation spéciale', 3, '2026-03-05 13:44:19', '2026-03-05 13:44:19'),
(2477, 39, '2026-02-10', 'present', '19:49:00', '08:54:00', NULL, NULL, '2026-03-05 13:44:19', '2026-03-05 13:44:19'),
(2478, 40, '2026-02-10', 'present', '22:02:00', '06:05:00', NULL, NULL, '2026-03-05 13:44:19', '2026-03-05 13:44:19'),
(2479, 41, '2026-02-10', 'present', '19:28:00', '08:01:00', NULL, NULL, '2026-03-05 13:44:19', '2026-03-05 13:44:19'),
(2480, 42, '2026-02-10', 'present', '18:28:00', '07:57:00', NULL, NULL, '2026-03-05 13:44:19', '2026-03-05 13:44:19'),
(2481, 43, '2026-02-10', 'present', '18:52:00', '06:28:00', NULL, NULL, '2026-03-05 13:44:19', '2026-03-05 13:44:19'),
(2482, 44, '2026-02-10', 'present', '19:40:00', '08:41:00', NULL, NULL, '2026-03-05 13:44:19', '2026-03-05 13:44:19'),
(2483, 45, '2026-02-10', 'absent', NULL, NULL, NULL, NULL, '2026-03-05 13:44:19', '2026-03-05 13:44:19'),
(2484, 46, '2026-02-10', 'present', '22:08:00', '08:14:00', NULL, NULL, '2026-03-05 13:44:19', '2026-03-05 13:44:19'),
(2485, 47, '2026-02-10', 'present', '20:47:00', '06:59:00', NULL, NULL, '2026-03-05 13:44:19', '2026-03-05 13:44:19'),
(2486, 48, '2026-02-10', 'present', '22:49:00', '07:17:00', NULL, NULL, '2026-03-05 13:44:19', '2026-03-05 13:44:19'),
(2487, 49, '2026-02-10', 'justifie', '22:54:00', '06:42:00', 'Certificat médical / Autorisation spéciale', 4, '2026-03-05 13:44:19', '2026-03-05 13:44:19'),
(2488, 50, '2026-02-10', 'exclu', NULL, NULL, NULL, NULL, '2026-03-05 13:44:19', '2026-03-05 13:44:19'),
(2489, 51, '2026-02-10', 'exclu', NULL, NULL, NULL, NULL, '2026-03-05 13:44:19', '2026-03-05 13:44:19'),
(2490, 52, '2026-02-10', 'present', '20:58:00', '06:53:00', NULL, NULL, '2026-03-05 13:44:19', '2026-03-05 13:44:19'),
(2491, 53, '2026-02-10', 'present', '22:55:00', '08:27:00', NULL, NULL, '2026-03-05 13:44:19', '2026-03-05 13:44:19'),
(2492, 54, '2026-02-10', 'present', '19:20:00', '08:42:00', NULL, NULL, '2026-03-05 13:44:19', '2026-03-05 13:44:19'),
(2493, 55, '2026-02-10', 'present', '21:28:00', '06:03:00', NULL, NULL, '2026-03-05 13:44:19', '2026-03-05 13:44:19'),
(2494, 56, '2026-02-10', 'present', '21:00:00', '06:03:00', NULL, NULL, '2026-03-05 13:44:19', '2026-03-05 13:44:19'),
(2495, 57, '2026-02-10', 'present', '21:19:00', '07:11:00', NULL, NULL, '2026-03-05 13:44:19', '2026-03-05 13:44:19'),
(2496, 58, '2026-02-10', 'present', '22:25:00', '07:35:00', NULL, NULL, '2026-03-05 13:44:19', '2026-03-05 13:44:19'),
(2497, 59, '2026-02-10', 'present', '19:00:00', '06:52:00', NULL, NULL, '2026-03-05 13:44:19', '2026-03-05 13:44:19'),
(2498, 60, '2026-02-10', 'present', '22:49:00', '07:05:00', NULL, NULL, '2026-03-05 13:44:19', '2026-03-05 13:44:19'),
(2499, 61, '2026-02-10', 'present', '22:13:00', '06:32:00', NULL, NULL, '2026-03-05 13:44:19', '2026-03-05 13:44:19'),
(2500, 62, '2026-02-10', 'present', '22:07:00', '06:14:00', NULL, NULL, '2026-03-05 13:44:19', '2026-03-05 13:44:19'),
(2501, 63, '2026-02-10', 'present', '18:23:00', '07:20:00', NULL, NULL, '2026-03-05 13:44:19', '2026-03-05 13:44:19'),
(2502, 64, '2026-02-10', 'present', '21:54:00', '08:12:00', NULL, NULL, '2026-03-05 13:44:19', '2026-03-05 13:44:19'),
(2503, 65, '2026-02-10', 'present', '20:52:00', '06:47:00', NULL, NULL, '2026-03-05 13:44:19', '2026-03-05 13:44:19'),
(2504, 66, '2026-02-10', 'present', '19:14:00', '06:22:00', NULL, NULL, '2026-03-05 13:44:19', '2026-03-05 13:44:19'),
(2505, 67, '2026-02-10', 'present', '18:05:00', '06:25:00', NULL, NULL, '2026-03-05 13:44:19', '2026-03-05 13:44:19'),
(2506, 68, '2026-02-10', 'absent', NULL, NULL, NULL, NULL, '2026-03-05 13:44:19', '2026-03-05 13:44:19'),
(2507, 69, '2026-02-10', 'present', '21:52:00', '06:18:00', NULL, NULL, '2026-03-05 13:44:19', '2026-03-05 13:44:19'),
(2508, 70, '2026-02-10', 'present', '21:09:00', '08:33:00', NULL, NULL, '2026-03-05 13:44:19', '2026-03-05 13:44:19'),
(2509, 71, '2026-02-10', 'present', '19:34:00', '08:25:00', NULL, NULL, '2026-03-05 13:44:19', '2026-03-05 13:44:19'),
(2510, 72, '2026-02-10', 'present', '21:12:00', '08:01:00', NULL, NULL, '2026-03-05 13:44:19', '2026-03-05 13:44:19'),
(2511, 73, '2026-02-10', 'present', '22:54:00', '08:44:00', NULL, NULL, '2026-03-05 13:44:19', '2026-03-05 13:44:19'),
(2512, 74, '2026-02-10', 'present', '20:19:00', '08:41:00', NULL, NULL, '2026-03-05 13:44:19', '2026-03-05 13:44:19'),
(2513, 75, '2026-02-10', 'absent', NULL, NULL, NULL, NULL, '2026-03-05 13:44:19', '2026-03-05 13:44:19'),
(2514, 76, '2026-02-10', 'absent', NULL, NULL, NULL, NULL, '2026-03-05 13:44:19', '2026-03-05 13:44:19'),
(2515, 77, '2026-02-10', 'exclu', NULL, NULL, NULL, NULL, '2026-03-05 13:44:19', '2026-03-05 13:44:19'),
(2516, 78, '2026-02-10', 'justifie', '18:29:00', '07:59:00', 'Certificat médical / Autorisation spéciale', 4, '2026-03-05 13:44:19', '2026-03-05 13:44:19'),
(2517, 79, '2026-02-10', 'present', '22:08:00', '06:39:00', NULL, NULL, '2026-03-05 13:44:19', '2026-03-05 13:44:19'),
(2518, 80, '2026-02-10', 'present', '19:45:00', '08:27:00', NULL, NULL, '2026-03-05 13:44:19', '2026-03-05 13:44:19'),
(2519, 81, '2026-02-10', 'present', '20:48:00', '07:03:00', NULL, NULL, '2026-03-05 13:44:19', '2026-03-05 13:44:19'),
(2520, 82, '2026-02-10', 'present', '19:02:00', '06:48:00', NULL, NULL, '2026-03-05 13:44:19', '2026-03-05 13:44:19'),
(2521, 83, '2026-02-10', 'present', '19:38:00', '07:08:00', NULL, NULL, '2026-03-05 13:44:19', '2026-03-05 13:44:19'),
(2522, 84, '2026-02-10', 'present', '18:47:00', '08:52:00', NULL, NULL, '2026-03-05 13:44:19', '2026-03-05 13:44:19'),
(2523, 85, '2026-02-10', 'exclu', NULL, NULL, NULL, NULL, '2026-03-05 13:44:19', '2026-03-05 13:44:19'),
(2524, 86, '2026-02-10', 'present', '19:33:00', '07:16:00', NULL, NULL, '2026-03-05 13:44:19', '2026-03-05 13:44:19'),
(2525, 87, '2026-02-10', 'present', '21:34:00', '07:44:00', NULL, NULL, '2026-03-05 13:44:19', '2026-03-05 13:44:19'),
(2526, 88, '2026-02-10', 'present', '21:22:00', '07:16:00', NULL, NULL, '2026-03-05 13:44:19', '2026-03-05 13:44:19'),
(2527, 89, '2026-02-10', 'present', '18:40:00', '06:28:00', NULL, NULL, '2026-03-05 13:44:19', '2026-03-05 13:44:19'),
(2528, 90, '2026-02-10', 'present', '18:17:00', '06:16:00', NULL, NULL, '2026-03-05 13:44:19', '2026-03-05 13:44:19'),
(2529, 91, '2026-02-10', 'present', '21:10:00', '06:41:00', NULL, NULL, '2026-03-05 13:44:19', '2026-03-05 13:44:19'),
(2530, 92, '2026-02-10', 'present', '18:11:00', '08:20:00', NULL, NULL, '2026-03-05 13:44:19', '2026-03-05 13:44:19'),
(2531, 93, '2026-02-10', 'absent', NULL, NULL, NULL, NULL, '2026-03-05 13:44:19', '2026-03-05 13:44:19'),
(2532, 94, '2026-02-10', 'present', '21:14:00', '07:02:00', NULL, NULL, '2026-03-05 13:44:19', '2026-03-05 13:44:19'),
(2533, 95, '2026-02-10', 'absent', NULL, NULL, NULL, NULL, '2026-03-05 13:44:19', '2026-03-05 13:44:19'),
(2534, 96, '2026-02-10', 'present', '18:33:00', '06:47:00', NULL, NULL, '2026-03-05 13:44:19', '2026-03-05 13:44:19'),
(2535, 97, '2026-02-10', 'exclu', NULL, NULL, NULL, NULL, '2026-03-05 13:44:19', '2026-03-05 13:44:19'),
(2536, 98, '2026-02-10', 'present', '19:24:00', '08:45:00', NULL, NULL, '2026-03-05 13:44:19', '2026-03-05 13:44:19'),
(2537, 99, '2026-02-10', 'present', '20:57:00', '08:06:00', NULL, NULL, '2026-03-05 13:44:19', '2026-03-05 13:44:19'),
(2538, 100, '2026-02-10', 'absent', NULL, NULL, NULL, NULL, '2026-03-05 13:44:19', '2026-03-05 13:44:19'),
(2539, 101, '2026-02-10', 'present', '21:20:00', '08:36:00', NULL, NULL, '2026-03-05 13:44:19', '2026-03-05 13:44:19'),
(2540, 102, '2026-02-10', 'absent', NULL, NULL, NULL, NULL, '2026-03-05 13:44:19', '2026-03-05 13:44:19'),
(2541, 103, '2026-02-10', 'absent', NULL, NULL, NULL, NULL, '2026-03-05 13:44:19', '2026-03-05 13:44:19'),
(2542, 104, '2026-02-10', 'present', '22:35:00', '07:05:00', NULL, NULL, '2026-03-05 13:44:19', '2026-03-05 13:44:19'),
(2543, 105, '2026-02-10', 'present', '22:49:00', '08:47:00', NULL, NULL, '2026-03-05 13:44:19', '2026-03-05 13:44:19'),
(2544, 106, '2026-02-10', 'present', '18:37:00', '08:05:00', NULL, NULL, '2026-03-05 13:44:19', '2026-03-05 13:44:19'),
(2545, 1, '2026-02-09', 'justifie', '22:27:00', '06:41:00', 'Certificat médical / Autorisation spéciale', 6, '2026-03-05 13:44:19', '2026-03-05 13:44:19'),
(2546, 2, '2026-02-09', 'present', '20:47:00', '07:17:00', NULL, NULL, '2026-03-05 13:44:19', '2026-03-05 13:44:19'),
(2547, 3, '2026-02-09', 'present', '20:10:00', '07:39:00', NULL, NULL, '2026-03-05 13:44:19', '2026-03-05 13:44:19'),
(2548, 4, '2026-02-09', 'present', '21:09:00', '08:41:00', NULL, NULL, '2026-03-05 13:44:19', '2026-03-05 13:44:19'),
(2549, 5, '2026-02-09', 'present', '21:27:00', '07:03:00', NULL, NULL, '2026-03-05 13:44:19', '2026-03-05 13:44:19'),
(2550, 6, '2026-02-09', 'present', '20:19:00', '06:10:00', NULL, NULL, '2026-03-05 13:44:19', '2026-03-05 13:44:19'),
(2551, 7, '2026-02-09', 'present', '19:10:00', '07:07:00', NULL, NULL, '2026-03-05 13:44:19', '2026-03-05 13:44:19');
INSERT INTO `presences` (`id`, `etudiant_id`, `date`, `statut`, `heure_entree`, `heure_sortie`, `justification`, `valide_par`, `created_at`, `updated_at`) VALUES
(2552, 8, '2026-02-09', 'present', '18:48:00', '08:00:00', NULL, NULL, '2026-03-05 13:44:19', '2026-03-05 13:44:19'),
(2553, 9, '2026-02-09', 'present', '19:36:00', '08:23:00', NULL, NULL, '2026-03-05 13:44:19', '2026-03-05 13:44:19'),
(2554, 10, '2026-02-09', 'absent', NULL, NULL, NULL, NULL, '2026-03-05 13:44:19', '2026-03-05 13:44:19'),
(2555, 11, '2026-02-09', 'present', '18:15:00', '08:22:00', NULL, NULL, '2026-03-05 13:44:19', '2026-03-05 13:44:19'),
(2556, 12, '2026-02-09', 'justifie', '20:57:00', '06:38:00', 'Certificat médical / Autorisation spéciale', 6, '2026-03-05 13:44:19', '2026-03-05 13:44:19'),
(2557, 13, '2026-02-09', 'present', '20:56:00', '08:07:00', NULL, NULL, '2026-03-05 13:44:19', '2026-03-05 13:44:19'),
(2558, 14, '2026-02-09', 'present', '21:34:00', '08:18:00', NULL, NULL, '2026-03-05 13:44:19', '2026-03-05 13:44:19'),
(2559, 15, '2026-02-09', 'present', '20:01:00', '06:35:00', NULL, NULL, '2026-03-05 13:44:19', '2026-03-05 13:44:19'),
(2560, 16, '2026-02-09', 'present', '19:45:00', '06:56:00', NULL, NULL, '2026-03-05 13:44:19', '2026-03-05 13:44:19'),
(2561, 17, '2026-02-09', 'present', '22:12:00', '06:42:00', NULL, NULL, '2026-03-05 13:44:19', '2026-03-05 13:44:19'),
(2562, 18, '2026-02-09', 'present', '20:26:00', '08:15:00', NULL, NULL, '2026-03-05 13:44:19', '2026-03-05 13:44:19'),
(2563, 19, '2026-02-09', 'justifie', '20:42:00', '07:49:00', 'Certificat médical / Autorisation spéciale', 2, '2026-03-05 13:44:19', '2026-03-05 13:44:19'),
(2564, 20, '2026-02-09', 'present', '19:18:00', '06:48:00', NULL, NULL, '2026-03-05 13:44:19', '2026-03-05 13:44:19'),
(2565, 21, '2026-02-09', 'present', '18:20:00', '08:24:00', NULL, NULL, '2026-03-05 13:44:19', '2026-03-05 13:44:19'),
(2566, 22, '2026-02-09', 'present', '20:19:00', '07:27:00', NULL, NULL, '2026-03-05 13:44:19', '2026-03-05 13:44:19'),
(2567, 23, '2026-02-09', 'present', '18:32:00', '07:52:00', NULL, NULL, '2026-03-05 13:44:19', '2026-03-05 13:44:19'),
(2568, 24, '2026-02-09', 'present', '18:56:00', '08:04:00', NULL, NULL, '2026-03-05 13:44:19', '2026-03-05 13:44:19'),
(2569, 25, '2026-02-09', 'absent', NULL, NULL, NULL, NULL, '2026-03-05 13:44:19', '2026-03-05 13:44:19'),
(2570, 26, '2026-02-09', 'present', '21:26:00', '07:44:00', NULL, NULL, '2026-03-05 13:44:19', '2026-03-05 13:44:19'),
(2571, 27, '2026-02-09', 'present', '20:23:00', '06:14:00', NULL, NULL, '2026-03-05 13:44:19', '2026-03-05 13:44:19'),
(2572, 28, '2026-02-09', 'present', '19:51:00', '06:36:00', NULL, NULL, '2026-03-05 13:44:19', '2026-03-05 13:44:19'),
(2573, 29, '2026-02-09', 'present', '20:17:00', '08:48:00', NULL, NULL, '2026-03-05 13:44:19', '2026-03-05 13:44:19'),
(2574, 30, '2026-02-09', 'present', '18:17:00', '06:19:00', NULL, NULL, '2026-03-05 13:44:19', '2026-03-05 13:44:19'),
(2575, 31, '2026-02-09', 'present', '22:07:00', '07:28:00', NULL, NULL, '2026-03-05 13:44:19', '2026-03-05 13:44:19'),
(2576, 32, '2026-02-09', 'present', '19:37:00', '06:14:00', NULL, NULL, '2026-03-05 13:44:19', '2026-03-05 13:44:19'),
(2577, 33, '2026-02-09', 'present', '18:50:00', '06:42:00', NULL, NULL, '2026-03-05 13:44:19', '2026-03-05 13:44:19'),
(2578, 34, '2026-02-09', 'absent', NULL, NULL, NULL, NULL, '2026-03-05 13:44:19', '2026-03-05 13:44:19'),
(2579, 35, '2026-02-09', 'present', '20:16:00', '08:15:00', NULL, NULL, '2026-03-05 13:44:19', '2026-03-05 13:44:19'),
(2580, 36, '2026-02-09', 'absent', NULL, NULL, NULL, NULL, '2026-03-05 13:44:19', '2026-03-05 13:44:19'),
(2581, 37, '2026-02-09', 'present', '19:41:00', '08:05:00', NULL, NULL, '2026-03-05 13:44:19', '2026-03-05 13:44:19'),
(2582, 38, '2026-02-09', 'absent', NULL, NULL, NULL, NULL, '2026-03-05 13:44:19', '2026-03-05 13:44:19'),
(2583, 39, '2026-02-09', 'present', '19:36:00', '06:45:00', NULL, NULL, '2026-03-05 13:44:19', '2026-03-05 13:44:19'),
(2584, 40, '2026-02-09', 'present', '21:19:00', '06:32:00', NULL, NULL, '2026-03-05 13:44:19', '2026-03-05 13:44:19'),
(2585, 41, '2026-02-09', 'present', '20:21:00', '08:09:00', NULL, NULL, '2026-03-05 13:44:19', '2026-03-05 13:44:19'),
(2586, 42, '2026-02-09', 'present', '18:24:00', '07:38:00', NULL, NULL, '2026-03-05 13:44:19', '2026-03-05 13:44:19'),
(2587, 43, '2026-02-09', 'present', '19:09:00', '07:42:00', NULL, NULL, '2026-03-05 13:44:19', '2026-03-05 13:44:19'),
(2588, 44, '2026-02-09', 'present', '19:00:00', '06:04:00', NULL, NULL, '2026-03-05 13:44:19', '2026-03-05 13:44:19'),
(2589, 45, '2026-02-09', 'present', '18:27:00', '06:45:00', NULL, NULL, '2026-03-05 13:44:19', '2026-03-05 13:44:19'),
(2590, 46, '2026-02-09', 'present', '19:46:00', '08:19:00', NULL, NULL, '2026-03-05 13:44:19', '2026-03-05 13:44:19'),
(2591, 47, '2026-02-09', 'present', '22:11:00', '06:20:00', NULL, NULL, '2026-03-05 13:44:19', '2026-03-05 13:44:19'),
(2592, 48, '2026-02-09', 'exclu', NULL, NULL, NULL, NULL, '2026-03-05 13:44:19', '2026-03-05 13:44:19'),
(2593, 49, '2026-02-09', 'present', '21:28:00', '06:43:00', NULL, NULL, '2026-03-05 13:44:19', '2026-03-05 13:44:19'),
(2594, 50, '2026-02-09', 'present', '18:48:00', '08:27:00', NULL, NULL, '2026-03-05 13:44:19', '2026-03-05 13:44:19'),
(2595, 51, '2026-02-09', 'present', '20:38:00', '07:21:00', NULL, NULL, '2026-03-05 13:44:19', '2026-03-05 13:44:19'),
(2596, 52, '2026-02-09', 'present', '20:25:00', '07:49:00', NULL, NULL, '2026-03-05 13:44:19', '2026-03-05 13:44:19'),
(2597, 53, '2026-02-09', 'present', '21:07:00', '07:09:00', NULL, NULL, '2026-03-05 13:44:19', '2026-03-05 13:44:19'),
(2598, 54, '2026-02-09', 'present', '19:59:00', '08:41:00', NULL, NULL, '2026-03-05 13:44:19', '2026-03-05 13:44:19'),
(2599, 55, '2026-02-09', 'exclu', NULL, NULL, NULL, NULL, '2026-03-05 13:44:19', '2026-03-05 13:44:19'),
(2600, 56, '2026-02-09', 'present', '22:31:00', '08:16:00', NULL, NULL, '2026-03-05 13:44:19', '2026-03-05 13:44:19'),
(2601, 57, '2026-02-09', 'exclu', NULL, NULL, NULL, NULL, '2026-03-05 13:44:19', '2026-03-05 13:44:19'),
(2602, 58, '2026-02-09', 'absent', NULL, NULL, NULL, NULL, '2026-03-05 13:44:19', '2026-03-05 13:44:19'),
(2603, 59, '2026-02-09', 'exclu', NULL, NULL, NULL, NULL, '2026-03-05 13:44:19', '2026-03-05 13:44:19'),
(2604, 60, '2026-02-09', 'present', '18:45:00', '07:32:00', NULL, NULL, '2026-03-05 13:44:19', '2026-03-05 13:44:19'),
(2605, 61, '2026-02-09', 'present', '19:51:00', '08:22:00', NULL, NULL, '2026-03-05 13:44:19', '2026-03-05 13:44:19'),
(2606, 62, '2026-02-09', 'present', '20:40:00', '07:32:00', NULL, NULL, '2026-03-05 13:44:19', '2026-03-05 13:44:19'),
(2607, 63, '2026-02-09', 'present', '21:42:00', '08:57:00', NULL, NULL, '2026-03-05 13:44:19', '2026-03-05 13:44:19'),
(2608, 64, '2026-02-09', 'present', '22:06:00', '08:13:00', NULL, NULL, '2026-03-05 13:44:19', '2026-03-05 13:44:19'),
(2609, 65, '2026-02-09', 'present', '20:35:00', '07:46:00', NULL, NULL, '2026-03-05 13:44:19', '2026-03-05 13:44:19'),
(2610, 66, '2026-02-09', 'present', '21:11:00', '07:27:00', NULL, NULL, '2026-03-05 13:44:19', '2026-03-05 13:44:19'),
(2611, 67, '2026-02-09', 'present', '18:02:00', '08:11:00', NULL, NULL, '2026-03-05 13:44:19', '2026-03-05 13:44:19'),
(2612, 68, '2026-02-09', 'present', '22:47:00', '06:57:00', NULL, NULL, '2026-03-05 13:44:19', '2026-03-05 13:44:19'),
(2613, 69, '2026-02-09', 'exclu', NULL, NULL, NULL, NULL, '2026-03-05 13:44:19', '2026-03-05 13:44:19'),
(2614, 70, '2026-02-09', 'present', '22:34:00', '08:14:00', NULL, NULL, '2026-03-05 13:44:19', '2026-03-05 13:44:19'),
(2615, 71, '2026-02-09', 'present', '19:26:00', '07:05:00', NULL, NULL, '2026-03-05 13:44:19', '2026-03-05 13:44:19'),
(2616, 72, '2026-02-09', 'absent', NULL, NULL, NULL, NULL, '2026-03-05 13:44:19', '2026-03-05 13:44:19'),
(2617, 73, '2026-02-09', 'present', '20:40:00', '07:25:00', NULL, NULL, '2026-03-05 13:44:19', '2026-03-05 13:44:19'),
(2618, 74, '2026-02-09', 'present', '21:11:00', '07:58:00', NULL, NULL, '2026-03-05 13:44:19', '2026-03-05 13:44:19'),
(2619, 75, '2026-02-09', 'present', '22:40:00', '06:22:00', NULL, NULL, '2026-03-05 13:44:19', '2026-03-05 13:44:19'),
(2620, 76, '2026-02-09', 'exclu', NULL, NULL, NULL, NULL, '2026-03-05 13:44:19', '2026-03-05 13:44:19'),
(2621, 77, '2026-02-09', 'present', '19:55:00', '08:10:00', NULL, NULL, '2026-03-05 13:44:19', '2026-03-05 13:44:19'),
(2622, 78, '2026-02-09', 'present', '21:06:00', '07:09:00', NULL, NULL, '2026-03-05 13:44:19', '2026-03-05 13:44:19'),
(2623, 79, '2026-02-09', 'present', '19:05:00', '08:25:00', NULL, NULL, '2026-03-05 13:44:19', '2026-03-05 13:44:19'),
(2624, 80, '2026-02-09', 'present', '19:34:00', '06:02:00', NULL, NULL, '2026-03-05 13:44:19', '2026-03-05 13:44:19'),
(2625, 81, '2026-02-09', 'present', '20:54:00', '06:16:00', NULL, NULL, '2026-03-05 13:44:19', '2026-03-05 13:44:19'),
(2626, 82, '2026-02-09', 'present', '18:46:00', '07:43:00', NULL, NULL, '2026-03-05 13:44:19', '2026-03-05 13:44:19'),
(2627, 83, '2026-02-09', 'present', '18:12:00', '08:35:00', NULL, NULL, '2026-03-05 13:44:19', '2026-03-05 13:44:19'),
(2628, 84, '2026-02-09', 'present', '22:42:00', '06:11:00', NULL, NULL, '2026-03-05 13:44:19', '2026-03-05 13:44:19'),
(2629, 85, '2026-02-09', 'present', '19:26:00', '08:43:00', NULL, NULL, '2026-03-05 13:44:19', '2026-03-05 13:44:19'),
(2630, 86, '2026-02-09', 'present', '21:10:00', '07:29:00', NULL, NULL, '2026-03-05 13:44:19', '2026-03-05 13:44:19'),
(2631, 87, '2026-02-09', 'present', '22:27:00', '07:02:00', NULL, NULL, '2026-03-05 13:44:19', '2026-03-05 13:44:19'),
(2632, 88, '2026-02-09', 'present', '21:30:00', '07:29:00', NULL, NULL, '2026-03-05 13:44:19', '2026-03-05 13:44:19'),
(2633, 89, '2026-02-09', 'present', '19:01:00', '07:31:00', NULL, NULL, '2026-03-05 13:44:19', '2026-03-05 13:44:19'),
(2634, 90, '2026-02-09', 'absent', NULL, NULL, NULL, NULL, '2026-03-05 13:44:19', '2026-03-05 13:44:19'),
(2635, 91, '2026-02-09', 'present', '22:09:00', '06:39:00', NULL, NULL, '2026-03-05 13:44:19', '2026-03-05 13:44:19'),
(2636, 92, '2026-02-09', 'present', '19:39:00', '08:03:00', NULL, NULL, '2026-03-05 13:44:19', '2026-03-05 13:44:19'),
(2637, 93, '2026-02-09', 'present', '21:22:00', '08:36:00', NULL, NULL, '2026-03-05 13:44:19', '2026-03-05 13:44:19'),
(2638, 94, '2026-02-09', 'present', '18:17:00', '07:13:00', NULL, NULL, '2026-03-05 13:44:19', '2026-03-05 13:44:19'),
(2639, 95, '2026-02-09', 'exclu', NULL, NULL, NULL, NULL, '2026-03-05 13:44:19', '2026-03-05 13:44:19'),
(2640, 96, '2026-02-09', 'present', '21:05:00', '07:36:00', NULL, NULL, '2026-03-05 13:44:19', '2026-03-05 13:44:19'),
(2641, 97, '2026-02-09', 'present', '22:53:00', '06:45:00', NULL, NULL, '2026-03-05 13:44:19', '2026-03-05 13:44:19'),
(2642, 98, '2026-02-09', 'present', '22:32:00', '08:32:00', NULL, NULL, '2026-03-05 13:44:19', '2026-03-05 13:44:19'),
(2643, 99, '2026-02-09', 'present', '19:12:00', '06:56:00', NULL, NULL, '2026-03-05 13:44:19', '2026-03-05 13:44:19'),
(2644, 100, '2026-02-09', 'present', '21:48:00', '06:21:00', NULL, NULL, '2026-03-05 13:44:19', '2026-03-05 13:44:19'),
(2645, 101, '2026-02-09', 'present', '19:21:00', '06:55:00', NULL, NULL, '2026-03-05 13:44:19', '2026-03-05 13:44:19'),
(2646, 102, '2026-02-09', 'present', '19:07:00', '06:58:00', NULL, NULL, '2026-03-05 13:44:19', '2026-03-05 13:44:19'),
(2647, 103, '2026-02-09', 'present', '21:04:00', '07:29:00', NULL, NULL, '2026-03-05 13:44:19', '2026-03-05 13:44:19'),
(2648, 104, '2026-02-09', 'present', '19:12:00', '06:28:00', NULL, NULL, '2026-03-05 13:44:19', '2026-03-05 13:44:19'),
(2649, 105, '2026-02-09', 'present', '19:03:00', '06:39:00', NULL, NULL, '2026-03-05 13:44:19', '2026-03-05 13:44:19'),
(2650, 106, '2026-02-09', 'present', '18:46:00', '06:38:00', NULL, NULL, '2026-03-05 13:44:19', '2026-03-05 13:44:19'),
(2651, 1, '2026-02-08', 'present', '21:12:00', '06:08:00', NULL, NULL, '2026-03-05 13:44:19', '2026-03-05 13:44:19'),
(2652, 2, '2026-02-08', 'present', '20:03:00', '08:10:00', NULL, NULL, '2026-03-05 13:44:19', '2026-03-05 13:44:19'),
(2653, 3, '2026-02-08', 'present', '19:28:00', '07:28:00', NULL, NULL, '2026-03-05 13:44:19', '2026-03-05 13:44:19'),
(2654, 4, '2026-02-08', 'exclu', NULL, NULL, NULL, NULL, '2026-03-05 13:44:19', '2026-03-05 13:44:19'),
(2655, 5, '2026-02-08', 'present', '21:14:00', '08:45:00', NULL, NULL, '2026-03-05 13:44:19', '2026-03-05 13:44:19'),
(2656, 6, '2026-02-08', 'present', '18:40:00', '07:08:00', NULL, NULL, '2026-03-05 13:44:19', '2026-03-05 13:44:19'),
(2657, 7, '2026-02-08', 'present', '22:48:00', '08:46:00', NULL, NULL, '2026-03-05 13:44:19', '2026-03-05 13:44:19'),
(2658, 8, '2026-02-08', 'exclu', NULL, NULL, NULL, NULL, '2026-03-05 13:44:19', '2026-03-05 13:44:19'),
(2659, 9, '2026-02-08', 'present', '20:31:00', '08:58:00', NULL, NULL, '2026-03-05 13:44:19', '2026-03-05 13:44:19'),
(2660, 10, '2026-02-08', 'present', '18:52:00', '06:44:00', NULL, NULL, '2026-03-05 13:44:19', '2026-03-05 13:44:19'),
(2661, 11, '2026-02-08', 'present', '22:16:00', '08:39:00', NULL, NULL, '2026-03-05 13:44:19', '2026-03-05 13:44:19'),
(2662, 12, '2026-02-08', 'present', '21:30:00', '06:23:00', NULL, NULL, '2026-03-05 13:44:19', '2026-03-05 13:44:19'),
(2663, 13, '2026-02-08', 'present', '20:47:00', '08:54:00', NULL, NULL, '2026-03-05 13:44:19', '2026-03-05 13:44:19'),
(2664, 14, '2026-02-08', 'exclu', NULL, NULL, NULL, NULL, '2026-03-05 13:44:19', '2026-03-05 13:44:19'),
(2665, 15, '2026-02-08', 'present', '21:53:00', '08:50:00', NULL, NULL, '2026-03-05 13:44:19', '2026-03-05 13:44:19'),
(2666, 16, '2026-02-08', 'present', '21:04:00', '06:25:00', NULL, NULL, '2026-03-05 13:44:19', '2026-03-05 13:44:19'),
(2667, 17, '2026-02-08', 'exclu', NULL, NULL, NULL, NULL, '2026-03-05 13:44:19', '2026-03-05 13:44:19'),
(2668, 18, '2026-02-08', 'present', '21:14:00', '07:06:00', NULL, NULL, '2026-03-05 13:44:19', '2026-03-05 13:44:19'),
(2669, 19, '2026-02-08', 'present', '20:23:00', '06:08:00', NULL, NULL, '2026-03-05 13:44:19', '2026-03-05 13:44:19'),
(2670, 20, '2026-02-08', 'present', '19:05:00', '07:56:00', NULL, NULL, '2026-03-05 13:44:19', '2026-03-05 13:44:19'),
(2671, 21, '2026-02-08', 'present', '19:15:00', '08:21:00', NULL, NULL, '2026-03-05 13:44:19', '2026-03-05 13:44:19'),
(2672, 22, '2026-02-08', 'present', '19:58:00', '06:18:00', NULL, NULL, '2026-03-05 13:44:19', '2026-03-05 13:44:19'),
(2673, 23, '2026-02-08', 'absent', NULL, NULL, NULL, NULL, '2026-03-05 13:44:19', '2026-03-05 13:44:19'),
(2674, 24, '2026-02-08', 'present', '19:51:00', '08:01:00', NULL, NULL, '2026-03-05 13:44:19', '2026-03-05 13:44:19'),
(2675, 25, '2026-02-08', 'present', '22:34:00', '06:55:00', NULL, NULL, '2026-03-05 13:44:19', '2026-03-05 13:44:19'),
(2676, 26, '2026-02-08', 'present', '21:57:00', '06:49:00', NULL, NULL, '2026-03-05 13:44:19', '2026-03-05 13:44:19'),
(2677, 27, '2026-02-08', 'exclu', NULL, NULL, NULL, NULL, '2026-03-05 13:44:19', '2026-03-05 13:44:19'),
(2678, 28, '2026-02-08', 'absent', NULL, NULL, NULL, NULL, '2026-03-05 13:44:19', '2026-03-05 13:44:19'),
(2679, 29, '2026-02-08', 'present', '20:17:00', '06:08:00', NULL, NULL, '2026-03-05 13:44:19', '2026-03-05 13:44:19'),
(2680, 30, '2026-02-08', 'exclu', NULL, NULL, NULL, NULL, '2026-03-05 13:44:19', '2026-03-05 13:44:19'),
(2681, 31, '2026-02-08', 'present', '20:57:00', '06:49:00', NULL, NULL, '2026-03-05 13:44:19', '2026-03-05 13:44:19'),
(2682, 32, '2026-02-08', 'present', '18:11:00', '08:34:00', NULL, NULL, '2026-03-05 13:44:19', '2026-03-05 13:44:19'),
(2683, 33, '2026-02-08', 'present', '20:01:00', '08:13:00', NULL, NULL, '2026-03-05 13:44:19', '2026-03-05 13:44:19'),
(2684, 34, '2026-02-08', 'present', '19:37:00', '06:35:00', NULL, NULL, '2026-03-05 13:44:19', '2026-03-05 13:44:19'),
(2685, 35, '2026-02-08', 'present', '21:33:00', '08:49:00', NULL, NULL, '2026-03-05 13:44:19', '2026-03-05 13:44:19'),
(2686, 36, '2026-02-08', 'present', '22:18:00', '07:42:00', NULL, NULL, '2026-03-05 13:44:19', '2026-03-05 13:44:19'),
(2687, 37, '2026-02-08', 'present', '21:37:00', '06:12:00', NULL, NULL, '2026-03-05 13:44:19', '2026-03-05 13:44:19'),
(2688, 38, '2026-02-08', 'present', '20:10:00', '08:44:00', NULL, NULL, '2026-03-05 13:44:19', '2026-03-05 13:44:19'),
(2689, 39, '2026-02-08', 'present', '19:23:00', '07:32:00', NULL, NULL, '2026-03-05 13:44:19', '2026-03-05 13:44:19'),
(2690, 40, '2026-02-08', 'present', '20:34:00', '07:21:00', NULL, NULL, '2026-03-05 13:44:19', '2026-03-05 13:44:19'),
(2691, 41, '2026-02-08', 'present', '20:14:00', '06:45:00', NULL, NULL, '2026-03-05 13:44:19', '2026-03-05 13:44:19'),
(2692, 42, '2026-02-08', 'exclu', NULL, NULL, NULL, NULL, '2026-03-05 13:44:19', '2026-03-05 13:44:19'),
(2693, 43, '2026-02-08', 'present', '18:16:00', '06:56:00', NULL, NULL, '2026-03-05 13:44:19', '2026-03-05 13:44:19'),
(2694, 44, '2026-02-08', 'justifie', '20:12:00', '06:30:00', 'Certificat médical / Autorisation spéciale', 3, '2026-03-05 13:44:19', '2026-03-05 13:44:19'),
(2695, 45, '2026-02-08', 'present', '22:34:00', '07:22:00', NULL, NULL, '2026-03-05 13:44:19', '2026-03-05 13:44:19'),
(2696, 46, '2026-02-08', 'present', '21:58:00', '07:54:00', NULL, NULL, '2026-03-05 13:44:19', '2026-03-05 13:44:19'),
(2697, 47, '2026-02-08', 'present', '22:05:00', '06:59:00', NULL, NULL, '2026-03-05 13:44:19', '2026-03-05 13:44:19'),
(2698, 48, '2026-02-08', 'present', '20:21:00', '08:30:00', NULL, NULL, '2026-03-05 13:44:19', '2026-03-05 13:44:19'),
(2699, 49, '2026-02-08', 'present', '18:31:00', '06:19:00', NULL, NULL, '2026-03-05 13:44:19', '2026-03-05 13:44:19'),
(2700, 50, '2026-02-08', 'present', '22:23:00', '07:28:00', NULL, NULL, '2026-03-05 13:44:19', '2026-03-05 13:44:19'),
(2701, 51, '2026-02-08', 'present', '19:09:00', '08:23:00', NULL, NULL, '2026-03-05 13:44:19', '2026-03-05 13:44:19'),
(2702, 52, '2026-02-08', 'exclu', NULL, NULL, NULL, NULL, '2026-03-05 13:44:19', '2026-03-05 13:44:19'),
(2703, 53, '2026-02-08', 'justifie', '20:34:00', '07:49:00', 'Certificat médical / Autorisation spéciale', 3, '2026-03-05 13:44:19', '2026-03-05 13:44:19'),
(2704, 54, '2026-02-08', 'present', '18:46:00', '07:06:00', NULL, NULL, '2026-03-05 13:44:19', '2026-03-05 13:44:19'),
(2705, 55, '2026-02-08', 'present', '20:36:00', '07:34:00', NULL, NULL, '2026-03-05 13:44:19', '2026-03-05 13:44:19'),
(2706, 56, '2026-02-08', 'present', '20:33:00', '07:44:00', NULL, NULL, '2026-03-05 13:44:19', '2026-03-05 13:44:19'),
(2707, 57, '2026-02-08', 'present', '18:37:00', '06:56:00', NULL, NULL, '2026-03-05 13:44:19', '2026-03-05 13:44:19'),
(2708, 58, '2026-02-08', 'present', '20:25:00', '06:29:00', NULL, NULL, '2026-03-05 13:44:19', '2026-03-05 13:44:19'),
(2709, 59, '2026-02-08', 'present', '20:53:00', '06:06:00', NULL, NULL, '2026-03-05 13:44:19', '2026-03-05 13:44:19'),
(2710, 60, '2026-02-08', 'present', '22:28:00', '08:51:00', NULL, NULL, '2026-03-05 13:44:19', '2026-03-05 13:44:19'),
(2711, 61, '2026-02-08', 'present', '18:02:00', '08:22:00', NULL, NULL, '2026-03-05 13:44:19', '2026-03-05 13:44:19'),
(2712, 62, '2026-02-08', 'present', '19:12:00', '08:45:00', NULL, NULL, '2026-03-05 13:44:19', '2026-03-05 13:44:19'),
(2713, 63, '2026-02-08', 'present', '21:04:00', '08:06:00', NULL, NULL, '2026-03-05 13:44:19', '2026-03-05 13:44:19'),
(2714, 64, '2026-02-08', 'present', '21:28:00', '06:20:00', NULL, NULL, '2026-03-05 13:44:19', '2026-03-05 13:44:19'),
(2715, 65, '2026-02-08', 'present', '21:07:00', '07:07:00', NULL, NULL, '2026-03-05 13:44:19', '2026-03-05 13:44:19'),
(2716, 66, '2026-02-08', 'present', '18:13:00', '06:58:00', NULL, NULL, '2026-03-05 13:44:19', '2026-03-05 13:44:19'),
(2717, 67, '2026-02-08', 'present', '20:55:00', '07:41:00', NULL, NULL, '2026-03-05 13:44:19', '2026-03-05 13:44:19'),
(2718, 68, '2026-02-08', 'exclu', NULL, NULL, NULL, NULL, '2026-03-05 13:44:19', '2026-03-05 13:44:19'),
(2719, 69, '2026-02-08', 'present', '22:54:00', '06:11:00', NULL, NULL, '2026-03-05 13:44:19', '2026-03-05 13:44:19'),
(2720, 70, '2026-02-08', 'present', '18:48:00', '08:11:00', NULL, NULL, '2026-03-05 13:44:19', '2026-03-05 13:44:19'),
(2721, 71, '2026-02-08', 'present', '19:05:00', '08:43:00', NULL, NULL, '2026-03-05 13:44:19', '2026-03-05 13:44:19'),
(2722, 72, '2026-02-08', 'justifie', '22:04:00', '06:46:00', 'Certificat médical / Autorisation spéciale', 2, '2026-03-05 13:44:19', '2026-03-05 13:44:19'),
(2723, 73, '2026-02-08', 'present', '19:23:00', '07:07:00', NULL, NULL, '2026-03-05 13:44:19', '2026-03-05 13:44:19'),
(2724, 74, '2026-02-08', 'absent', NULL, NULL, NULL, NULL, '2026-03-05 13:44:19', '2026-03-05 13:44:19'),
(2725, 75, '2026-02-08', 'present', '20:18:00', '07:18:00', NULL, NULL, '2026-03-05 13:44:19', '2026-03-05 13:44:19'),
(2726, 76, '2026-02-08', 'present', '20:41:00', '07:34:00', NULL, NULL, '2026-03-05 13:44:19', '2026-03-05 13:44:19'),
(2727, 77, '2026-02-08', 'present', '21:10:00', '06:10:00', NULL, NULL, '2026-03-05 13:44:19', '2026-03-05 13:44:19'),
(2728, 78, '2026-02-08', 'present', '22:07:00', '06:18:00', NULL, NULL, '2026-03-05 13:44:19', '2026-03-05 13:44:19'),
(2729, 79, '2026-02-08', 'present', '20:33:00', '08:03:00', NULL, NULL, '2026-03-05 13:44:19', '2026-03-05 13:44:19'),
(2730, 80, '2026-02-08', 'present', '18:09:00', '07:39:00', NULL, NULL, '2026-03-05 13:44:19', '2026-03-05 13:44:19'),
(2731, 81, '2026-02-08', 'present', '19:58:00', '07:54:00', NULL, NULL, '2026-03-05 13:44:19', '2026-03-05 13:44:19'),
(2732, 82, '2026-02-08', 'justifie', '20:06:00', '07:49:00', 'Certificat médical / Autorisation spéciale', 2, '2026-03-05 13:44:19', '2026-03-05 13:44:19'),
(2733, 83, '2026-02-08', 'present', '20:35:00', '07:50:00', NULL, NULL, '2026-03-05 13:44:19', '2026-03-05 13:44:19'),
(2734, 84, '2026-02-08', 'present', '18:09:00', '06:41:00', NULL, NULL, '2026-03-05 13:44:19', '2026-03-05 13:44:19'),
(2735, 85, '2026-02-08', 'present', '18:21:00', '06:53:00', NULL, NULL, '2026-03-05 13:44:19', '2026-03-05 13:44:19'),
(2736, 86, '2026-02-08', 'present', '20:10:00', '07:33:00', NULL, NULL, '2026-03-05 13:44:19', '2026-03-05 13:44:19'),
(2737, 87, '2026-02-08', 'present', '22:47:00', '07:21:00', NULL, NULL, '2026-03-05 13:44:19', '2026-03-05 13:44:19'),
(2738, 88, '2026-02-08', 'present', '18:43:00', '08:59:00', NULL, NULL, '2026-03-05 13:44:19', '2026-03-05 13:44:19'),
(2739, 89, '2026-02-08', 'present', '19:55:00', '08:23:00', NULL, NULL, '2026-03-05 13:44:19', '2026-03-05 13:44:19'),
(2740, 90, '2026-02-08', 'present', '21:09:00', '08:37:00', NULL, NULL, '2026-03-05 13:44:19', '2026-03-05 13:44:19'),
(2741, 91, '2026-02-08', 'present', '19:42:00', '07:28:00', NULL, NULL, '2026-03-05 13:44:19', '2026-03-05 13:44:19'),
(2742, 92, '2026-02-08', 'present', '22:30:00', '07:42:00', NULL, NULL, '2026-03-05 13:44:19', '2026-03-05 13:44:19'),
(2743, 93, '2026-02-08', 'present', '18:44:00', '06:11:00', NULL, NULL, '2026-03-05 13:44:19', '2026-03-05 13:44:19'),
(2744, 94, '2026-02-08', 'present', '18:56:00', '07:15:00', NULL, NULL, '2026-03-05 13:44:19', '2026-03-05 13:44:19'),
(2745, 95, '2026-02-08', 'present', '20:19:00', '06:12:00', NULL, NULL, '2026-03-05 13:44:19', '2026-03-05 13:44:19'),
(2746, 96, '2026-02-08', 'present', '19:43:00', '07:24:00', NULL, NULL, '2026-03-05 13:44:19', '2026-03-05 13:44:19'),
(2747, 97, '2026-02-08', 'present', '22:56:00', '08:01:00', NULL, NULL, '2026-03-05 13:44:19', '2026-03-05 13:44:19'),
(2748, 98, '2026-02-08', 'present', '18:05:00', '08:01:00', NULL, NULL, '2026-03-05 13:44:19', '2026-03-05 13:44:19'),
(2749, 99, '2026-02-08', 'present', '20:35:00', '07:32:00', NULL, NULL, '2026-03-05 13:44:19', '2026-03-05 13:44:19'),
(2750, 100, '2026-02-08', 'present', '22:39:00', '08:23:00', NULL, NULL, '2026-03-05 13:44:19', '2026-03-05 13:44:19'),
(2751, 101, '2026-02-08', 'present', '21:21:00', '07:13:00', NULL, NULL, '2026-03-05 13:44:19', '2026-03-05 13:44:19'),
(2752, 102, '2026-02-08', 'justifie', '18:59:00', '07:10:00', 'Certificat médical / Autorisation spéciale', 5, '2026-03-05 13:44:19', '2026-03-05 13:44:19'),
(2753, 103, '2026-02-08', 'justifie', '21:14:00', '06:15:00', 'Certificat médical / Autorisation spéciale', 4, '2026-03-05 13:44:19', '2026-03-05 13:44:19'),
(2754, 104, '2026-02-08', 'present', '21:09:00', '06:26:00', NULL, NULL, '2026-03-05 13:44:19', '2026-03-05 13:44:19'),
(2755, 105, '2026-02-08', 'present', '22:04:00', '06:13:00', NULL, NULL, '2026-03-05 13:44:19', '2026-03-05 13:44:19'),
(2756, 106, '2026-02-08', 'present', '21:16:00', '06:04:00', NULL, NULL, '2026-03-05 13:44:19', '2026-03-05 13:44:19'),
(2757, 1, '2026-02-07', 'present', '18:37:00', '08:22:00', NULL, NULL, '2026-03-05 13:44:19', '2026-03-05 13:44:19'),
(2758, 2, '2026-02-07', 'present', '21:40:00', '06:51:00', NULL, NULL, '2026-03-05 13:44:19', '2026-03-05 13:44:19'),
(2759, 3, '2026-02-07', 'present', '19:02:00', '07:21:00', NULL, NULL, '2026-03-05 13:44:19', '2026-03-05 13:44:19'),
(2760, 4, '2026-02-07', 'present', '18:03:00', '08:42:00', NULL, NULL, '2026-03-05 13:44:19', '2026-03-05 13:44:19'),
(2761, 5, '2026-02-07', 'justifie', '22:47:00', '07:47:00', 'Certificat médical / Autorisation spéciale', 5, '2026-03-05 13:44:19', '2026-03-05 13:44:19'),
(2762, 6, '2026-02-07', 'absent', NULL, NULL, NULL, NULL, '2026-03-05 13:44:19', '2026-03-05 13:44:19'),
(2763, 7, '2026-02-07', 'present', '21:58:00', '08:02:00', NULL, NULL, '2026-03-05 13:44:19', '2026-03-05 13:44:19'),
(2764, 8, '2026-02-07', 'present', '18:04:00', '07:44:00', NULL, NULL, '2026-03-05 13:44:19', '2026-03-05 13:44:19'),
(2765, 9, '2026-02-07', 'present', '22:44:00', '06:10:00', NULL, NULL, '2026-03-05 13:44:19', '2026-03-05 13:44:19'),
(2766, 10, '2026-02-07', 'present', '18:58:00', '06:04:00', NULL, NULL, '2026-03-05 13:44:19', '2026-03-05 13:44:19'),
(2767, 11, '2026-02-07', 'exclu', NULL, NULL, NULL, NULL, '2026-03-05 13:44:19', '2026-03-05 13:44:19'),
(2768, 12, '2026-02-07', 'justifie', '18:17:00', '06:27:00', 'Certificat médical / Autorisation spéciale', 2, '2026-03-05 13:44:19', '2026-03-05 13:44:19'),
(2769, 13, '2026-02-07', 'present', '22:18:00', '06:27:00', NULL, NULL, '2026-03-05 13:44:19', '2026-03-05 13:44:19'),
(2770, 14, '2026-02-07', 'present', '19:13:00', '07:35:00', NULL, NULL, '2026-03-05 13:44:19', '2026-03-05 13:44:19'),
(2771, 15, '2026-02-07', 'present', '21:40:00', '06:33:00', NULL, NULL, '2026-03-05 13:44:19', '2026-03-05 13:44:19'),
(2772, 16, '2026-02-07', 'present', '18:03:00', '08:16:00', NULL, NULL, '2026-03-05 13:44:19', '2026-03-05 13:44:19'),
(2773, 17, '2026-02-07', 'present', '18:21:00', '08:29:00', NULL, NULL, '2026-03-05 13:44:19', '2026-03-05 13:44:19'),
(2774, 18, '2026-02-07', 'present', '18:35:00', '07:49:00', NULL, NULL, '2026-03-05 13:44:20', '2026-03-05 13:44:20'),
(2775, 19, '2026-02-07', 'justifie', '22:33:00', '06:45:00', 'Certificat médical / Autorisation spéciale', 6, '2026-03-05 13:44:20', '2026-03-05 13:44:20'),
(2776, 20, '2026-02-07', 'exclu', NULL, NULL, NULL, NULL, '2026-03-05 13:44:20', '2026-03-05 13:44:20'),
(2777, 21, '2026-02-07', 'present', '19:11:00', '08:30:00', NULL, NULL, '2026-03-05 13:44:20', '2026-03-05 13:44:20'),
(2778, 22, '2026-02-07', 'present', '20:30:00', '07:49:00', NULL, NULL, '2026-03-05 13:44:20', '2026-03-05 13:44:20'),
(2779, 23, '2026-02-07', 'present', '19:27:00', '08:06:00', NULL, NULL, '2026-03-05 13:44:20', '2026-03-05 13:44:20'),
(2780, 24, '2026-02-07', 'present', '18:01:00', '08:41:00', NULL, NULL, '2026-03-05 13:44:20', '2026-03-05 13:44:20'),
(2781, 25, '2026-02-07', 'present', '19:14:00', '08:11:00', NULL, NULL, '2026-03-05 13:44:20', '2026-03-05 13:44:20'),
(2782, 26, '2026-02-07', 'present', '19:56:00', '06:22:00', NULL, NULL, '2026-03-05 13:44:20', '2026-03-05 13:44:20'),
(2783, 27, '2026-02-07', 'present', '20:41:00', '08:11:00', NULL, NULL, '2026-03-05 13:44:20', '2026-03-05 13:44:20'),
(2784, 28, '2026-02-07', 'present', '19:50:00', '07:55:00', NULL, NULL, '2026-03-05 13:44:20', '2026-03-05 13:44:20'),
(2785, 29, '2026-02-07', 'present', '22:51:00', '06:54:00', NULL, NULL, '2026-03-05 13:44:20', '2026-03-05 13:44:20'),
(2786, 30, '2026-02-07', 'present', '22:56:00', '06:46:00', NULL, NULL, '2026-03-05 13:44:20', '2026-03-05 13:44:20'),
(2787, 31, '2026-02-07', 'present', '21:30:00', '07:49:00', NULL, NULL, '2026-03-05 13:44:20', '2026-03-05 13:44:20'),
(2788, 32, '2026-02-07', 'present', '22:21:00', '07:55:00', NULL, NULL, '2026-03-05 13:44:20', '2026-03-05 13:44:20'),
(2789, 33, '2026-02-07', 'present', '22:47:00', '07:25:00', NULL, NULL, '2026-03-05 13:44:20', '2026-03-05 13:44:20'),
(2790, 34, '2026-02-07', 'present', '18:16:00', '06:46:00', NULL, NULL, '2026-03-05 13:44:20', '2026-03-05 13:44:20'),
(2791, 35, '2026-02-07', 'present', '19:55:00', '07:35:00', NULL, NULL, '2026-03-05 13:44:20', '2026-03-05 13:44:20'),
(2792, 36, '2026-02-07', 'present', '18:59:00', '08:31:00', NULL, NULL, '2026-03-05 13:44:20', '2026-03-05 13:44:20'),
(2793, 37, '2026-02-07', 'present', '21:39:00', '07:35:00', NULL, NULL, '2026-03-05 13:44:20', '2026-03-05 13:44:20'),
(2794, 38, '2026-02-07', 'present', '21:54:00', '07:24:00', NULL, NULL, '2026-03-05 13:44:20', '2026-03-05 13:44:20'),
(2795, 39, '2026-02-07', 'present', '18:31:00', '07:49:00', NULL, NULL, '2026-03-05 13:44:20', '2026-03-05 13:44:20'),
(2796, 40, '2026-02-07', 'present', '18:08:00', '08:55:00', NULL, NULL, '2026-03-05 13:44:20', '2026-03-05 13:44:20'),
(2797, 41, '2026-02-07', 'present', '22:09:00', '06:41:00', NULL, NULL, '2026-03-05 13:44:20', '2026-03-05 13:44:20'),
(2798, 42, '2026-02-07', 'present', '22:59:00', '08:16:00', NULL, NULL, '2026-03-05 13:44:20', '2026-03-05 13:44:20'),
(2799, 43, '2026-02-07', 'absent', NULL, NULL, NULL, NULL, '2026-03-05 13:44:20', '2026-03-05 13:44:20'),
(2800, 44, '2026-02-07', 'present', '19:49:00', '06:13:00', NULL, NULL, '2026-03-05 13:44:20', '2026-03-05 13:44:20'),
(2801, 45, '2026-02-07', 'exclu', NULL, NULL, NULL, NULL, '2026-03-05 13:44:20', '2026-03-05 13:44:20'),
(2802, 46, '2026-02-07', 'present', '22:30:00', '08:50:00', NULL, NULL, '2026-03-05 13:44:20', '2026-03-05 13:44:20'),
(2803, 47, '2026-02-07', 'present', '18:04:00', '08:04:00', NULL, NULL, '2026-03-05 13:44:20', '2026-03-05 13:44:20'),
(2804, 48, '2026-02-07', 'present', '18:22:00', '07:06:00', NULL, NULL, '2026-03-05 13:44:20', '2026-03-05 13:44:20'),
(2805, 49, '2026-02-07', 'present', '22:35:00', '07:39:00', NULL, NULL, '2026-03-05 13:44:20', '2026-03-05 13:44:20'),
(2806, 50, '2026-02-07', 'present', '21:20:00', '07:25:00', NULL, NULL, '2026-03-05 13:44:20', '2026-03-05 13:44:20'),
(2807, 51, '2026-02-07', 'present', '19:59:00', '08:33:00', NULL, NULL, '2026-03-05 13:44:20', '2026-03-05 13:44:20'),
(2808, 52, '2026-02-07', 'present', '19:59:00', '06:01:00', NULL, NULL, '2026-03-05 13:44:20', '2026-03-05 13:44:20'),
(2809, 53, '2026-02-07', 'present', '19:36:00', '08:11:00', NULL, NULL, '2026-03-05 13:44:20', '2026-03-05 13:44:20'),
(2810, 54, '2026-02-07', 'present', '19:23:00', '07:16:00', NULL, NULL, '2026-03-05 13:44:20', '2026-03-05 13:44:20'),
(2811, 55, '2026-02-07', 'present', '20:30:00', '07:04:00', NULL, NULL, '2026-03-05 13:44:20', '2026-03-05 13:44:20'),
(2812, 56, '2026-02-07', 'present', '21:55:00', '07:20:00', NULL, NULL, '2026-03-05 13:44:20', '2026-03-05 13:44:20'),
(2813, 57, '2026-02-07', 'present', '20:21:00', '08:09:00', NULL, NULL, '2026-03-05 13:44:20', '2026-03-05 13:44:20'),
(2814, 58, '2026-02-07', 'present', '22:42:00', '07:33:00', NULL, NULL, '2026-03-05 13:44:20', '2026-03-05 13:44:20'),
(2815, 59, '2026-02-07', 'present', '19:46:00', '06:43:00', NULL, NULL, '2026-03-05 13:44:20', '2026-03-05 13:44:20'),
(2816, 60, '2026-02-07', 'present', '18:07:00', '08:00:00', NULL, NULL, '2026-03-05 13:44:20', '2026-03-05 13:44:20'),
(2817, 61, '2026-02-07', 'absent', NULL, NULL, NULL, NULL, '2026-03-05 13:44:20', '2026-03-05 13:44:20'),
(2818, 62, '2026-02-07', 'present', '19:53:00', '08:36:00', NULL, NULL, '2026-03-05 13:44:20', '2026-03-05 13:44:20'),
(2819, 63, '2026-02-07', 'present', '19:09:00', '08:17:00', NULL, NULL, '2026-03-05 13:44:20', '2026-03-05 13:44:20'),
(2820, 64, '2026-02-07', 'present', '22:27:00', '07:43:00', NULL, NULL, '2026-03-05 13:44:20', '2026-03-05 13:44:20'),
(2821, 65, '2026-02-07', 'present', '21:35:00', '06:17:00', NULL, NULL, '2026-03-05 13:44:20', '2026-03-05 13:44:20'),
(2822, 66, '2026-02-07', 'present', '20:05:00', '07:56:00', NULL, NULL, '2026-03-05 13:44:20', '2026-03-05 13:44:20'),
(2823, 67, '2026-02-07', 'present', '21:14:00', '07:10:00', NULL, NULL, '2026-03-05 13:44:20', '2026-03-05 13:44:20'),
(2824, 68, '2026-02-07', 'present', '20:04:00', '06:57:00', NULL, NULL, '2026-03-05 13:44:20', '2026-03-05 13:44:20'),
(2825, 69, '2026-02-07', 'present', '22:08:00', '08:08:00', NULL, NULL, '2026-03-05 13:44:20', '2026-03-05 13:44:20'),
(2826, 70, '2026-02-07', 'present', '19:35:00', '08:14:00', NULL, NULL, '2026-03-05 13:44:20', '2026-03-05 13:44:20'),
(2827, 71, '2026-02-07', 'present', '21:02:00', '08:18:00', NULL, NULL, '2026-03-05 13:44:20', '2026-03-05 13:44:20'),
(2828, 72, '2026-02-07', 'present', '18:15:00', '07:31:00', NULL, NULL, '2026-03-05 13:44:20', '2026-03-05 13:44:20'),
(2829, 73, '2026-02-07', 'absent', NULL, NULL, NULL, NULL, '2026-03-05 13:44:20', '2026-03-05 13:44:20'),
(2830, 74, '2026-02-07', 'present', '22:27:00', '07:40:00', NULL, NULL, '2026-03-05 13:44:20', '2026-03-05 13:44:20'),
(2831, 75, '2026-02-07', 'exclu', NULL, NULL, NULL, NULL, '2026-03-05 13:44:20', '2026-03-05 13:44:20'),
(2832, 76, '2026-02-07', 'present', '18:23:00', '08:39:00', NULL, NULL, '2026-03-05 13:44:20', '2026-03-05 13:44:20'),
(2833, 77, '2026-02-07', 'present', '21:35:00', '06:13:00', NULL, NULL, '2026-03-05 13:44:20', '2026-03-05 13:44:20'),
(2834, 78, '2026-02-07', 'justifie', '22:31:00', '08:38:00', 'Certificat médical / Autorisation spéciale', 5, '2026-03-05 13:44:20', '2026-03-05 13:44:20'),
(2835, 79, '2026-02-07', 'present', '21:45:00', '06:44:00', NULL, NULL, '2026-03-05 13:44:20', '2026-03-05 13:44:20'),
(2836, 80, '2026-02-07', 'present', '18:00:00', '07:40:00', NULL, NULL, '2026-03-05 13:44:20', '2026-03-05 13:44:20'),
(2837, 81, '2026-02-07', 'present', '20:48:00', '07:30:00', NULL, NULL, '2026-03-05 13:44:20', '2026-03-05 13:44:20'),
(2838, 82, '2026-02-07', 'present', '20:29:00', '08:28:00', NULL, NULL, '2026-03-05 13:44:20', '2026-03-05 13:44:20'),
(2839, 83, '2026-02-07', 'present', '19:03:00', '06:42:00', NULL, NULL, '2026-03-05 13:44:20', '2026-03-05 13:44:20'),
(2840, 84, '2026-02-07', 'present', '18:20:00', '08:18:00', NULL, NULL, '2026-03-05 13:44:20', '2026-03-05 13:44:20'),
(2841, 85, '2026-02-07', 'present', '18:53:00', '08:11:00', NULL, NULL, '2026-03-05 13:44:20', '2026-03-05 13:44:20'),
(2842, 86, '2026-02-07', 'present', '21:39:00', '07:47:00', NULL, NULL, '2026-03-05 13:44:20', '2026-03-05 13:44:20'),
(2843, 87, '2026-02-07', 'present', '22:17:00', '08:45:00', NULL, NULL, '2026-03-05 13:44:20', '2026-03-05 13:44:20'),
(2844, 88, '2026-02-07', 'present', '19:02:00', '08:42:00', NULL, NULL, '2026-03-05 13:44:20', '2026-03-05 13:44:20'),
(2845, 89, '2026-02-07', 'present', '20:57:00', '08:27:00', NULL, NULL, '2026-03-05 13:44:20', '2026-03-05 13:44:20'),
(2846, 90, '2026-02-07', 'present', '18:24:00', '06:20:00', NULL, NULL, '2026-03-05 13:44:20', '2026-03-05 13:44:20'),
(2847, 91, '2026-02-07', 'present', '19:54:00', '06:39:00', NULL, NULL, '2026-03-05 13:44:20', '2026-03-05 13:44:20'),
(2848, 92, '2026-02-07', 'present', '21:40:00', '08:38:00', NULL, NULL, '2026-03-05 13:44:20', '2026-03-05 13:44:20'),
(2849, 93, '2026-02-07', 'present', '22:56:00', '07:38:00', NULL, NULL, '2026-03-05 13:44:20', '2026-03-05 13:44:20'),
(2850, 94, '2026-02-07', 'present', '19:01:00', '06:56:00', NULL, NULL, '2026-03-05 13:44:20', '2026-03-05 13:44:20'),
(2851, 95, '2026-02-07', 'present', '21:25:00', '08:33:00', NULL, NULL, '2026-03-05 13:44:20', '2026-03-05 13:44:20'),
(2852, 96, '2026-02-07', 'present', '19:18:00', '07:24:00', NULL, NULL, '2026-03-05 13:44:20', '2026-03-05 13:44:20'),
(2853, 97, '2026-02-07', 'present', '18:26:00', '07:47:00', NULL, NULL, '2026-03-05 13:44:20', '2026-03-05 13:44:20'),
(2854, 98, '2026-02-07', 'present', '22:28:00', '07:30:00', NULL, NULL, '2026-03-05 13:44:20', '2026-03-05 13:44:20'),
(2855, 99, '2026-02-07', 'present', '22:34:00', '07:13:00', NULL, NULL, '2026-03-05 13:44:20', '2026-03-05 13:44:20'),
(2856, 100, '2026-02-07', 'present', '21:21:00', '08:41:00', NULL, NULL, '2026-03-05 13:44:20', '2026-03-05 13:44:20'),
(2857, 101, '2026-02-07', 'present', '19:51:00', '06:47:00', NULL, NULL, '2026-03-05 13:44:20', '2026-03-05 13:44:20'),
(2858, 102, '2026-02-07', 'present', '20:57:00', '08:36:00', NULL, NULL, '2026-03-05 13:44:20', '2026-03-05 13:44:20'),
(2859, 103, '2026-02-07', 'present', '19:44:00', '06:50:00', NULL, NULL, '2026-03-05 13:44:20', '2026-03-05 13:44:20'),
(2860, 104, '2026-02-07', 'justifie', '18:42:00', '06:28:00', 'Certificat médical / Autorisation spéciale', 4, '2026-03-05 13:44:20', '2026-03-05 13:44:20'),
(2861, 105, '2026-02-07', 'present', '21:14:00', '08:31:00', NULL, NULL, '2026-03-05 13:44:20', '2026-03-05 13:44:20'),
(2862, 106, '2026-02-07', 'present', '22:34:00', '06:13:00', NULL, NULL, '2026-03-05 13:44:20', '2026-03-05 13:44:20'),
(2863, 1, '2026-02-06', 'present', '21:05:00', '06:13:00', NULL, NULL, '2026-03-05 13:44:20', '2026-03-05 13:44:20'),
(2864, 2, '2026-02-06', 'justifie', '21:52:00', '08:29:00', 'Certificat médical / Autorisation spéciale', 5, '2026-03-05 13:44:20', '2026-03-05 13:44:20'),
(2865, 3, '2026-02-06', 'present', '20:00:00', '08:18:00', NULL, NULL, '2026-03-05 13:44:20', '2026-03-05 13:44:20'),
(2866, 4, '2026-02-06', 'present', '20:31:00', '07:50:00', NULL, NULL, '2026-03-05 13:44:20', '2026-03-05 13:44:20'),
(2867, 5, '2026-02-06', 'present', '18:05:00', '08:12:00', NULL, NULL, '2026-03-05 13:44:20', '2026-03-05 13:44:20'),
(2868, 6, '2026-02-06', 'present', '22:47:00', '06:52:00', NULL, NULL, '2026-03-05 13:44:20', '2026-03-05 13:44:20'),
(2869, 7, '2026-02-06', 'present', '18:06:00', '07:07:00', NULL, NULL, '2026-03-05 13:44:20', '2026-03-05 13:44:20'),
(2870, 8, '2026-02-06', 'present', '21:10:00', '07:48:00', NULL, NULL, '2026-03-05 13:44:20', '2026-03-05 13:44:20'),
(2871, 9, '2026-02-06', 'present', '21:51:00', '06:21:00', NULL, NULL, '2026-03-05 13:44:20', '2026-03-05 13:44:20'),
(2872, 10, '2026-02-06', 'present', '20:08:00', '08:56:00', NULL, NULL, '2026-03-05 13:44:20', '2026-03-05 13:44:20'),
(2873, 11, '2026-02-06', 'present', '18:06:00', '07:56:00', NULL, NULL, '2026-03-05 13:44:20', '2026-03-05 13:44:20'),
(2874, 12, '2026-02-06', 'present', '22:55:00', '06:50:00', NULL, NULL, '2026-03-05 13:44:20', '2026-03-05 13:44:20'),
(2875, 13, '2026-02-06', 'present', '20:31:00', '08:27:00', NULL, NULL, '2026-03-05 13:44:20', '2026-03-05 13:44:20'),
(2876, 14, '2026-02-06', 'present', '20:12:00', '06:32:00', NULL, NULL, '2026-03-05 13:44:20', '2026-03-05 13:44:20'),
(2877, 15, '2026-02-06', 'absent', NULL, NULL, NULL, NULL, '2026-03-05 13:44:20', '2026-03-05 13:44:20'),
(2878, 16, '2026-02-06', 'present', '21:30:00', '07:38:00', NULL, NULL, '2026-03-05 13:44:20', '2026-03-05 13:44:20'),
(2879, 17, '2026-02-06', 'present', '18:47:00', '06:10:00', NULL, NULL, '2026-03-05 13:44:20', '2026-03-05 13:44:20'),
(2880, 18, '2026-02-06', 'present', '20:49:00', '07:07:00', NULL, NULL, '2026-03-05 13:44:20', '2026-03-05 13:44:20'),
(2881, 19, '2026-02-06', 'present', '22:08:00', '08:40:00', NULL, NULL, '2026-03-05 13:44:20', '2026-03-05 13:44:20'),
(2882, 20, '2026-02-06', 'exclu', NULL, NULL, NULL, NULL, '2026-03-05 13:44:20', '2026-03-05 13:44:20'),
(2883, 21, '2026-02-06', 'justifie', '22:49:00', '08:33:00', 'Certificat médical / Autorisation spéciale', 6, '2026-03-05 13:44:20', '2026-03-05 13:44:20'),
(2884, 22, '2026-02-06', 'present', '21:25:00', '06:51:00', NULL, NULL, '2026-03-05 13:44:20', '2026-03-05 13:44:20'),
(2885, 23, '2026-02-06', 'justifie', '22:14:00', '08:48:00', 'Certificat médical / Autorisation spéciale', 4, '2026-03-05 13:44:20', '2026-03-05 13:44:20'),
(2886, 24, '2026-02-06', 'present', '20:39:00', '07:31:00', NULL, NULL, '2026-03-05 13:44:20', '2026-03-05 13:44:20'),
(2887, 25, '2026-02-06', 'present', '22:29:00', '07:48:00', NULL, NULL, '2026-03-05 13:44:20', '2026-03-05 13:44:20'),
(2888, 26, '2026-02-06', 'present', '22:33:00', '06:29:00', NULL, NULL, '2026-03-05 13:44:20', '2026-03-05 13:44:20'),
(2889, 27, '2026-02-06', 'present', '19:14:00', '06:48:00', NULL, NULL, '2026-03-05 13:44:20', '2026-03-05 13:44:20'),
(2890, 28, '2026-02-06', 'absent', NULL, NULL, NULL, NULL, '2026-03-05 13:44:20', '2026-03-05 13:44:20'),
(2891, 29, '2026-02-06', 'present', '22:29:00', '08:46:00', NULL, NULL, '2026-03-05 13:44:20', '2026-03-05 13:44:20'),
(2892, 30, '2026-02-06', 'present', '20:26:00', '08:27:00', NULL, NULL, '2026-03-05 13:44:20', '2026-03-05 13:44:20'),
(2893, 31, '2026-02-06', 'exclu', NULL, NULL, NULL, NULL, '2026-03-05 13:44:20', '2026-03-05 13:44:20'),
(2894, 32, '2026-02-06', 'justifie', '19:10:00', '06:14:00', 'Certificat médical / Autorisation spéciale', 5, '2026-03-05 13:44:20', '2026-03-05 13:44:20'),
(2895, 33, '2026-02-06', 'present', '19:14:00', '06:33:00', NULL, NULL, '2026-03-05 13:44:20', '2026-03-05 13:44:20'),
(2896, 34, '2026-02-06', 'present', '18:34:00', '06:58:00', NULL, NULL, '2026-03-05 13:44:20', '2026-03-05 13:44:20'),
(2897, 35, '2026-02-06', 'present', '22:15:00', '07:16:00', NULL, NULL, '2026-03-05 13:44:20', '2026-03-05 13:44:20'),
(2898, 36, '2026-02-06', 'absent', NULL, NULL, NULL, NULL, '2026-03-05 13:44:20', '2026-03-05 13:44:20'),
(2899, 37, '2026-02-06', 'present', '18:42:00', '06:24:00', NULL, NULL, '2026-03-05 13:44:20', '2026-03-05 13:44:20'),
(2900, 38, '2026-02-06', 'present', '18:08:00', '06:48:00', NULL, NULL, '2026-03-05 13:44:20', '2026-03-05 13:44:20'),
(2901, 39, '2026-02-06', 'present', '21:35:00', '08:10:00', NULL, NULL, '2026-03-05 13:44:20', '2026-03-05 13:44:20'),
(2902, 40, '2026-02-06', 'present', '19:08:00', '07:10:00', NULL, NULL, '2026-03-05 13:44:20', '2026-03-05 13:44:20'),
(2903, 41, '2026-02-06', 'present', '18:20:00', '07:58:00', NULL, NULL, '2026-03-05 13:44:20', '2026-03-05 13:44:20'),
(2904, 42, '2026-02-06', 'present', '19:19:00', '07:59:00', NULL, NULL, '2026-03-05 13:44:20', '2026-03-05 13:44:20'),
(2905, 43, '2026-02-06', 'absent', NULL, NULL, NULL, NULL, '2026-03-05 13:44:20', '2026-03-05 13:44:20'),
(2906, 44, '2026-02-06', 'present', '20:10:00', '07:14:00', NULL, NULL, '2026-03-05 13:44:20', '2026-03-05 13:44:20'),
(2907, 45, '2026-02-06', 'present', '21:39:00', '06:49:00', NULL, NULL, '2026-03-05 13:44:20', '2026-03-05 13:44:20'),
(2908, 46, '2026-02-06', 'present', '21:33:00', '06:01:00', NULL, NULL, '2026-03-05 13:44:20', '2026-03-05 13:44:20'),
(2909, 47, '2026-02-06', 'present', '18:58:00', '06:31:00', NULL, NULL, '2026-03-05 13:44:20', '2026-03-05 13:44:20'),
(2910, 48, '2026-02-06', 'present', '21:51:00', '07:30:00', NULL, NULL, '2026-03-05 13:44:20', '2026-03-05 13:44:20'),
(2911, 49, '2026-02-06', 'present', '18:52:00', '06:02:00', NULL, NULL, '2026-03-05 13:44:20', '2026-03-05 13:44:20'),
(2912, 50, '2026-02-06', 'present', '20:45:00', '08:03:00', NULL, NULL, '2026-03-05 13:44:20', '2026-03-05 13:44:20'),
(2913, 51, '2026-02-06', 'present', '22:12:00', '07:19:00', NULL, NULL, '2026-03-05 13:44:20', '2026-03-05 13:44:20'),
(2914, 52, '2026-02-06', 'absent', NULL, NULL, NULL, NULL, '2026-03-05 13:44:20', '2026-03-05 13:44:20'),
(2915, 53, '2026-02-06', 'justifie', '21:08:00', '08:50:00', 'Certificat médical / Autorisation spéciale', 2, '2026-03-05 13:44:20', '2026-03-05 13:44:20'),
(2916, 54, '2026-02-06', 'present', '21:15:00', '08:22:00', NULL, NULL, '2026-03-05 13:44:20', '2026-03-05 13:44:20'),
(2917, 55, '2026-02-06', 'present', '18:30:00', '06:09:00', NULL, NULL, '2026-03-05 13:44:20', '2026-03-05 13:44:20'),
(2918, 56, '2026-02-06', 'present', '19:19:00', '06:54:00', NULL, NULL, '2026-03-05 13:44:20', '2026-03-05 13:44:20'),
(2919, 57, '2026-02-06', 'present', '21:14:00', '07:03:00', NULL, NULL, '2026-03-05 13:44:20', '2026-03-05 13:44:20'),
(2920, 58, '2026-02-06', 'present', '21:38:00', '06:27:00', NULL, NULL, '2026-03-05 13:44:20', '2026-03-05 13:44:20'),
(2921, 59, '2026-02-06', 'present', '18:26:00', '07:18:00', NULL, NULL, '2026-03-05 13:44:20', '2026-03-05 13:44:20'),
(2922, 60, '2026-02-06', 'present', '20:28:00', '07:45:00', NULL, NULL, '2026-03-05 13:44:20', '2026-03-05 13:44:20'),
(2923, 61, '2026-02-06', 'present', '18:02:00', '08:56:00', NULL, NULL, '2026-03-05 13:44:20', '2026-03-05 13:44:20'),
(2924, 62, '2026-02-06', 'present', '18:52:00', '08:25:00', NULL, NULL, '2026-03-05 13:44:20', '2026-03-05 13:44:20'),
(2925, 63, '2026-02-06', 'present', '21:38:00', '07:48:00', NULL, NULL, '2026-03-05 13:44:20', '2026-03-05 13:44:20'),
(2926, 64, '2026-02-06', 'present', '21:14:00', '08:45:00', NULL, NULL, '2026-03-05 13:44:20', '2026-03-05 13:44:20'),
(2927, 65, '2026-02-06', 'present', '19:17:00', '07:43:00', NULL, NULL, '2026-03-05 13:44:20', '2026-03-05 13:44:20'),
(2928, 66, '2026-02-06', 'present', '21:49:00', '07:54:00', NULL, NULL, '2026-03-05 13:44:20', '2026-03-05 13:44:20'),
(2929, 67, '2026-02-06', 'present', '18:48:00', '06:42:00', NULL, NULL, '2026-03-05 13:44:20', '2026-03-05 13:44:20'),
(2930, 68, '2026-02-06', 'present', '21:16:00', '07:07:00', NULL, NULL, '2026-03-05 13:44:20', '2026-03-05 13:44:20'),
(2931, 69, '2026-02-06', 'exclu', NULL, NULL, NULL, NULL, '2026-03-05 13:44:20', '2026-03-05 13:44:20'),
(2932, 70, '2026-02-06', 'present', '20:20:00', '07:59:00', NULL, NULL, '2026-03-05 13:44:20', '2026-03-05 13:44:20'),
(2933, 71, '2026-02-06', 'present', '18:29:00', '08:08:00', NULL, NULL, '2026-03-05 13:44:20', '2026-03-05 13:44:20'),
(2934, 72, '2026-02-06', 'present', '20:11:00', '07:30:00', NULL, NULL, '2026-03-05 13:44:20', '2026-03-05 13:44:20'),
(2935, 73, '2026-02-06', 'present', '20:54:00', '07:01:00', NULL, NULL, '2026-03-05 13:44:20', '2026-03-05 13:44:20'),
(2936, 74, '2026-02-06', 'present', '21:18:00', '08:34:00', NULL, NULL, '2026-03-05 13:44:20', '2026-03-05 13:44:20'),
(2937, 75, '2026-02-06', 'present', '19:46:00', '06:14:00', NULL, NULL, '2026-03-05 13:44:20', '2026-03-05 13:44:20'),
(2938, 76, '2026-02-06', 'present', '19:44:00', '07:54:00', NULL, NULL, '2026-03-05 13:44:20', '2026-03-05 13:44:20'),
(2939, 77, '2026-02-06', 'present', '20:54:00', '07:32:00', NULL, NULL, '2026-03-05 13:44:20', '2026-03-05 13:44:20'),
(2940, 78, '2026-02-06', 'present', '20:39:00', '08:50:00', NULL, NULL, '2026-03-05 13:44:20', '2026-03-05 13:44:20'),
(2941, 79, '2026-02-06', 'present', '20:14:00', '08:00:00', NULL, NULL, '2026-03-05 13:44:20', '2026-03-05 13:44:20'),
(2942, 80, '2026-02-06', 'present', '22:00:00', '07:22:00', NULL, NULL, '2026-03-05 13:44:20', '2026-03-05 13:44:20'),
(2943, 81, '2026-02-06', 'present', '22:08:00', '07:08:00', NULL, NULL, '2026-03-05 13:44:20', '2026-03-05 13:44:20'),
(2944, 82, '2026-02-06', 'present', '22:18:00', '08:43:00', NULL, NULL, '2026-03-05 13:44:20', '2026-03-05 13:44:20'),
(2945, 83, '2026-02-06', 'present', '18:54:00', '06:14:00', NULL, NULL, '2026-03-05 13:44:20', '2026-03-05 13:44:20'),
(2946, 84, '2026-02-06', 'absent', NULL, NULL, NULL, NULL, '2026-03-05 13:44:20', '2026-03-05 13:44:20'),
(2947, 85, '2026-02-06', 'present', '22:02:00', '06:46:00', NULL, NULL, '2026-03-05 13:44:20', '2026-03-05 13:44:20'),
(2948, 86, '2026-02-06', 'present', '22:49:00', '08:50:00', NULL, NULL, '2026-03-05 13:44:20', '2026-03-05 13:44:20'),
(2949, 87, '2026-02-06', 'present', '19:40:00', '08:20:00', NULL, NULL, '2026-03-05 13:44:20', '2026-03-05 13:44:20'),
(2950, 88, '2026-02-06', 'present', '19:21:00', '06:45:00', NULL, NULL, '2026-03-05 13:44:20', '2026-03-05 13:44:20'),
(2951, 89, '2026-02-06', 'present', '22:42:00', '07:44:00', NULL, NULL, '2026-03-05 13:44:20', '2026-03-05 13:44:20'),
(2952, 90, '2026-02-06', 'present', '20:14:00', '07:22:00', NULL, NULL, '2026-03-05 13:44:20', '2026-03-05 13:44:20'),
(2953, 91, '2026-02-06', 'present', '20:37:00', '06:30:00', NULL, NULL, '2026-03-05 13:44:20', '2026-03-05 13:44:20'),
(2954, 92, '2026-02-06', 'present', '19:00:00', '08:39:00', NULL, NULL, '2026-03-05 13:44:20', '2026-03-05 13:44:20'),
(2955, 93, '2026-02-06', 'present', '18:39:00', '07:56:00', NULL, NULL, '2026-03-05 13:44:20', '2026-03-05 13:44:20'),
(2956, 94, '2026-02-06', 'present', '20:21:00', '08:49:00', NULL, NULL, '2026-03-05 13:44:20', '2026-03-05 13:44:20'),
(2957, 95, '2026-02-06', 'present', '19:33:00', '06:18:00', NULL, NULL, '2026-03-05 13:44:20', '2026-03-05 13:44:20'),
(2958, 96, '2026-02-06', 'present', '22:24:00', '06:27:00', NULL, NULL, '2026-03-05 13:44:20', '2026-03-05 13:44:20'),
(2959, 97, '2026-02-06', 'present', '21:45:00', '07:31:00', NULL, NULL, '2026-03-05 13:44:20', '2026-03-05 13:44:20'),
(2960, 98, '2026-02-06', 'present', '22:20:00', '07:30:00', NULL, NULL, '2026-03-05 13:44:20', '2026-03-05 13:44:20'),
(2961, 99, '2026-02-06', 'present', '22:32:00', '07:37:00', NULL, NULL, '2026-03-05 13:44:20', '2026-03-05 13:44:20'),
(2962, 100, '2026-02-06', 'present', '19:54:00', '07:13:00', NULL, NULL, '2026-03-05 13:44:20', '2026-03-05 13:44:20'),
(2963, 101, '2026-02-06', 'absent', NULL, NULL, NULL, NULL, '2026-03-05 13:44:20', '2026-03-05 13:44:20'),
(2964, 102, '2026-02-06', 'present', '19:50:00', '08:27:00', NULL, NULL, '2026-03-05 13:44:20', '2026-03-05 13:44:20'),
(2965, 103, '2026-02-06', 'present', '22:57:00', '08:24:00', NULL, NULL, '2026-03-05 13:44:20', '2026-03-05 13:44:20'),
(2966, 104, '2026-02-06', 'present', '18:55:00', '07:27:00', NULL, NULL, '2026-03-05 13:44:20', '2026-03-05 13:44:20'),
(2967, 105, '2026-02-06', 'exclu', NULL, NULL, NULL, NULL, '2026-03-05 13:44:20', '2026-03-05 13:44:20'),
(2968, 106, '2026-02-06', 'present', '20:35:00', '08:20:00', NULL, NULL, '2026-03-05 13:44:20', '2026-03-05 13:44:20'),
(2969, 1, '2026-02-05', 'present', '19:16:00', '06:16:00', NULL, NULL, '2026-03-05 13:44:20', '2026-03-05 13:44:20'),
(2970, 2, '2026-02-05', 'present', '22:33:00', '06:21:00', NULL, NULL, '2026-03-05 13:44:20', '2026-03-05 13:44:20'),
(2971, 3, '2026-02-05', 'present', '22:14:00', '06:38:00', NULL, NULL, '2026-03-05 13:44:20', '2026-03-05 13:44:20'),
(2972, 4, '2026-02-05', 'present', '19:29:00', '08:32:00', NULL, NULL, '2026-03-05 13:44:20', '2026-03-05 13:44:20'),
(2973, 5, '2026-02-05', 'present', '19:42:00', '07:18:00', NULL, NULL, '2026-03-05 13:44:20', '2026-03-05 13:44:20'),
(2974, 6, '2026-02-05', 'present', '21:14:00', '07:22:00', NULL, NULL, '2026-03-05 13:44:20', '2026-03-05 13:44:20'),
(2975, 7, '2026-02-05', 'present', '21:15:00', '08:26:00', NULL, NULL, '2026-03-05 13:44:20', '2026-03-05 13:44:20'),
(2976, 8, '2026-02-05', 'exclu', NULL, NULL, NULL, NULL, '2026-03-05 13:44:20', '2026-03-05 13:44:20');
INSERT INTO `presences` (`id`, `etudiant_id`, `date`, `statut`, `heure_entree`, `heure_sortie`, `justification`, `valide_par`, `created_at`, `updated_at`) VALUES
(2977, 9, '2026-02-05', 'present', '20:18:00', '08:58:00', NULL, NULL, '2026-03-05 13:44:20', '2026-03-05 13:44:20'),
(2978, 10, '2026-02-05', 'present', '22:00:00', '06:41:00', NULL, NULL, '2026-03-05 13:44:20', '2026-03-05 13:44:20'),
(2979, 11, '2026-02-05', 'present', '20:15:00', '06:31:00', NULL, NULL, '2026-03-05 13:44:20', '2026-03-05 13:44:20'),
(2980, 12, '2026-02-05', 'present', '18:33:00', '08:59:00', NULL, NULL, '2026-03-05 13:44:20', '2026-03-05 13:44:20'),
(2981, 13, '2026-02-05', 'present', '18:42:00', '07:22:00', NULL, NULL, '2026-03-05 13:44:20', '2026-03-05 13:44:20'),
(2982, 14, '2026-02-05', 'present', '21:40:00', '07:22:00', NULL, NULL, '2026-03-05 13:44:20', '2026-03-05 13:44:20'),
(2983, 15, '2026-02-05', 'present', '20:12:00', '07:18:00', NULL, NULL, '2026-03-05 13:44:20', '2026-03-05 13:44:20'),
(2984, 16, '2026-02-05', 'present', '18:49:00', '06:08:00', NULL, NULL, '2026-03-05 13:44:20', '2026-03-05 13:44:20'),
(2985, 17, '2026-02-05', 'present', '22:32:00', '07:18:00', NULL, NULL, '2026-03-05 13:44:20', '2026-03-05 13:44:20'),
(2986, 18, '2026-02-05', 'present', '20:33:00', '06:03:00', NULL, NULL, '2026-03-05 13:44:20', '2026-03-05 13:44:20'),
(2987, 19, '2026-02-05', 'exclu', NULL, NULL, NULL, NULL, '2026-03-05 13:44:20', '2026-03-05 13:44:20'),
(2988, 20, '2026-02-05', 'present', '18:52:00', '06:51:00', NULL, NULL, '2026-03-05 13:44:20', '2026-03-05 13:44:20'),
(2989, 21, '2026-02-05', 'present', '19:52:00', '08:21:00', NULL, NULL, '2026-03-05 13:44:20', '2026-03-05 13:44:20'),
(2990, 22, '2026-02-05', 'present', '22:53:00', '06:37:00', NULL, NULL, '2026-03-05 13:44:20', '2026-03-05 13:44:20'),
(2991, 23, '2026-02-05', 'present', '21:32:00', '07:49:00', NULL, NULL, '2026-03-05 13:44:20', '2026-03-05 13:44:20'),
(2992, 24, '2026-02-05', 'present', '21:03:00', '08:29:00', NULL, NULL, '2026-03-05 13:44:20', '2026-03-05 13:44:20'),
(2993, 25, '2026-02-05', 'present', '19:47:00', '08:53:00', NULL, NULL, '2026-03-05 13:44:20', '2026-03-05 13:44:20'),
(2994, 26, '2026-02-05', 'present', '19:14:00', '08:00:00', NULL, NULL, '2026-03-05 13:44:20', '2026-03-05 13:44:20'),
(2995, 27, '2026-02-05', 'present', '18:53:00', '07:52:00', NULL, NULL, '2026-03-05 13:44:20', '2026-03-05 13:44:20'),
(2996, 28, '2026-02-05', 'present', '21:07:00', '08:09:00', NULL, NULL, '2026-03-05 13:44:20', '2026-03-05 13:44:20'),
(2997, 29, '2026-02-05', 'present', '21:37:00', '07:10:00', NULL, NULL, '2026-03-05 13:44:20', '2026-03-05 13:44:20'),
(2998, 30, '2026-02-05', 'present', '21:26:00', '06:26:00', NULL, NULL, '2026-03-05 13:44:20', '2026-03-05 13:44:20'),
(2999, 31, '2026-02-05', 'absent', NULL, NULL, NULL, NULL, '2026-03-05 13:44:20', '2026-03-05 13:44:20'),
(3000, 32, '2026-02-05', 'present', '20:38:00', '06:42:00', NULL, NULL, '2026-03-05 13:44:20', '2026-03-05 13:44:20'),
(3001, 33, '2026-02-05', 'present', '20:45:00', '08:34:00', NULL, NULL, '2026-03-05 13:44:20', '2026-03-05 13:44:20'),
(3002, 34, '2026-02-05', 'present', '19:56:00', '06:48:00', NULL, NULL, '2026-03-05 13:44:20', '2026-03-05 13:44:20'),
(3003, 35, '2026-02-05', 'present', '22:01:00', '07:27:00', NULL, NULL, '2026-03-05 13:44:20', '2026-03-05 13:44:20'),
(3004, 36, '2026-02-05', 'present', '18:20:00', '07:18:00', NULL, NULL, '2026-03-05 13:44:20', '2026-03-05 13:44:20'),
(3005, 37, '2026-02-05', 'absent', NULL, NULL, NULL, NULL, '2026-03-05 13:44:20', '2026-03-05 13:44:20'),
(3006, 38, '2026-02-05', 'justifie', '19:15:00', '07:08:00', 'Certificat médical / Autorisation spéciale', 2, '2026-03-05 13:44:20', '2026-03-05 13:44:20'),
(3007, 39, '2026-02-05', 'present', '20:21:00', '07:23:00', NULL, NULL, '2026-03-05 13:44:20', '2026-03-05 13:44:20'),
(3008, 40, '2026-02-05', 'present', '18:10:00', '08:28:00', NULL, NULL, '2026-03-05 13:44:20', '2026-03-05 13:44:20'),
(3009, 41, '2026-02-05', 'present', '20:54:00', '08:17:00', NULL, NULL, '2026-03-05 13:44:20', '2026-03-05 13:44:20'),
(3010, 42, '2026-02-05', 'present', '22:16:00', '07:39:00', NULL, NULL, '2026-03-05 13:44:20', '2026-03-05 13:44:20'),
(3011, 43, '2026-02-05', 'present', '18:31:00', '08:01:00', NULL, NULL, '2026-03-05 13:44:20', '2026-03-05 13:44:20'),
(3012, 44, '2026-02-05', 'present', '22:44:00', '06:24:00', NULL, NULL, '2026-03-05 13:44:20', '2026-03-05 13:44:20'),
(3013, 45, '2026-02-05', 'justifie', '21:30:00', '06:54:00', 'Certificat médical / Autorisation spéciale', 6, '2026-03-05 13:44:20', '2026-03-05 13:44:20'),
(3014, 46, '2026-02-05', 'present', '22:27:00', '06:51:00', NULL, NULL, '2026-03-05 13:44:20', '2026-03-05 13:44:20'),
(3015, 47, '2026-02-05', 'present', '22:36:00', '07:19:00', NULL, NULL, '2026-03-05 13:44:20', '2026-03-05 13:44:20'),
(3016, 48, '2026-02-05', 'present', '20:36:00', '07:20:00', NULL, NULL, '2026-03-05 13:44:20', '2026-03-05 13:44:20'),
(3017, 49, '2026-02-05', 'present', '18:48:00', '07:05:00', NULL, NULL, '2026-03-05 13:44:20', '2026-03-05 13:44:20'),
(3018, 50, '2026-02-05', 'exclu', NULL, NULL, NULL, NULL, '2026-03-05 13:44:20', '2026-03-05 13:44:20'),
(3019, 51, '2026-02-05', 'present', '22:04:00', '07:42:00', NULL, NULL, '2026-03-05 13:44:20', '2026-03-05 13:44:20'),
(3020, 52, '2026-02-05', 'present', '19:10:00', '08:51:00', NULL, NULL, '2026-03-05 13:44:20', '2026-03-05 13:44:20'),
(3021, 53, '2026-02-05', 'present', '22:34:00', '06:59:00', NULL, NULL, '2026-03-05 13:44:20', '2026-03-05 13:44:20'),
(3022, 54, '2026-02-05', 'present', '20:39:00', '07:14:00', NULL, NULL, '2026-03-05 13:44:20', '2026-03-05 13:44:20'),
(3023, 55, '2026-02-05', 'present', '20:50:00', '07:31:00', NULL, NULL, '2026-03-05 13:44:20', '2026-03-05 13:44:20'),
(3024, 56, '2026-02-05', 'present', '19:33:00', '08:18:00', NULL, NULL, '2026-03-05 13:44:20', '2026-03-05 13:44:20'),
(3025, 57, '2026-02-05', 'present', '20:13:00', '06:39:00', NULL, NULL, '2026-03-05 13:44:20', '2026-03-05 13:44:20'),
(3026, 58, '2026-02-05', 'present', '18:46:00', '06:02:00', NULL, NULL, '2026-03-05 13:44:20', '2026-03-05 13:44:20'),
(3027, 59, '2026-02-05', 'present', '22:31:00', '07:14:00', NULL, NULL, '2026-03-05 13:44:20', '2026-03-05 13:44:20'),
(3028, 60, '2026-02-05', 'present', '21:40:00', '07:28:00', NULL, NULL, '2026-03-05 13:44:20', '2026-03-05 13:44:20'),
(3029, 61, '2026-02-05', 'present', '19:21:00', '08:44:00', NULL, NULL, '2026-03-05 13:44:20', '2026-03-05 13:44:20'),
(3030, 62, '2026-02-05', 'present', '20:59:00', '07:53:00', NULL, NULL, '2026-03-05 13:44:20', '2026-03-05 13:44:20'),
(3031, 63, '2026-02-05', 'absent', NULL, NULL, NULL, NULL, '2026-03-05 13:44:20', '2026-03-05 13:44:20'),
(3032, 64, '2026-02-05', 'present', '20:13:00', '08:22:00', NULL, NULL, '2026-03-05 13:44:20', '2026-03-05 13:44:20'),
(3033, 65, '2026-02-05', 'present', '19:35:00', '06:37:00', NULL, NULL, '2026-03-05 13:44:20', '2026-03-05 13:44:20'),
(3034, 66, '2026-02-05', 'present', '20:19:00', '08:22:00', NULL, NULL, '2026-03-05 13:44:20', '2026-03-05 13:44:20'),
(3035, 67, '2026-02-05', 'exclu', NULL, NULL, NULL, NULL, '2026-03-05 13:44:20', '2026-03-05 13:44:20'),
(3036, 68, '2026-02-05', 'present', '19:07:00', '07:28:00', NULL, NULL, '2026-03-05 13:44:20', '2026-03-05 13:44:20'),
(3037, 69, '2026-02-05', 'present', '19:37:00', '07:32:00', NULL, NULL, '2026-03-05 13:44:20', '2026-03-05 13:44:20'),
(3038, 70, '2026-02-05', 'present', '18:01:00', '07:45:00', NULL, NULL, '2026-03-05 13:44:20', '2026-03-05 13:44:20'),
(3039, 71, '2026-02-05', 'present', '21:58:00', '07:39:00', NULL, NULL, '2026-03-05 13:44:20', '2026-03-05 13:44:20'),
(3040, 72, '2026-02-05', 'present', '21:27:00', '08:23:00', NULL, NULL, '2026-03-05 13:44:20', '2026-03-05 13:44:20'),
(3041, 73, '2026-02-05', 'present', '21:00:00', '08:21:00', NULL, NULL, '2026-03-05 13:44:20', '2026-03-05 13:44:20'),
(3042, 74, '2026-02-05', 'present', '21:30:00', '07:57:00', NULL, NULL, '2026-03-05 13:44:20', '2026-03-05 13:44:20'),
(3043, 75, '2026-02-05', 'present', '22:09:00', '07:04:00', NULL, NULL, '2026-03-05 13:44:20', '2026-03-05 13:44:20'),
(3044, 76, '2026-02-05', 'present', '19:42:00', '06:15:00', NULL, NULL, '2026-03-05 13:44:20', '2026-03-05 13:44:20'),
(3045, 77, '2026-02-05', 'present', '21:22:00', '06:31:00', NULL, NULL, '2026-03-05 13:44:20', '2026-03-05 13:44:20'),
(3046, 78, '2026-02-05', 'present', '20:21:00', '08:23:00', NULL, NULL, '2026-03-05 13:44:20', '2026-03-05 13:44:20'),
(3047, 79, '2026-02-05', 'present', '18:08:00', '07:55:00', NULL, NULL, '2026-03-05 13:44:20', '2026-03-05 13:44:20'),
(3048, 80, '2026-02-05', 'present', '18:10:00', '06:52:00', NULL, NULL, '2026-03-05 13:44:20', '2026-03-05 13:44:20'),
(3049, 81, '2026-02-05', 'present', '18:31:00', '08:38:00', NULL, NULL, '2026-03-05 13:44:20', '2026-03-05 13:44:20'),
(3050, 82, '2026-02-05', 'present', '22:02:00', '07:37:00', NULL, NULL, '2026-03-05 13:44:20', '2026-03-05 13:44:20'),
(3051, 83, '2026-02-05', 'present', '22:17:00', '06:26:00', NULL, NULL, '2026-03-05 13:44:20', '2026-03-05 13:44:20'),
(3052, 84, '2026-02-05', 'present', '19:32:00', '06:45:00', NULL, NULL, '2026-03-05 13:44:20', '2026-03-05 13:44:20'),
(3053, 85, '2026-02-05', 'present', '21:42:00', '06:32:00', NULL, NULL, '2026-03-05 13:44:20', '2026-03-05 13:44:20'),
(3054, 86, '2026-02-05', 'present', '18:13:00', '07:11:00', NULL, NULL, '2026-03-05 13:44:20', '2026-03-05 13:44:20'),
(3055, 87, '2026-02-05', 'absent', NULL, NULL, NULL, NULL, '2026-03-05 13:44:20', '2026-03-05 13:44:20'),
(3056, 88, '2026-02-05', 'present', '22:46:00', '08:44:00', NULL, NULL, '2026-03-05 13:44:20', '2026-03-05 13:44:20'),
(3057, 89, '2026-02-05', 'present', '22:12:00', '06:21:00', NULL, NULL, '2026-03-05 13:44:20', '2026-03-05 13:44:20'),
(3058, 90, '2026-02-05', 'present', '19:23:00', '06:39:00', NULL, NULL, '2026-03-05 13:44:20', '2026-03-05 13:44:20'),
(3059, 91, '2026-02-05', 'present', '20:38:00', '06:50:00', NULL, NULL, '2026-03-05 13:44:20', '2026-03-05 13:44:20'),
(3060, 92, '2026-02-05', 'present', '18:19:00', '06:26:00', NULL, NULL, '2026-03-05 13:44:20', '2026-03-05 13:44:20'),
(3061, 93, '2026-02-05', 'present', '20:55:00', '07:59:00', NULL, NULL, '2026-03-05 13:44:20', '2026-03-05 13:44:20'),
(3062, 94, '2026-02-05', 'present', '19:56:00', '06:53:00', NULL, NULL, '2026-03-05 13:44:20', '2026-03-05 13:44:20'),
(3063, 95, '2026-02-05', 'present', '19:13:00', '07:11:00', NULL, NULL, '2026-03-05 13:44:20', '2026-03-05 13:44:20'),
(3064, 96, '2026-02-05', 'present', '20:28:00', '08:43:00', NULL, NULL, '2026-03-05 13:44:20', '2026-03-05 13:44:20'),
(3065, 97, '2026-02-05', 'present', '22:59:00', '08:44:00', NULL, NULL, '2026-03-05 13:44:20', '2026-03-05 13:44:20'),
(3066, 98, '2026-02-05', 'present', '19:42:00', '08:23:00', NULL, NULL, '2026-03-05 13:44:20', '2026-03-05 13:44:20'),
(3067, 99, '2026-02-05', 'present', '22:04:00', '07:45:00', NULL, NULL, '2026-03-05 13:44:20', '2026-03-05 13:44:20'),
(3068, 100, '2026-02-05', 'present', '21:43:00', '06:46:00', NULL, NULL, '2026-03-05 13:44:20', '2026-03-05 13:44:20'),
(3069, 101, '2026-02-05', 'present', '18:15:00', '07:19:00', NULL, NULL, '2026-03-05 13:44:20', '2026-03-05 13:44:20'),
(3070, 102, '2026-02-05', 'justifie', '21:23:00', '08:34:00', 'Certificat médical / Autorisation spéciale', 3, '2026-03-05 13:44:20', '2026-03-05 13:44:20'),
(3071, 103, '2026-02-05', 'present', '19:46:00', '07:48:00', NULL, NULL, '2026-03-05 13:44:20', '2026-03-05 13:44:20'),
(3072, 104, '2026-02-05', 'present', '22:14:00', '07:53:00', NULL, NULL, '2026-03-05 13:44:20', '2026-03-05 13:44:20'),
(3073, 105, '2026-02-05', 'present', '21:35:00', '07:57:00', NULL, NULL, '2026-03-05 13:44:20', '2026-03-05 13:44:20'),
(3074, 106, '2026-02-05', 'justifie', '18:53:00', '06:51:00', 'Certificat médical / Autorisation spéciale', 3, '2026-03-05 13:44:20', '2026-03-05 13:44:20'),
(3075, 1, '2026-02-04', 'present', '22:40:00', '07:46:00', NULL, NULL, '2026-03-05 13:44:20', '2026-03-05 13:44:20'),
(3076, 2, '2026-02-04', 'present', '22:07:00', '07:01:00', NULL, NULL, '2026-03-05 13:44:20', '2026-03-05 13:44:20'),
(3077, 3, '2026-02-04', 'absent', NULL, NULL, NULL, NULL, '2026-03-05 13:44:20', '2026-03-05 13:44:20'),
(3078, 4, '2026-02-04', 'present', '20:34:00', '07:03:00', NULL, NULL, '2026-03-05 13:44:20', '2026-03-05 13:44:20'),
(3079, 5, '2026-02-04', 'present', '18:57:00', '08:16:00', NULL, NULL, '2026-03-05 13:44:20', '2026-03-05 13:44:20'),
(3080, 6, '2026-02-04', 'justifie', '21:37:00', '07:18:00', 'Certificat médical / Autorisation spéciale', 4, '2026-03-05 13:44:20', '2026-03-05 13:44:20'),
(3081, 7, '2026-02-04', 'absent', NULL, NULL, NULL, NULL, '2026-03-05 13:44:20', '2026-03-05 13:44:20'),
(3082, 8, '2026-02-04', 'present', '18:37:00', '07:03:00', NULL, NULL, '2026-03-05 13:44:20', '2026-03-05 13:44:20'),
(3083, 9, '2026-02-04', 'present', '18:28:00', '07:22:00', NULL, NULL, '2026-03-05 13:44:20', '2026-03-05 13:44:20'),
(3084, 10, '2026-02-04', 'present', '19:36:00', '07:19:00', NULL, NULL, '2026-03-05 13:44:20', '2026-03-05 13:44:20'),
(3085, 11, '2026-02-04', 'justifie', '19:12:00', '07:33:00', 'Certificat médical / Autorisation spéciale', 6, '2026-03-05 13:44:20', '2026-03-05 13:44:20'),
(3086, 12, '2026-02-04', 'present', '20:47:00', '06:00:00', NULL, NULL, '2026-03-05 13:44:20', '2026-03-05 13:44:20'),
(3087, 13, '2026-02-04', 'present', '22:10:00', '08:22:00', NULL, NULL, '2026-03-05 13:44:20', '2026-03-05 13:44:20'),
(3088, 14, '2026-02-04', 'present', '22:26:00', '08:39:00', NULL, NULL, '2026-03-05 13:44:20', '2026-03-05 13:44:20'),
(3089, 15, '2026-02-04', 'present', '22:56:00', '06:45:00', NULL, NULL, '2026-03-05 13:44:20', '2026-03-05 13:44:20'),
(3090, 16, '2026-02-04', 'present', '20:03:00', '08:34:00', NULL, NULL, '2026-03-05 13:44:20', '2026-03-05 13:44:20'),
(3091, 17, '2026-02-04', 'present', '22:34:00', '06:39:00', NULL, NULL, '2026-03-05 13:44:20', '2026-03-05 13:44:20'),
(3092, 18, '2026-02-04', 'exclu', NULL, NULL, NULL, NULL, '2026-03-05 13:44:20', '2026-03-05 13:44:20'),
(3093, 19, '2026-02-04', 'present', '21:38:00', '08:11:00', NULL, NULL, '2026-03-05 13:44:20', '2026-03-05 13:44:20'),
(3094, 20, '2026-02-04', 'justifie', '21:21:00', '08:01:00', 'Certificat médical / Autorisation spéciale', 6, '2026-03-05 13:44:20', '2026-03-05 13:44:20'),
(3095, 21, '2026-02-04', 'present', '22:27:00', '08:15:00', NULL, NULL, '2026-03-05 13:44:20', '2026-03-05 13:44:20'),
(3096, 22, '2026-02-04', 'present', '22:38:00', '07:34:00', NULL, NULL, '2026-03-05 13:44:20', '2026-03-05 13:44:20'),
(3097, 23, '2026-02-04', 'present', '21:27:00', '08:10:00', NULL, NULL, '2026-03-05 13:44:20', '2026-03-05 13:44:20'),
(3098, 24, '2026-02-04', 'present', '21:58:00', '06:42:00', NULL, NULL, '2026-03-05 13:44:20', '2026-03-05 13:44:20'),
(3099, 25, '2026-02-04', 'present', '18:07:00', '07:17:00', NULL, NULL, '2026-03-05 13:44:20', '2026-03-05 13:44:20'),
(3100, 26, '2026-02-04', 'present', '22:02:00', '08:23:00', NULL, NULL, '2026-03-05 13:44:20', '2026-03-05 13:44:20'),
(3101, 27, '2026-02-04', 'present', '20:03:00', '07:55:00', NULL, NULL, '2026-03-05 13:44:20', '2026-03-05 13:44:20'),
(3102, 28, '2026-02-04', 'present', '18:47:00', '07:56:00', NULL, NULL, '2026-03-05 13:44:20', '2026-03-05 13:44:20'),
(3103, 29, '2026-02-04', 'present', '18:59:00', '08:55:00', NULL, NULL, '2026-03-05 13:44:20', '2026-03-05 13:44:20'),
(3104, 30, '2026-02-04', 'present', '20:21:00', '08:46:00', NULL, NULL, '2026-03-05 13:44:20', '2026-03-05 13:44:20'),
(3105, 31, '2026-02-04', 'present', '22:09:00', '08:40:00', NULL, NULL, '2026-03-05 13:44:20', '2026-03-05 13:44:20'),
(3106, 32, '2026-02-04', 'present', '19:48:00', '06:21:00', NULL, NULL, '2026-03-05 13:44:20', '2026-03-05 13:44:20'),
(3107, 33, '2026-02-04', 'absent', NULL, NULL, NULL, NULL, '2026-03-05 13:44:20', '2026-03-05 13:44:20'),
(3108, 34, '2026-02-04', 'present', '22:53:00', '06:11:00', NULL, NULL, '2026-03-05 13:44:20', '2026-03-05 13:44:20'),
(3109, 35, '2026-02-04', 'present', '18:29:00', '07:02:00', NULL, NULL, '2026-03-05 13:44:20', '2026-03-05 13:44:20'),
(3110, 36, '2026-02-04', 'exclu', NULL, NULL, NULL, NULL, '2026-03-05 13:44:20', '2026-03-05 13:44:20'),
(3111, 37, '2026-02-04', 'present', '20:40:00', '08:15:00', NULL, NULL, '2026-03-05 13:44:20', '2026-03-05 13:44:20'),
(3112, 38, '2026-02-04', 'present', '18:45:00', '08:45:00', NULL, NULL, '2026-03-05 13:44:20', '2026-03-05 13:44:20'),
(3113, 39, '2026-02-04', 'present', '18:19:00', '07:24:00', NULL, NULL, '2026-03-05 13:44:20', '2026-03-05 13:44:20'),
(3114, 40, '2026-02-04', 'present', '20:39:00', '07:41:00', NULL, NULL, '2026-03-05 13:44:20', '2026-03-05 13:44:20'),
(3115, 41, '2026-02-04', 'justifie', '19:48:00', '08:14:00', 'Certificat médical / Autorisation spéciale', 2, '2026-03-05 13:44:20', '2026-03-05 13:44:20'),
(3116, 42, '2026-02-04', 'present', '20:24:00', '07:17:00', NULL, NULL, '2026-03-05 13:44:20', '2026-03-05 13:44:20'),
(3117, 43, '2026-02-04', 'present', '18:55:00', '07:48:00', NULL, NULL, '2026-03-05 13:44:20', '2026-03-05 13:44:20'),
(3118, 44, '2026-02-04', 'exclu', NULL, NULL, NULL, NULL, '2026-03-05 13:44:20', '2026-03-05 13:44:20'),
(3119, 45, '2026-02-04', 'present', '22:32:00', '06:35:00', NULL, NULL, '2026-03-05 13:44:20', '2026-03-05 13:44:20'),
(3120, 46, '2026-02-04', 'present', '19:46:00', '07:42:00', NULL, NULL, '2026-03-05 13:44:20', '2026-03-05 13:44:20'),
(3121, 47, '2026-02-04', 'present', '18:11:00', '08:56:00', NULL, NULL, '2026-03-05 13:44:20', '2026-03-05 13:44:20'),
(3122, 48, '2026-02-04', 'present', '18:19:00', '08:11:00', NULL, NULL, '2026-03-05 13:44:20', '2026-03-05 13:44:20'),
(3123, 49, '2026-02-04', 'present', '22:34:00', '08:25:00', NULL, NULL, '2026-03-05 13:44:20', '2026-03-05 13:44:20'),
(3124, 50, '2026-02-04', 'present', '22:20:00', '06:11:00', NULL, NULL, '2026-03-05 13:44:20', '2026-03-05 13:44:20'),
(3125, 51, '2026-02-04', 'present', '19:54:00', '08:47:00', NULL, NULL, '2026-03-05 13:44:20', '2026-03-05 13:44:20'),
(3126, 52, '2026-02-04', 'absent', NULL, NULL, NULL, NULL, '2026-03-05 13:44:20', '2026-03-05 13:44:20'),
(3127, 53, '2026-02-04', 'present', '18:55:00', '08:14:00', NULL, NULL, '2026-03-05 13:44:20', '2026-03-05 13:44:20'),
(3128, 54, '2026-02-04', 'present', '20:47:00', '07:27:00', NULL, NULL, '2026-03-05 13:44:20', '2026-03-05 13:44:20'),
(3129, 55, '2026-02-04', 'present', '21:12:00', '06:53:00', NULL, NULL, '2026-03-05 13:44:20', '2026-03-05 13:44:20'),
(3130, 56, '2026-02-04', 'present', '18:33:00', '08:27:00', NULL, NULL, '2026-03-05 13:44:20', '2026-03-05 13:44:20'),
(3131, 57, '2026-02-04', 'present', '18:08:00', '08:20:00', NULL, NULL, '2026-03-05 13:44:20', '2026-03-05 13:44:20'),
(3132, 58, '2026-02-04', 'present', '21:21:00', '08:45:00', NULL, NULL, '2026-03-05 13:44:20', '2026-03-05 13:44:20'),
(3133, 59, '2026-02-04', 'absent', NULL, NULL, NULL, NULL, '2026-03-05 13:44:20', '2026-03-05 13:44:20'),
(3134, 60, '2026-02-04', 'present', '18:46:00', '07:08:00', NULL, NULL, '2026-03-05 13:44:20', '2026-03-05 13:44:20'),
(3135, 61, '2026-02-04', 'present', '22:17:00', '07:00:00', NULL, NULL, '2026-03-05 13:44:20', '2026-03-05 13:44:20'),
(3136, 62, '2026-02-04', 'present', '21:54:00', '08:48:00', NULL, NULL, '2026-03-05 13:44:20', '2026-03-05 13:44:20'),
(3137, 63, '2026-02-04', 'present', '19:23:00', '07:03:00', NULL, NULL, '2026-03-05 13:44:20', '2026-03-05 13:44:20'),
(3138, 64, '2026-02-04', 'present', '18:42:00', '08:23:00', NULL, NULL, '2026-03-05 13:44:20', '2026-03-05 13:44:20'),
(3139, 65, '2026-02-04', 'present', '22:57:00', '06:10:00', NULL, NULL, '2026-03-05 13:44:20', '2026-03-05 13:44:20'),
(3140, 66, '2026-02-04', 'present', '21:39:00', '07:56:00', NULL, NULL, '2026-03-05 13:44:20', '2026-03-05 13:44:20'),
(3141, 67, '2026-02-04', 'present', '22:46:00', '08:48:00', NULL, NULL, '2026-03-05 13:44:20', '2026-03-05 13:44:20'),
(3142, 68, '2026-02-04', 'present', '21:27:00', '07:37:00', NULL, NULL, '2026-03-05 13:44:20', '2026-03-05 13:44:20'),
(3143, 69, '2026-02-04', 'exclu', NULL, NULL, NULL, NULL, '2026-03-05 13:44:20', '2026-03-05 13:44:20'),
(3144, 70, '2026-02-04', 'present', '22:03:00', '07:55:00', NULL, NULL, '2026-03-05 13:44:20', '2026-03-05 13:44:20'),
(3145, 71, '2026-02-04', 'present', '20:48:00', '06:29:00', NULL, NULL, '2026-03-05 13:44:20', '2026-03-05 13:44:20'),
(3146, 72, '2026-02-04', 'present', '22:07:00', '07:55:00', NULL, NULL, '2026-03-05 13:44:20', '2026-03-05 13:44:20'),
(3147, 73, '2026-02-04', 'present', '21:06:00', '08:20:00', NULL, NULL, '2026-03-05 13:44:20', '2026-03-05 13:44:20'),
(3148, 74, '2026-02-04', 'present', '22:50:00', '06:02:00', NULL, NULL, '2026-03-05 13:44:20', '2026-03-05 13:44:20'),
(3149, 75, '2026-02-04', 'present', '22:04:00', '06:07:00', NULL, NULL, '2026-03-05 13:44:20', '2026-03-05 13:44:20'),
(3150, 76, '2026-02-04', 'exclu', NULL, NULL, NULL, NULL, '2026-03-05 13:44:20', '2026-03-05 13:44:20'),
(3151, 77, '2026-02-04', 'present', '21:16:00', '06:41:00', NULL, NULL, '2026-03-05 13:44:20', '2026-03-05 13:44:20'),
(3152, 78, '2026-02-04', 'present', '19:06:00', '06:17:00', NULL, NULL, '2026-03-05 13:44:20', '2026-03-05 13:44:20'),
(3153, 79, '2026-02-04', 'present', '20:42:00', '07:04:00', NULL, NULL, '2026-03-05 13:44:20', '2026-03-05 13:44:20'),
(3154, 80, '2026-02-04', 'present', '18:38:00', '06:40:00', NULL, NULL, '2026-03-05 13:44:20', '2026-03-05 13:44:20'),
(3155, 81, '2026-02-04', 'present', '21:33:00', '07:58:00', NULL, NULL, '2026-03-05 13:44:20', '2026-03-05 13:44:20'),
(3156, 82, '2026-02-04', 'exclu', NULL, NULL, NULL, NULL, '2026-03-05 13:44:20', '2026-03-05 13:44:20'),
(3157, 83, '2026-02-04', 'present', '19:05:00', '08:36:00', NULL, NULL, '2026-03-05 13:44:20', '2026-03-05 13:44:20'),
(3158, 84, '2026-02-04', 'present', '18:38:00', '07:15:00', NULL, NULL, '2026-03-05 13:44:20', '2026-03-05 13:44:20'),
(3159, 85, '2026-02-04', 'present', '20:44:00', '07:35:00', NULL, NULL, '2026-03-05 13:44:20', '2026-03-05 13:44:20'),
(3160, 86, '2026-02-04', 'present', '22:08:00', '08:10:00', NULL, NULL, '2026-03-05 13:44:20', '2026-03-05 13:44:20'),
(3161, 87, '2026-02-04', 'present', '22:03:00', '07:00:00', NULL, NULL, '2026-03-05 13:44:20', '2026-03-05 13:44:20'),
(3162, 88, '2026-02-04', 'exclu', NULL, NULL, NULL, NULL, '2026-03-05 13:44:20', '2026-03-05 13:44:20'),
(3163, 89, '2026-02-04', 'present', '19:17:00', '06:59:00', NULL, NULL, '2026-03-05 13:44:20', '2026-03-05 13:44:20'),
(3164, 90, '2026-02-04', 'present', '21:21:00', '06:12:00', NULL, NULL, '2026-03-05 13:44:20', '2026-03-05 13:44:20'),
(3165, 91, '2026-02-04', 'present', '22:33:00', '07:15:00', NULL, NULL, '2026-03-05 13:44:20', '2026-03-05 13:44:20'),
(3166, 92, '2026-02-04', 'exclu', NULL, NULL, NULL, NULL, '2026-03-05 13:44:20', '2026-03-05 13:44:20'),
(3167, 93, '2026-02-04', 'present', '21:48:00', '08:27:00', NULL, NULL, '2026-03-05 13:44:20', '2026-03-05 13:44:20'),
(3168, 94, '2026-02-04', 'present', '19:25:00', '07:03:00', NULL, NULL, '2026-03-05 13:44:20', '2026-03-05 13:44:20'),
(3169, 95, '2026-02-04', 'present', '19:09:00', '08:34:00', NULL, NULL, '2026-03-05 13:44:20', '2026-03-05 13:44:20'),
(3170, 96, '2026-02-04', 'present', '21:00:00', '08:40:00', NULL, NULL, '2026-03-05 13:44:20', '2026-03-05 13:44:20'),
(3171, 97, '2026-02-04', 'present', '21:41:00', '08:24:00', NULL, NULL, '2026-03-05 13:44:20', '2026-03-05 13:44:20'),
(3172, 98, '2026-02-04', 'present', '21:57:00', '07:42:00', NULL, NULL, '2026-03-05 13:44:20', '2026-03-05 13:44:20'),
(3173, 99, '2026-02-04', 'present', '19:14:00', '08:47:00', NULL, NULL, '2026-03-05 13:44:20', '2026-03-05 13:44:20'),
(3174, 100, '2026-02-04', 'present', '21:52:00', '07:47:00', NULL, NULL, '2026-03-05 13:44:20', '2026-03-05 13:44:20'),
(3175, 101, '2026-02-04', 'present', '18:26:00', '06:52:00', NULL, NULL, '2026-03-05 13:44:20', '2026-03-05 13:44:20'),
(3176, 102, '2026-02-04', 'present', '20:33:00', '06:23:00', NULL, NULL, '2026-03-05 13:44:20', '2026-03-05 13:44:20'),
(3177, 103, '2026-02-04', 'present', '21:30:00', '08:38:00', NULL, NULL, '2026-03-05 13:44:20', '2026-03-05 13:44:20'),
(3178, 104, '2026-02-04', 'present', '19:28:00', '06:41:00', NULL, NULL, '2026-03-05 13:44:20', '2026-03-05 13:44:20'),
(3179, 105, '2026-02-04', 'present', '22:02:00', '07:13:00', NULL, NULL, '2026-03-05 13:44:20', '2026-03-05 13:44:20'),
(3180, 106, '2026-02-04', 'present', '22:40:00', '08:33:00', NULL, NULL, '2026-03-05 13:44:20', '2026-03-05 13:44:20'),
(3181, 1, '2026-02-03', 'present', '18:22:00', '08:17:00', NULL, NULL, '2026-03-05 13:44:20', '2026-03-05 13:44:20'),
(3182, 2, '2026-02-03', 'present', '21:01:00', '07:48:00', NULL, NULL, '2026-03-05 13:44:20', '2026-03-05 13:44:20'),
(3183, 3, '2026-02-03', 'present', '19:32:00', '08:57:00', NULL, NULL, '2026-03-05 13:44:20', '2026-03-05 13:44:20'),
(3184, 4, '2026-02-03', 'absent', NULL, NULL, NULL, NULL, '2026-03-05 13:44:20', '2026-03-05 13:44:20'),
(3185, 5, '2026-02-03', 'present', '18:26:00', '08:33:00', NULL, NULL, '2026-03-05 13:44:20', '2026-03-05 13:44:20'),
(3186, 6, '2026-02-03', 'present', '20:32:00', '06:35:00', NULL, NULL, '2026-03-05 13:44:20', '2026-03-05 13:44:20'),
(3187, 7, '2026-02-03', 'present', '22:25:00', '06:08:00', NULL, NULL, '2026-03-05 13:44:20', '2026-03-05 13:44:20'),
(3188, 8, '2026-02-03', 'present', '20:17:00', '07:11:00', NULL, NULL, '2026-03-05 13:44:20', '2026-03-05 13:44:20'),
(3189, 9, '2026-02-03', 'present', '21:18:00', '06:44:00', NULL, NULL, '2026-03-05 13:44:20', '2026-03-05 13:44:20'),
(3190, 10, '2026-02-03', 'present', '21:40:00', '06:41:00', NULL, NULL, '2026-03-05 13:44:20', '2026-03-05 13:44:20'),
(3191, 11, '2026-02-03', 'present', '19:39:00', '08:08:00', NULL, NULL, '2026-03-05 13:44:20', '2026-03-05 13:44:20'),
(3192, 12, '2026-02-03', 'exclu', NULL, NULL, NULL, NULL, '2026-03-05 13:44:20', '2026-03-05 13:44:20'),
(3193, 13, '2026-02-03', 'present', '19:23:00', '06:29:00', NULL, NULL, '2026-03-05 13:44:20', '2026-03-05 13:44:20'),
(3194, 14, '2026-02-03', 'present', '20:06:00', '07:06:00', NULL, NULL, '2026-03-05 13:44:20', '2026-03-05 13:44:20'),
(3195, 15, '2026-02-03', 'present', '18:56:00', '06:51:00', NULL, NULL, '2026-03-05 13:44:20', '2026-03-05 13:44:20'),
(3196, 16, '2026-02-03', 'present', '22:39:00', '06:28:00', NULL, NULL, '2026-03-05 13:44:20', '2026-03-05 13:44:20'),
(3197, 17, '2026-02-03', 'present', '22:07:00', '08:09:00', NULL, NULL, '2026-03-05 13:44:20', '2026-03-05 13:44:20'),
(3198, 18, '2026-02-03', 'present', '22:30:00', '06:41:00', NULL, NULL, '2026-03-05 13:44:20', '2026-03-05 13:44:20'),
(3199, 19, '2026-02-03', 'present', '19:55:00', '08:25:00', NULL, NULL, '2026-03-05 13:44:20', '2026-03-05 13:44:20'),
(3200, 20, '2026-02-03', 'present', '20:59:00', '08:59:00', NULL, NULL, '2026-03-05 13:44:20', '2026-03-05 13:44:20'),
(3201, 21, '2026-02-03', 'exclu', NULL, NULL, NULL, NULL, '2026-03-05 13:44:20', '2026-03-05 13:44:20'),
(3202, 22, '2026-02-03', 'present', '18:25:00', '06:42:00', NULL, NULL, '2026-03-05 13:44:20', '2026-03-05 13:44:20'),
(3203, 23, '2026-02-03', 'present', '18:47:00', '07:33:00', NULL, NULL, '2026-03-05 13:44:20', '2026-03-05 13:44:20'),
(3204, 24, '2026-02-03', 'present', '20:21:00', '07:57:00', NULL, NULL, '2026-03-05 13:44:20', '2026-03-05 13:44:20'),
(3205, 25, '2026-02-03', 'present', '19:24:00', '08:48:00', NULL, NULL, '2026-03-05 13:44:20', '2026-03-05 13:44:20'),
(3206, 26, '2026-02-03', 'present', '20:04:00', '06:13:00', NULL, NULL, '2026-03-05 13:44:20', '2026-03-05 13:44:20'),
(3207, 27, '2026-02-03', 'present', '19:26:00', '08:03:00', NULL, NULL, '2026-03-05 13:44:20', '2026-03-05 13:44:20'),
(3208, 28, '2026-02-03', 'present', '22:06:00', '07:24:00', NULL, NULL, '2026-03-05 13:44:20', '2026-03-05 13:44:20'),
(3209, 29, '2026-02-03', 'present', '18:50:00', '06:54:00', NULL, NULL, '2026-03-05 13:44:20', '2026-03-05 13:44:20'),
(3210, 30, '2026-02-03', 'present', '20:25:00', '07:15:00', NULL, NULL, '2026-03-05 13:44:20', '2026-03-05 13:44:20'),
(3211, 31, '2026-02-03', 'present', '18:09:00', '07:20:00', NULL, NULL, '2026-03-05 13:44:20', '2026-03-05 13:44:20'),
(3212, 32, '2026-02-03', 'present', '22:33:00', '07:19:00', NULL, NULL, '2026-03-05 13:44:20', '2026-03-05 13:44:20'),
(3213, 33, '2026-02-03', 'present', '20:43:00', '06:31:00', NULL, NULL, '2026-03-05 13:44:20', '2026-03-05 13:44:20'),
(3214, 34, '2026-02-03', 'present', '18:40:00', '06:22:00', NULL, NULL, '2026-03-05 13:44:20', '2026-03-05 13:44:20'),
(3215, 35, '2026-02-03', 'present', '21:11:00', '06:40:00', NULL, NULL, '2026-03-05 13:44:20', '2026-03-05 13:44:20'),
(3216, 36, '2026-02-03', 'present', '19:43:00', '07:45:00', NULL, NULL, '2026-03-05 13:44:20', '2026-03-05 13:44:20'),
(3217, 37, '2026-02-03', 'present', '21:25:00', '06:20:00', NULL, NULL, '2026-03-05 13:44:20', '2026-03-05 13:44:20'),
(3218, 38, '2026-02-03', 'present', '21:08:00', '07:12:00', NULL, NULL, '2026-03-05 13:44:20', '2026-03-05 13:44:20'),
(3219, 39, '2026-02-03', 'present', '21:27:00', '06:46:00', NULL, NULL, '2026-03-05 13:44:20', '2026-03-05 13:44:20'),
(3220, 40, '2026-02-03', 'present', '18:59:00', '08:41:00', NULL, NULL, '2026-03-05 13:44:20', '2026-03-05 13:44:20'),
(3221, 41, '2026-02-03', 'present', '22:22:00', '06:10:00', NULL, NULL, '2026-03-05 13:44:20', '2026-03-05 13:44:20'),
(3222, 42, '2026-02-03', 'present', '18:57:00', '06:47:00', NULL, NULL, '2026-03-05 13:44:20', '2026-03-05 13:44:20'),
(3223, 43, '2026-02-03', 'present', '22:06:00', '08:12:00', NULL, NULL, '2026-03-05 13:44:20', '2026-03-05 13:44:20'),
(3224, 44, '2026-02-03', 'present', '20:08:00', '07:30:00', NULL, NULL, '2026-03-05 13:44:20', '2026-03-05 13:44:20'),
(3225, 45, '2026-02-03', 'present', '18:24:00', '07:26:00', NULL, NULL, '2026-03-05 13:44:20', '2026-03-05 13:44:20'),
(3226, 46, '2026-02-03', 'present', '20:06:00', '08:38:00', NULL, NULL, '2026-03-05 13:44:20', '2026-03-05 13:44:20'),
(3227, 47, '2026-02-03', 'present', '22:43:00', '07:19:00', NULL, NULL, '2026-03-05 13:44:20', '2026-03-05 13:44:20'),
(3228, 48, '2026-02-03', 'present', '19:42:00', '07:38:00', NULL, NULL, '2026-03-05 13:44:20', '2026-03-05 13:44:20'),
(3229, 49, '2026-02-03', 'present', '21:39:00', '08:30:00', NULL, NULL, '2026-03-05 13:44:20', '2026-03-05 13:44:20'),
(3230, 50, '2026-02-03', 'present', '20:40:00', '07:22:00', NULL, NULL, '2026-03-05 13:44:20', '2026-03-05 13:44:20'),
(3231, 51, '2026-02-03', 'present', '18:38:00', '06:03:00', NULL, NULL, '2026-03-05 13:44:20', '2026-03-05 13:44:20'),
(3232, 52, '2026-02-03', 'present', '20:04:00', '06:12:00', NULL, NULL, '2026-03-05 13:44:20', '2026-03-05 13:44:20'),
(3233, 53, '2026-02-03', 'present', '21:14:00', '06:53:00', NULL, NULL, '2026-03-05 13:44:20', '2026-03-05 13:44:20'),
(3234, 54, '2026-02-03', 'present', '19:32:00', '07:35:00', NULL, NULL, '2026-03-05 13:44:20', '2026-03-05 13:44:20'),
(3235, 55, '2026-02-03', 'present', '18:31:00', '08:00:00', NULL, NULL, '2026-03-05 13:44:20', '2026-03-05 13:44:20'),
(3236, 56, '2026-02-03', 'absent', NULL, NULL, NULL, NULL, '2026-03-05 13:44:20', '2026-03-05 13:44:20'),
(3237, 57, '2026-02-03', 'exclu', NULL, NULL, NULL, NULL, '2026-03-05 13:44:20', '2026-03-05 13:44:20'),
(3238, 58, '2026-02-03', 'present', '20:49:00', '06:55:00', NULL, NULL, '2026-03-05 13:44:20', '2026-03-05 13:44:20'),
(3239, 59, '2026-02-03', 'present', '22:46:00', '08:05:00', NULL, NULL, '2026-03-05 13:44:20', '2026-03-05 13:44:20'),
(3240, 60, '2026-02-03', 'present', '21:21:00', '06:52:00', NULL, NULL, '2026-03-05 13:44:20', '2026-03-05 13:44:20'),
(3241, 61, '2026-02-03', 'exclu', NULL, NULL, NULL, NULL, '2026-03-05 13:44:20', '2026-03-05 13:44:20'),
(3242, 62, '2026-02-03', 'present', '21:03:00', '06:43:00', NULL, NULL, '2026-03-05 13:44:20', '2026-03-05 13:44:20'),
(3243, 63, '2026-02-03', 'present', '19:19:00', '08:04:00', NULL, NULL, '2026-03-05 13:44:20', '2026-03-05 13:44:20'),
(3244, 64, '2026-02-03', 'present', '18:44:00', '06:33:00', NULL, NULL, '2026-03-05 13:44:20', '2026-03-05 13:44:20'),
(3245, 65, '2026-02-03', 'present', '21:06:00', '08:55:00', NULL, NULL, '2026-03-05 13:44:20', '2026-03-05 13:44:20'),
(3246, 66, '2026-02-03', 'absent', NULL, NULL, NULL, NULL, '2026-03-05 13:44:20', '2026-03-05 13:44:20'),
(3247, 67, '2026-02-03', 'present', '20:54:00', '08:58:00', NULL, NULL, '2026-03-05 13:44:20', '2026-03-05 13:44:20'),
(3248, 68, '2026-02-03', 'present', '19:04:00', '08:25:00', NULL, NULL, '2026-03-05 13:44:20', '2026-03-05 13:44:20'),
(3249, 69, '2026-02-03', 'present', '19:58:00', '07:27:00', NULL, NULL, '2026-03-05 13:44:20', '2026-03-05 13:44:20'),
(3250, 70, '2026-02-03', 'absent', NULL, NULL, NULL, NULL, '2026-03-05 13:44:20', '2026-03-05 13:44:20'),
(3251, 71, '2026-02-03', 'absent', NULL, NULL, NULL, NULL, '2026-03-05 13:44:20', '2026-03-05 13:44:20'),
(3252, 72, '2026-02-03', 'present', '22:45:00', '06:24:00', NULL, NULL, '2026-03-05 13:44:20', '2026-03-05 13:44:20'),
(3253, 73, '2026-02-03', 'exclu', NULL, NULL, NULL, NULL, '2026-03-05 13:44:20', '2026-03-05 13:44:20'),
(3254, 74, '2026-02-03', 'present', '20:08:00', '07:25:00', NULL, NULL, '2026-03-05 13:44:20', '2026-03-05 13:44:20'),
(3255, 75, '2026-02-03', 'present', '22:41:00', '06:20:00', NULL, NULL, '2026-03-05 13:44:20', '2026-03-05 13:44:20'),
(3256, 76, '2026-02-03', 'present', '18:36:00', '07:22:00', NULL, NULL, '2026-03-05 13:44:20', '2026-03-05 13:44:20'),
(3257, 77, '2026-02-03', 'present', '18:31:00', '07:25:00', NULL, NULL, '2026-03-05 13:44:20', '2026-03-05 13:44:20'),
(3258, 78, '2026-02-03', 'present', '22:54:00', '06:25:00', NULL, NULL, '2026-03-05 13:44:20', '2026-03-05 13:44:20'),
(3259, 79, '2026-02-03', 'present', '19:59:00', '08:13:00', NULL, NULL, '2026-03-05 13:44:20', '2026-03-05 13:44:20'),
(3260, 80, '2026-02-03', 'present', '18:02:00', '08:22:00', NULL, NULL, '2026-03-05 13:44:20', '2026-03-05 13:44:20'),
(3261, 81, '2026-02-03', 'present', '21:40:00', '07:54:00', NULL, NULL, '2026-03-05 13:44:20', '2026-03-05 13:44:20'),
(3262, 82, '2026-02-03', 'present', '18:46:00', '06:09:00', NULL, NULL, '2026-03-05 13:44:20', '2026-03-05 13:44:20'),
(3263, 83, '2026-02-03', 'present', '20:51:00', '06:38:00', NULL, NULL, '2026-03-05 13:44:20', '2026-03-05 13:44:20'),
(3264, 84, '2026-02-03', 'present', '22:04:00', '06:34:00', NULL, NULL, '2026-03-05 13:44:20', '2026-03-05 13:44:20'),
(3265, 85, '2026-02-03', 'present', '18:19:00', '08:08:00', NULL, NULL, '2026-03-05 13:44:20', '2026-03-05 13:44:20'),
(3266, 86, '2026-02-03', 'present', '21:22:00', '07:45:00', NULL, NULL, '2026-03-05 13:44:20', '2026-03-05 13:44:20'),
(3267, 87, '2026-02-03', 'justifie', '22:34:00', '07:53:00', 'Certificat médical / Autorisation spéciale', 6, '2026-03-05 13:44:20', '2026-03-05 13:44:20'),
(3268, 88, '2026-02-03', 'present', '19:00:00', '06:08:00', NULL, NULL, '2026-03-05 13:44:20', '2026-03-05 13:44:20'),
(3269, 89, '2026-02-03', 'present', '22:58:00', '07:01:00', NULL, NULL, '2026-03-05 13:44:20', '2026-03-05 13:44:20'),
(3270, 90, '2026-02-03', 'present', '18:17:00', '06:22:00', NULL, NULL, '2026-03-05 13:44:20', '2026-03-05 13:44:20'),
(3271, 91, '2026-02-03', 'present', '19:29:00', '08:55:00', NULL, NULL, '2026-03-05 13:44:20', '2026-03-05 13:44:20'),
(3272, 92, '2026-02-03', 'present', '22:23:00', '06:45:00', NULL, NULL, '2026-03-05 13:44:20', '2026-03-05 13:44:20'),
(3273, 93, '2026-02-03', 'exclu', NULL, NULL, NULL, NULL, '2026-03-05 13:44:20', '2026-03-05 13:44:20'),
(3274, 94, '2026-02-03', 'present', '22:02:00', '06:43:00', NULL, NULL, '2026-03-05 13:44:20', '2026-03-05 13:44:20'),
(3275, 95, '2026-02-03', 'absent', NULL, NULL, NULL, NULL, '2026-03-05 13:44:20', '2026-03-05 13:44:20'),
(3276, 96, '2026-02-03', 'justifie', '18:14:00', '07:24:00', 'Certificat médical / Autorisation spéciale', 2, '2026-03-05 13:44:20', '2026-03-05 13:44:20'),
(3277, 97, '2026-02-03', 'present', '19:48:00', '06:14:00', NULL, NULL, '2026-03-05 13:44:20', '2026-03-05 13:44:20'),
(3278, 98, '2026-02-03', 'present', '21:27:00', '06:05:00', NULL, NULL, '2026-03-05 13:44:20', '2026-03-05 13:44:20'),
(3279, 99, '2026-02-03', 'present', '20:57:00', '06:32:00', NULL, NULL, '2026-03-05 13:44:20', '2026-03-05 13:44:20'),
(3280, 100, '2026-02-03', 'present', '20:47:00', '08:27:00', NULL, NULL, '2026-03-05 13:44:20', '2026-03-05 13:44:20'),
(3281, 101, '2026-02-03', 'present', '18:46:00', '07:14:00', NULL, NULL, '2026-03-05 13:44:20', '2026-03-05 13:44:20'),
(3282, 102, '2026-02-03', 'present', '21:57:00', '06:12:00', NULL, NULL, '2026-03-05 13:44:20', '2026-03-05 13:44:20'),
(3283, 103, '2026-02-03', 'present', '19:29:00', '08:56:00', NULL, NULL, '2026-03-05 13:44:20', '2026-03-05 13:44:20'),
(3284, 104, '2026-02-03', 'present', '18:38:00', '08:04:00', NULL, NULL, '2026-03-05 13:44:20', '2026-03-05 13:44:20'),
(3285, 105, '2026-02-03', 'justifie', '19:46:00', '07:15:00', 'Certificat médical / Autorisation spéciale', 3, '2026-03-05 13:44:20', '2026-03-05 13:44:20'),
(3286, 106, '2026-02-03', 'present', '22:10:00', '07:59:00', NULL, NULL, '2026-03-05 13:44:20', '2026-03-05 13:44:20');

-- --------------------------------------------------------

--
-- Table structure for table `rapports`
--

CREATE TABLE `rapports` (
  `id` bigint(20) UNSIGNED NOT NULL,
  `titre` varchar(255) NOT NULL,
  `type` enum('presences','mouvements','sanctions','absences','demandes','occupance','financier') NOT NULL DEFAULT 'presences',
  `description` text DEFAULT NULL,
  `date_debut` date NOT NULL,
  `date_fin` date NOT NULL,
  `parametres` longtext CHARACTER SET utf8mb4 COLLATE utf8mb4_bin DEFAULT NULL CHECK (json_valid(`parametres`)),
  `contenu` longtext DEFAULT NULL,
  `fichier_path` varchar(255) DEFAULT NULL,
  `format` enum('pdf','excel','csv') NOT NULL DEFAULT 'pdf',
  `statut` enum('en_cours','complete','erreur') NOT NULL DEFAULT 'en_cours',
  `genere_par` bigint(20) UNSIGNED NOT NULL,
  `nombre_lignes` int(11) DEFAULT NULL,
  `created_at` timestamp NULL DEFAULT NULL,
  `updated_at` timestamp NULL DEFAULT NULL,
  `deleted_at` timestamp NULL DEFAULT NULL
) ENGINE=InnoDB DEFAULT CHARSET=utf8mb4 COLLATE=utf8mb4_unicode_ci;

--
-- Dumping data for table `rapports`
--

INSERT INTO `rapports` (`id`, `titre`, `type`, `description`, `date_debut`, `date_fin`, `parametres`, `contenu`, `fichier_path`, `format`, `statut`, `genere_par`, `nombre_lignes`, `created_at`, `updated_at`, `deleted_at`) VALUES
(1, 'Rapport absences - 26/01/2026 au 02/02/2026', 'absences', 'Culpa ipsa quia voluptates harum.', '2026-01-26', '2026-02-02', '\"{\\\"filtre\\\":\\\"tous\\\",\\\"detail\\\":\\\"complet\\\"}\"', NULL, NULL, 'pdf', 'erreur', 1, NULL, '2026-03-05 13:44:21', '2026-03-05 13:44:21', NULL),
(2, 'Rapport financier - 20/01/2026 au 12/02/2026', 'financier', 'Eius deserunt officiis mollitia tempore molestiae rerum officia non.', '2026-01-20', '2026-02-12', '\"{\\\"filtre\\\":\\\"tous\\\",\\\"detail\\\":\\\"complet\\\"}\"', 'Voluptatem autem debitis magni dolor velit qui et quos. Dolorem inventore ut deserunt. Facilis eum omnis similique veniam et cupiditate omnis. Labore odio quasi odit iste quam.\n\nRem velit tempore eveniet magni illum. Amet est repellendus aut nesciunt. Et totam facilis ea. Occaecati aut quaerat magni illo voluptas molestiae iure.\n\nConsequatur qui doloribus asperiores est similique iste. Vero autem et ex esse quae. Corrupti nobis omnis quas.\n\nSit voluptatum sed sint perferendis similique. Odio officiis deserunt sit dolorem. Enim sit dolorem at.\n\nAut distinctio nostrum voluptates modi adipisci et sed repellat. Quos voluptatem eligendi numquam id. Quis eum cum saepe fugiat et numquam. Mollitia natus eos qui non amet qui voluptatem.', 'rapports/financier_20260120_20260212.pdf', 'pdf', 'complete', 1, 440, '2026-03-05 13:44:21', '2026-03-05 13:44:21', NULL),
(3, 'Rapport presences - 16/01/2026 au 12/02/2026', 'presences', 'Officiis aut molestias ipsam voluptas illum.', '2026-01-16', '2026-02-12', '\"{\\\"filtre\\\":\\\"tous\\\",\\\"detail\\\":\\\"complet\\\"}\"', NULL, NULL, 'csv', 'erreur', 1, NULL, '2026-03-05 13:44:21', '2026-03-05 13:44:21', NULL),
(4, 'Rapport mouvements - 06/01/2026 au 22/01/2026', 'mouvements', 'Et modi rem voluptas.', '2026-01-06', '2026-01-22', '\"{\\\"filtre\\\":\\\"tous\\\",\\\"detail\\\":\\\"complet\\\"}\"', NULL, NULL, 'pdf', 'erreur', 1, NULL, '2026-03-05 13:44:21', '2026-03-05 13:44:21', NULL),
(5, 'Rapport absences - 15/01/2026 au 20/01/2026', 'absences', 'Voluptatibus eum consequatur illo quos voluptatem.', '2026-01-15', '2026-01-20', '\"{\\\"filtre\\\":\\\"tous\\\",\\\"detail\\\":\\\"complet\\\"}\"', NULL, NULL, 'excel', 'erreur', 1, NULL, '2026-03-05 13:44:21', '2026-03-05 13:44:21', NULL),
(6, 'Rapport financier - 05/01/2026 au 10/01/2026', 'financier', 'Id sit nesciunt ea nulla.', '2026-01-05', '2026-01-10', '\"{\\\"filtre\\\":\\\"tous\\\",\\\"detail\\\":\\\"complet\\\"}\"', 'Voluptas quis quibusdam est odio. Eveniet modi dolor optio id numquam. Nostrum officiis aut voluptate et aliquam qui. Et eius ab quia aut officiis. Ut perspiciatis nihil a et quia quasi at.\n\nNam a sequi laboriosam suscipit voluptas et in dignissimos. Commodi ullam cumque voluptatem sunt perferendis. Blanditiis nisi quidem laboriosam quisquam.\n\nSequi unde architecto libero eligendi eaque qui pariatur. Delectus cumque aut ut. Eaque eum quaerat eos nihil laborum. Ea eos perferendis deserunt quos architecto odit.\n\nSunt sapiente autem pariatur voluptatibus saepe culpa iste. Aut culpa aperiam sed est id. Et magni ab qui quam neque delectus culpa.\n\nEnim iure eos facere. Illo expedita in nulla nemo libero et minima. Et odit ea asperiores facere. Eveniet omnis ut excepturi consequatur.', 'rapports/financier_20260105_20260110.excel', 'excel', 'complete', 1, 266, '2026-03-05 13:44:21', '2026-03-05 13:44:21', NULL),
(7, 'Rapport demandes - 08/01/2026 au 30/01/2026', 'demandes', 'Quibusdam fuga nesciunt et molestiae vel voluptatem explicabo voluptate.', '2026-01-08', '2026-01-30', '\"{\\\"filtre\\\":\\\"tous\\\",\\\"detail\\\":\\\"complet\\\"}\"', NULL, NULL, 'excel', 'en_cours', 1, NULL, '2026-03-05 13:44:21', '2026-03-05 13:44:21', NULL),
(8, 'Rapport presences - 08/01/2026 au 31/01/2026', 'presences', 'Omnis porro unde rem qui est.', '2026-01-08', '2026-01-31', '\"{\\\"filtre\\\":\\\"tous\\\",\\\"detail\\\":\\\"complet\\\"}\"', 'Iste perferendis ad qui incidunt. Molestiae doloribus assumenda quam fugit enim sunt quidem cupiditate. Tenetur nostrum dolorem autem velit.\n\nUt numquam quia facilis quo dolor. Laudantium quia alias est aut dolorem molestiae ea. Nobis sint fugiat dolorem asperiores. Quas consequuntur qui voluptate exercitationem aut.\n\nQui sint earum ab aut non ea voluptas. Accusantium illo quaerat corrupti perspiciatis rerum rem. Suscipit quia vel optio repudiandae.\n\nMaxime voluptas quis voluptatem dolorum eum omnis ut. Eius non voluptas est aliquid consequatur ex. Consequatur quasi dignissimos provident consectetur ducimus.\n\nReiciendis nobis qui itaque eum et. Eos mollitia ad enim cupiditate voluptatem eaque. Aliquam nulla hic omnis animi aut aut labore aut. Pariatur sunt quisquam fugit quia ut velit eos. Cum aut commodi modi est ut deserunt.', 'rapports/presences_20260108_20260131.excel', 'excel', 'complete', 1, 403, '2026-03-05 13:44:21', '2026-03-05 13:44:21', NULL),
(9, 'Rapport mouvements - 24/01/2026 au 28/01/2026', 'mouvements', 'Consequuntur quaerat amet delectus ut eum.', '2026-01-24', '2026-01-28', '\"{\\\"filtre\\\":\\\"tous\\\",\\\"detail\\\":\\\"complet\\\"}\"', NULL, NULL, 'excel', 'en_cours', 1, NULL, '2026-03-05 13:44:21', '2026-03-05 13:44:21', NULL),
(10, 'Rapport mouvements - 27/01/2026 au 03/02/2026', 'mouvements', 'Earum libero iure cum et.', '2026-01-27', '2026-02-03', '\"{\\\"filtre\\\":\\\"tous\\\",\\\"detail\\\":\\\"complet\\\"}\"', NULL, NULL, 'pdf', 'erreur', 1, NULL, '2026-03-05 13:44:21', '2026-03-05 13:44:21', NULL),
(11, 'Rapport sanctions - 11/02/2026 au 18/02/2026', 'sanctions', 'Placeat voluptas doloremque architecto nobis dolorem.', '2026-02-11', '2026-02-18', '\"{\\\"filtre\\\":\\\"tous\\\",\\\"detail\\\":\\\"complet\\\"}\"', 'Et magnam voluptas dolores rerum tenetur eaque distinctio. Porro possimus corrupti saepe officiis reprehenderit. Praesentium nemo optio adipisci nulla asperiores tempore. In qui praesentium qui.\n\nPerferendis et aperiam vel aspernatur aliquam in aliquid consectetur. Minus illo temporibus tenetur sed eius adipisci. Iste consequuntur ut pariatur quia.\n\nDolore qui odit fuga dolorem commodi. Numquam voluptate quas eveniet laboriosam. Fugit laborum officia quidem.\n\nOptio eaque cum veniam veniam voluptatem. At earum sunt sequi reiciendis. Aliquid rerum perspiciatis molestias sapiente. Possimus aut dolores ut perspiciatis.\n\nMinima sint quia ad. Adipisci eum reprehenderit et suscipit. Sit harum quis aperiam accusantium et blanditiis quia. Dignissimos dolores iste expedita in officia. Itaque molestias ullam magni et doloremque et.', 'rapports/sanctions_20260211_20260218.csv', 'csv', 'complete', 1, 466, '2026-03-05 13:44:21', '2026-03-05 13:44:21', NULL),
(12, 'Rapport absences - 18/01/2026 au 03/02/2026', 'absences', 'Quo aut esse ut modi adipisci maxime porro.', '2026-01-18', '2026-02-03', '\"{\\\"filtre\\\":\\\"tous\\\",\\\"detail\\\":\\\"complet\\\"}\"', NULL, NULL, 'csv', 'en_cours', 1, NULL, '2026-03-05 13:44:21', '2026-03-05 13:44:21', NULL),
(13, 'Rapport presences - 08/02/2026 au 14/02/2026', 'presences', 'Quis sunt esse est autem minus quaerat nulla.', '2026-02-08', '2026-02-14', '\"{\\\"filtre\\\":\\\"tous\\\",\\\"detail\\\":\\\"complet\\\"}\"', NULL, NULL, 'excel', 'en_cours', 1, NULL, '2026-03-05 13:44:21', '2026-03-05 13:44:21', NULL),
(14, 'Rapport sanctions - 13/02/2026 au 26/02/2026', 'sanctions', 'Repudiandae inventore omnis consequatur dolorum quod magnam.', '2026-02-13', '2026-02-26', '\"{\\\"filtre\\\":\\\"tous\\\",\\\"detail\\\":\\\"complet\\\"}\"', NULL, NULL, 'pdf', 'en_cours', 1, NULL, '2026-03-05 13:44:21', '2026-03-05 13:44:21', NULL),
(15, 'Rapport presences - 25/01/2026 au 08/02/2026', 'presences', 'Qui qui ea adipisci.', '2026-01-25', '2026-02-08', '\"{\\\"filtre\\\":\\\"tous\\\",\\\"detail\\\":\\\"complet\\\"}\"', NULL, NULL, 'excel', 'en_cours', 1, NULL, '2026-03-05 13:44:21', '2026-03-05 13:44:21', NULL),
(16, 'Rapport mouvements - 22/02/2026 au 11/03/2026', 'mouvements', 'Labore perferendis porro aliquam vitae iusto facere.', '2026-02-22', '2026-03-11', '\"{\\\"filtre\\\":\\\"tous\\\",\\\"detail\\\":\\\"complet\\\"}\"', NULL, NULL, 'csv', 'erreur', 1, NULL, '2026-03-05 13:44:21', '2026-03-05 13:44:21', NULL),
(17, 'Rapport mouvements - 09/02/2026 au 26/02/2026', 'mouvements', 'Autem tempora sed et eos.', '2026-02-09', '2026-02-26', '\"{\\\"filtre\\\":\\\"tous\\\",\\\"detail\\\":\\\"complet\\\"}\"', NULL, NULL, 'excel', 'en_cours', 1, NULL, '2026-03-05 13:44:21', '2026-03-05 13:44:21', NULL),
(18, 'Rapport occupance - 07/02/2026 au 01/03/2026', 'occupance', 'Tempora explicabo et facere et nostrum quod earum.', '2026-02-07', '2026-03-01', '\"{\\\"filtre\\\":\\\"tous\\\",\\\"detail\\\":\\\"complet\\\"}\"', 'Voluptatem inventore eum libero sequi non consequatur molestias magnam. Nesciunt ducimus sint est at. Quia corporis quod tempora odio harum voluptatibus aspernatur. In doloremque sit molestiae inventore.\n\nMolestiae fugiat aut illo impedit. Rem ullam dolore molestiae dicta. Est doloribus nihil ut necessitatibus. Dolore adipisci ex recusandae laboriosam placeat exercitationem. Velit eum consequatur voluptatem velit.\n\nAt dolore expedita velit vel et voluptatem quam. Dolores est quibusdam at dolorem ea omnis. Magni non esse possimus vel itaque occaecati. Harum itaque dolorem vitae eum ab ut dolorum sapiente.\n\nQui libero adipisci sunt quisquam eveniet aut. Adipisci eligendi similique quia ratione occaecati cupiditate libero. Enim at quam veritatis architecto adipisci ut.\n\nQuis unde libero cum voluptate nulla aut consectetur. Hic blanditiis rerum non unde quas magni recusandae. Cumque odit et qui incidunt aspernatur corporis. Nemo ad fugit ut asperiores excepturi.', 'rapports/occupance_20260207_20260301.csv', 'csv', 'complete', 1, 347, '2026-03-05 13:44:21', '2026-03-05 13:44:21', NULL),
(19, 'Rapport presences - 11/02/2026 au 21/02/2026', 'presences', 'Qui qui et reiciendis tempora.', '2026-02-11', '2026-02-21', '\"{\\\"filtre\\\":\\\"tous\\\",\\\"detail\\\":\\\"complet\\\"}\"', NULL, NULL, 'pdf', 'en_cours', 1, NULL, '2026-03-05 13:44:21', '2026-03-05 13:44:21', NULL),
(20, 'Rapport demandes - 17/01/2026 au 04/02/2026', 'demandes', 'Quidem quo illo ut.', '2026-01-17', '2026-02-04', '\"{\\\"filtre\\\":\\\"tous\\\",\\\"detail\\\":\\\"complet\\\"}\"', NULL, NULL, 'pdf', 'en_cours', 1, NULL, '2026-03-05 13:44:21', '2026-03-05 13:44:21', NULL);

-- --------------------------------------------------------

--
-- Table structure for table `sanctions`
--

CREATE TABLE `sanctions` (
  `id` bigint(20) UNSIGNED NOT NULL,
  `etudiant_id` bigint(20) UNSIGNED NOT NULL,
  `type` enum('avertissement','suspension','amende','exclusion') NOT NULL DEFAULT 'avertissement',
  `motif` text NOT NULL,
  `description` text NOT NULL,
  `date_sanction` date NOT NULL,
  `date_fin` date DEFAULT NULL,
  `montant_amende` decimal(10,2) DEFAULT NULL,
  `statut` enum('active','suspendue','levee') NOT NULL DEFAULT 'active',
  `enregistree_par` bigint(20) UNSIGNED NOT NULL,
  `observations` text DEFAULT NULL,
  `created_at` timestamp NULL DEFAULT NULL,
  `updated_at` timestamp NULL DEFAULT NULL,
  `deleted_at` timestamp NULL DEFAULT NULL
) ENGINE=InnoDB DEFAULT CHARSET=utf8mb4 COLLATE=utf8mb4_unicode_ci;

--
-- Dumping data for table `sanctions`
--

INSERT INTO `sanctions` (`id`, `etudiant_id`, `type`, `motif`, `description`, `date_sanction`, `date_fin`, `montant_amende`, `statut`, `enregistree_par`, `observations`, `created_at`, `updated_at`, `deleted_at`) VALUES
(1, 32, 'exclusion', 'Altercation avec autre résident', 'Qui qui repudiandae et excepturi. Repudiandae tempora alias repellat qui ratione impedit. Dolorem non vero numquam architecto laboriosam ut molestiae. Quia temporibus quo qui in tempore laudantium.', '2026-01-06', '2026-02-26', NULL, 'levee', 1, NULL, '2026-03-05 13:44:21', '2026-03-05 13:44:21', NULL),
(2, 39, 'suspension', 'Présence de visiteur non autorisé', 'Consequatur ea molestiae numquam sit et soluta officiis. Numquam enim et ipsa et. Perspiciatis quibusdam deserunt nesciunt consequuntur ipsa qui laborum. Vero et voluptas itaque a similique.', '2026-02-18', '2026-03-03', NULL, 'active', 1, NULL, '2026-03-05 13:44:21', '2026-03-05 13:44:21', NULL),
(3, 4, 'avertissement', 'Usage interdit d\'appareils électriques', 'Qui distinctio vel neque amet eius at. Ut repudiandae aperiam voluptatibus nam quo amet et. In pariatur ea non beatae necessitatibus quaerat repudiandae nulla. Est nihil eaque ullam quis iste. Qui ea consequatur et in unde est.', '2026-02-01', NULL, NULL, 'active', 1, NULL, '2026-03-05 13:44:21', '2026-03-05 13:44:21', NULL),
(4, 10, 'avertissement', 'Altercation avec autre résident', 'Maiores est ab omnis ipsam et repudiandae. Ab soluta fuga magnam aliquid. Ipsum rerum est quo molestiae repudiandae impedit id facilis.', '2026-01-31', NULL, NULL, 'levee', 1, NULL, '2026-03-05 13:44:21', '2026-03-05 13:44:21', NULL),
(5, 18, 'avertissement', 'Retard répété après 22h', 'Rerum sint odit culpa ut saepe reiciendis perspiciatis. Dicta dolor eius natus aut. Earum velit consequatur facilis hic molestiae corporis quibusdam.', '2026-03-04', NULL, NULL, 'active', 1, 'Étudiant a reconnu les faits', '2026-03-05 13:44:21', '2026-03-05 13:44:21', NULL),
(6, 74, 'suspension', 'Non-respect du règlement intérieur', 'Eum nihil saepe libero ipsa aut eaque. Et culpa suscipit ut accusantium illo ea et libero. Et aut sunt veniam. Ab quisquam blanditiis dolorem et enim.', '2026-01-12', '2026-01-26', NULL, 'levee', 1, NULL, '2026-03-05 13:44:21', '2026-03-05 13:44:21', NULL),
(7, 29, 'suspension', 'Dégâts matériels', 'Eveniet neque omnis nihil nostrum et qui. Rerum ipsa aut neque eligendi velit consequatur nesciunt. Illo architecto officia ut architecto.', '2026-01-04', '2026-01-16', NULL, 'active', 1, NULL, '2026-03-05 13:44:21', '2026-03-05 13:44:21', NULL),
(8, 54, 'suspension', 'Présence de visiteur non autorisé', 'Exercitationem sunt error et nihil eaque doloremque ut. Maxime ea et sit aliquid. Libero laborum eaque necessitatibus ducimus voluptas sit quis. Debitis sint aut ad odit et deleniti rem.', '2026-02-01', '2026-02-08', NULL, 'levee', 1, NULL, '2026-03-05 13:44:21', '2026-03-05 13:44:21', NULL),
(9, 87, 'suspension', 'Altercation avec autre résident', 'Ullam facilis sunt ab in. Qui veritatis voluptatibus sit reiciendis.', '2026-02-10', '2026-02-13', NULL, 'suspendue', 1, 'Étudiant a reconnu les faits', '2026-03-05 13:44:21', '2026-03-05 13:44:21', NULL),
(10, 80, 'exclusion', 'Trouble au calme nocturne', 'Soluta et libero nulla. Iure suscipit animi et nulla. Deserunt placeat provident aut ut.', '2026-02-10', '2026-04-06', NULL, 'suspendue', 1, 'Étudiant a reconnu les faits', '2026-03-05 13:44:21', '2026-03-05 13:44:21', NULL),
(11, 91, 'suspension', 'Dégâts matériels', 'Veritatis sit laboriosam et. Aut modi consequatur qui ab. Doloribus consequuntur maiores ut repudiandae voluptatem.', '2026-03-04', '2026-03-10', NULL, 'active', 1, 'Étudiant a reconnu les faits', '2026-03-05 13:44:21', '2026-03-05 13:44:21', NULL),
(12, 50, 'avertissement', 'Usage interdit d\'appareils électriques', 'Quo voluptas et ut dicta est aspernatur eveniet deserunt. Doloremque mollitia qui et natus. Autem ab autem nostrum occaecati aut.', '2026-02-15', NULL, NULL, 'levee', 1, 'Étudiant a reconnu les faits', '2026-03-05 13:44:21', '2026-03-05 13:44:21', NULL),
(13, 96, 'avertissement', 'Altercation avec autre résident', 'Voluptatum dolore voluptas accusantium commodi ipsam voluptates sint voluptates. Praesentium vel repudiandae et et.', '2026-01-15', NULL, NULL, 'suspendue', 1, NULL, '2026-03-05 13:44:21', '2026-03-05 13:44:21', NULL),
(14, 102, 'amende', 'Usage interdit d\'appareils électriques', 'Eum iure rem occaecati nihil id. Possimus possimus consequatur quaerat sint quae veniam harum. Impedit maxime itaque tenetur veniam. Adipisci temporibus qui debitis. Odit enim ab adipisci qui occaecati natus.', '2026-03-02', NULL, 100.00, 'levee', 1, 'Étudiant a reconnu les faits', '2026-03-05 13:44:21', '2026-03-05 13:44:21', NULL),
(15, 67, 'amende', 'Altercation avec autre résident', 'Quo et nihil non et perferendis ducimus officiis. Ut ab repellendus officia. A deserunt dolores voluptas voluptatum ipsum natus praesentium alias.', '2026-01-09', NULL, 100.00, 'suspendue', 1, 'Étudiant a reconnu les faits', '2026-03-05 13:44:21', '2026-03-05 13:44:21', NULL),
(16, 22, 'suspension', 'Retard répété après 22h', 'Consequatur ea eaque consectetur et optio. Ex et est dolores est sed. Omnis accusamus quibusdam ut quas iure non omnis.', '2026-01-25', '2026-01-30', NULL, 'levee', 1, NULL, '2026-03-05 13:44:21', '2026-03-05 13:44:21', NULL),
(17, 84, 'suspension', 'Usage interdit d\'appareils électriques', 'Alias delectus consequatur est maxime. Qui rerum unde voluptatem. Soluta vel doloremque et distinctio quo. Ea veniam provident pariatur quia.', '2026-02-19', '2026-02-27', NULL, 'suspendue', 1, 'Étudiant a reconnu les faits', '2026-03-05 13:44:21', '2026-03-05 13:44:21', NULL),
(18, 23, 'suspension', 'Retard répété après 22h', 'Consectetur nulla velit aut dolor nihil repudiandae. Numquam fuga non adipisci ducimus. Quaerat quas vel vero ratione ut occaecati nulla nihil. Velit quis quo voluptas reiciendis sunt magni.', '2026-03-01', '2026-03-15', NULL, 'suspendue', 1, NULL, '2026-03-05 13:44:21', '2026-03-05 13:44:21', NULL),
(19, 27, 'amende', 'Présence de visiteur non autorisé', 'Adipisci enim qui quia labore. Omnis rerum non tempora illo voluptatem molestias error. Dolores perspiciatis error sapiente mollitia quo eum illo quo.', '2026-02-22', NULL, 200.00, 'active', 1, 'Étudiant a reconnu les faits', '2026-03-05 13:44:21', '2026-03-05 13:44:21', NULL),
(20, 3, 'exclusion', 'Dégâts matériels', 'Voluptatem consequuntur nostrum consectetur. Eum nobis quas doloribus quam consequatur. Doloremque nam non doloribus maiores ea est mollitia. Rerum dolor dolorum commodi officia ducimus commodi explicabo optio.', '2026-01-05', '2026-03-25', NULL, 'levee', 1, NULL, '2026-03-05 13:44:21', '2026-03-05 13:44:21', NULL),
(21, 43, 'avertissement', 'Dégâts matériels', 'Molestias officia est aut natus sint et aut. In sed voluptas deleniti voluptas sunt ex dolor amet. Perspiciatis quisquam facilis qui eligendi est omnis nostrum. Et et aut aut qui error.', '2026-01-23', NULL, NULL, 'suspendue', 1, NULL, '2026-03-05 13:44:21', '2026-03-05 13:44:21', NULL),
(22, 39, 'suspension', 'Dégâts matériels', 'Qui autem nisi alias quis ut harum exercitationem sequi. Sint fugit ad animi officia quo est ullam. Assumenda placeat voluptatum commodi aut. Consequatur veniam aut voluptas quasi excepturi explicabo ducimus.', '2026-01-13', '2026-01-27', NULL, 'suspendue', 1, NULL, '2026-03-05 13:44:21', '2026-03-05 13:44:21', NULL),
(23, 95, 'exclusion', 'Dégâts matériels', 'Exercitationem earum mollitia non sed. Perspiciatis illum saepe adipisci ut ullam fugit. Quidem eaque vero incidunt aut quam quibusdam. Facilis qui vitae expedita minus.', '2026-01-21', '2026-04-21', NULL, 'levee', 1, 'Étudiant a reconnu les faits', '2026-03-05 13:44:21', '2026-03-05 13:44:21', NULL),
(24, 36, 'exclusion', 'Dégâts matériels', 'Perferendis necessitatibus iure nam. Reiciendis consequatur ipsum pariatur delectus. Sed veritatis aut autem debitis similique et.', '2026-02-11', '2026-04-05', NULL, 'active', 1, NULL, '2026-03-05 13:44:21', '2026-03-05 13:44:21', NULL),
(25, 92, 'avertissement', 'Retard répété après 22h', 'Fugiat est rerum maxime ut laborum eveniet. Ut in maiores reiciendis et et. At nihil reprehenderit officia. Accusantium ipsam quo dicta.', '2026-03-04', NULL, NULL, 'levee', 1, 'Étudiant a reconnu les faits', '2026-03-05 13:44:21', '2026-03-05 13:44:21', NULL),
(26, 39, 'exclusion', 'Non-respect du règlement intérieur', 'Alias laudantium eligendi velit autem voluptas. Facilis quos ut ipsam nemo. Quidem adipisci animi praesentium id rerum aut asperiores.', '2026-02-12', '2026-04-11', NULL, 'levee', 1, NULL, '2026-03-05 13:44:21', '2026-03-05 13:44:21', NULL),
(27, 54, 'avertissement', 'Trouble au calme nocturne', 'Consequatur et ex blanditiis nostrum vel reiciendis. Quaerat temporibus similique excepturi ex veritatis voluptates. Excepturi iusto est pariatur eveniet tempore.', '2026-02-14', NULL, NULL, 'suspendue', 1, 'Étudiant a reconnu les faits', '2026-03-05 13:44:21', '2026-03-05 13:44:21', NULL),
(28, 65, 'amende', 'Trouble au calme nocturne', 'Sint in est dolor molestiae porro. Illum rem repellendus maxime quae quam omnis. Nemo in itaque tempora qui mollitia illo. Beatae inventore et amet illo.', '2026-01-22', NULL, 500.00, 'levee', 1, NULL, '2026-03-05 13:44:21', '2026-03-05 13:44:21', NULL),
(29, 3, 'amende', 'Altercation avec autre résident', 'Minima officia eveniet vitae. Reiciendis repellat nostrum error voluptas.', '2026-01-14', NULL, 100.00, 'active', 1, NULL, '2026-03-05 13:44:21', '2026-03-05 13:44:21', NULL),
(30, 75, 'avertissement', 'Présence de visiteur non autorisé', 'Velit officiis accusantium quidem veniam qui omnis. Quos perferendis eos cumque cumque ut quisquam iure.', '2026-03-04', NULL, NULL, 'suspendue', 1, 'Étudiant a reconnu les faits', '2026-03-05 13:44:21', '2026-03-05 13:44:21', NULL);

-- --------------------------------------------------------

--
-- Table structure for table `sessions`
--

CREATE TABLE `sessions` (
  `id` varchar(255) NOT NULL,
  `user_id` bigint(20) UNSIGNED DEFAULT NULL,
  `ip_address` varchar(45) DEFAULT NULL,
  `user_agent` text DEFAULT NULL,
  `payload` longtext NOT NULL,
  `last_activity` int(11) NOT NULL
) ENGINE=InnoDB DEFAULT CHARSET=utf8mb4 COLLATE=utf8mb4_unicode_ci;

--
-- Dumping data for table `sessions`
--

INSERT INTO `sessions` (`id`, `user_id`, `ip_address`, `user_agent`, `payload`, `last_activity`) VALUES
('Bw5JMLoeDFm9YQ8RTlHbaY9886C1b2DCO7YnYvrg', NULL, '127.0.0.1', 'Mozilla/5.0 (X11; Linux x86_64) AppleWebKit/537.36 (KHTML, like Gecko) Chrome/145.0.0.0 Safari/537.36', 'YTo0OntzOjY6Il90b2tlbiI7czo0MDoibnBtVEdOUzVPeElFcTljVGl2alI2dkVTaDNmNEtaT25jTzFkdE1CaiI7czo5OiJfcHJldmlvdXMiO2E6Mjp7czozOiJ1cmwiO3M6Mjc6Imh0dHA6Ly8xMjcuMC4wLjE6ODAwMC9sb2dpbiI7czo1OiJyb3V0ZSI7czo1OiJsb2dpbiI7fXM6NjoiX2ZsYXNoIjthOjI6e3M6Mzoib2xkIjthOjA6e31zOjM6Im5ldyI7YTowOnt9fXM6MzoidXJsIjthOjE6e3M6ODoiaW50ZW5kZWQiO3M6MzE6Imh0dHA6Ly8xMjcuMC4wLjE6ODAwMC9kYXNoYm9hcmQiO319', 1772727104);

-- --------------------------------------------------------

--
-- Table structure for table `users`
--

CREATE TABLE `users` (
  `id` bigint(20) UNSIGNED NOT NULL,
  `name` varchar(255) NOT NULL,
  `email` varchar(255) NOT NULL,
  `email_verified_at` timestamp NULL DEFAULT NULL,
  `password` varchar(255) NOT NULL,
  `remember_token` varchar(100) DEFAULT NULL,
  `created_at` timestamp NULL DEFAULT NULL,
  `updated_at` timestamp NULL DEFAULT NULL
) ENGINE=InnoDB DEFAULT CHARSET=utf8mb4 COLLATE=utf8mb4_unicode_ci;

-- --------------------------------------------------------

--
-- Table structure for table `utilisateurs`
--

CREATE TABLE `utilisateurs` (
  `id` bigint(20) UNSIGNED NOT NULL,
  `nom` varchar(255) NOT NULL,
  `prenom` varchar(255) NOT NULL,
  `email` varchar(255) NOT NULL,
  `telephone` varchar(255) DEFAULT NULL,
  `password` varchar(255) NOT NULL,
  `role` enum('admin','security','etudiant') NOT NULL DEFAULT 'etudiant',
  `email_verified_at` timestamp NULL DEFAULT NULL,
  `remember_token` varchar(100) DEFAULT NULL,
  `created_at` timestamp NULL DEFAULT NULL,
  `updated_at` timestamp NULL DEFAULT NULL,
  `deleted_at` timestamp NULL DEFAULT NULL
) ENGINE=InnoDB DEFAULT CHARSET=utf8mb4 COLLATE=utf8mb4_unicode_ci;

--
-- Dumping data for table `utilisateurs`
--

INSERT INTO `utilisateurs` (`id`, `nom`, `prenom`, `email`, `telephone`, `password`, `role`, `email_verified_at`, `remember_token`, `created_at`, `updated_at`, `deleted_at`) VALUES
(1, 'Admin', 'System', 'admin@cmc.ma', '0612345678', '$2y$12$HKM9smKEjvorLsO5rYQg2eljkEajHQo56BNuNaY6U6Kr/1lwyzxru', 'admin', '2026-03-05 13:44:12', NULL, '2026-03-05 13:44:12', '2026-03-05 13:44:12', NULL),
(2, 'Benali', 'Karim', 'security1@cmc.ma', '0623456789', '$2y$12$9z2KnnRUxVsysM7d1tJ05etc8rfb1P3bWlREPWS7eo.ZXo/H2/cPK', 'security', '2026-03-05 13:44:12', NULL, '2026-03-05 13:44:12', '2026-03-05 13:44:12', NULL),
(3, 'Alaoui', 'Fatima', 'security2@cmc.ma', '0634567890', '$2y$12$y586xbiv7JDJS9VgxKB7aOEFKoXYFCn3qB.RKDgZ47on6Lj5TaI0i', 'security', '2026-03-05 13:44:12', NULL, '2026-03-05 13:44:12', '2026-03-05 13:44:12', NULL),
(4, 'El Amrani', 'Youssef', 'security3@cmc.ma', '0645678901', '$2y$12$nvlvoUsRGNbNtpY4om3I5O6v/RvBrGQlQDmB1Y58vmaHNnQXZUrqS', 'security', '2026-03-05 13:44:12', NULL, '2026-03-05 13:44:12', '2026-03-05 13:44:12', NULL),
(5, 'Fassi', 'Laila', 'security4@cmc.ma', '0656789012', '$2y$12$m/R6S0tsBeNkEmdjHOZCL.13SGHwSQ875qOEKgFDKeiwKH3FnP8QK', 'security', '2026-03-05 13:44:13', NULL, '2026-03-05 13:44:13', '2026-03-05 13:44:13', NULL),
(6, 'Bennani', 'Omar', 'security5@cmc.ma', '0667890123', '$2y$12$HV8UGyCvRIVa//i9dYODbOD66NOEECzlAXTFn22jocB.cgWKOpzAi', 'security', '2026-03-05 13:44:13', NULL, '2026-03-05 13:44:13', '2026-03-05 13:44:13', NULL);

-- --------------------------------------------------------

--
-- Table structure for table `visites`
--

CREATE TABLE `visites` (
  `id` bigint(20) UNSIGNED NOT NULL,
  `nom_visiteur` varchar(255) NOT NULL,
  `prenom_visiteur` varchar(255) NOT NULL,
  `cin_visiteur` varchar(255) NOT NULL,
  `matricul_visiteur` varchar(255) DEFAULT NULL,
  `date_heure_entree` datetime NOT NULL,
  `date_heure_sortie` datetime DEFAULT NULL,
  `motif` text NOT NULL,
  `enregistre_par` bigint(20) UNSIGNED NOT NULL,
  `statut` enum('entree','sortie','en_cours') NOT NULL DEFAULT 'entree',
  `created_at` timestamp NULL DEFAULT NULL,
  `updated_at` timestamp NULL DEFAULT NULL,
  `deleted_at` timestamp NULL DEFAULT NULL
) ENGINE=InnoDB DEFAULT CHARSET=utf8mb4 COLLATE=utf8mb4_unicode_ci;

--
-- Dumping data for table `visites`
--

INSERT INTO `visites` (`id`, `nom_visiteur`, `prenom_visiteur`, `cin_visiteur`, `matricul_visiteur`, `date_heure_entree`, `date_heure_sortie`, `motif`, `enregistre_par`, `statut`, `created_at`, `updated_at`, `deleted_at`) VALUES
(1, 'Mathieu', 'Zacharie', 'LV372524', NULL, '2026-03-05 20:54:00', '2026-03-05 23:54:00', 'Visite familiale', 5, 'sortie', '2026-03-05 13:44:21', '2026-03-05 13:44:21', NULL),
(2, 'Duhamel', 'Olivie', 'VR861523', NULL, '2026-03-05 14:49:00', NULL, 'Visite familiale', 4, 'en_cours', '2026-03-05 13:44:21', '2026-03-05 13:44:21', NULL),
(3, 'Renault', 'Thomas', 'TL197916', NULL, '2026-03-05 09:34:00', '2026-03-05 11:34:00', 'Visite familiale', 6, 'sortie', '2026-03-05 13:44:21', '2026-03-05 13:44:21', NULL),
(4, 'Guyot', 'Constance', 'AR274438', NULL, '2026-03-05 11:53:00', NULL, 'Entretien technique', 4, 'en_cours', '2026-03-05 13:44:21', '2026-03-05 13:44:21', NULL),
(5, 'Leveque', 'Frédéric', 'HK120257', NULL, '2026-03-05 14:00:00', NULL, 'Rendez-vous administratif', 6, 'en_cours', '2026-03-05 13:44:21', '2026-03-05 13:44:21', NULL),
(6, 'Denis', 'Monique', 'ZA408612', 'VIS-62054', '2026-03-04 14:57:00', NULL, 'Rendez-vous administratif', 6, 'en_cours', '2026-03-05 13:44:21', '2026-03-05 13:44:21', NULL),
(7, 'Besnard', 'André', 'TW071402', NULL, '2026-03-04 14:17:00', '2026-03-04 16:17:00', 'Livraison', 3, 'sortie', '2026-03-05 13:44:21', '2026-03-05 13:44:21', NULL),
(8, 'Costa', 'Susanne', 'BM335195', NULL, '2026-03-04 09:17:00', NULL, 'Livraison', 6, 'entree', '2026-03-05 13:44:21', '2026-03-05 13:44:21', NULL),
(9, 'Breton', 'Guy', 'QF280057', NULL, '2026-03-04 09:40:00', '2026-03-04 10:40:00', 'Entretien technique', 2, 'sortie', '2026-03-05 13:44:21', '2026-03-05 13:44:21', NULL),
(10, 'Gros', 'Dominique', 'GC721130', NULL, '2026-03-04 10:49:00', '2026-03-04 12:49:00', 'Visite familiale', 6, 'sortie', '2026-03-05 13:44:21', '2026-03-05 13:44:21', NULL),
(11, 'Jacob', 'Thierry', 'VR788144', NULL, '2026-03-04 15:28:00', NULL, 'Entretien technique', 3, 'en_cours', '2026-03-05 13:44:21', '2026-03-05 13:44:21', NULL),
(12, 'Georges', 'Jeannine', 'GO224174', NULL, '2026-03-03 11:11:00', NULL, 'Visite familiale', 3, 'entree', '2026-03-05 13:44:21', '2026-03-05 13:44:21', NULL),
(13, 'Marion', 'Bernadette', 'LK169609', NULL, '2026-03-03 10:50:00', NULL, 'Rendez-vous administratif', 6, 'entree', '2026-03-05 13:44:21', '2026-03-05 13:44:21', NULL),
(14, 'Bigot', 'Juliette', 'QP603644', NULL, '2026-03-03 09:14:00', '2026-03-03 10:14:00', 'Visite officielle', 6, 'sortie', '2026-03-05 13:44:21', '2026-03-05 13:44:21', NULL),
(15, 'Bonneau', 'Marguerite', 'EA212942', NULL, '2026-03-03 14:35:00', NULL, 'Visite familiale', 3, 'entree', '2026-03-05 13:44:21', '2026-03-05 13:44:21', NULL),
(16, 'Ledoux', 'Martin', 'RB826051', NULL, '2026-03-03 15:29:00', '2026-03-03 17:29:00', 'Entretien technique', 6, 'sortie', '2026-03-05 13:44:21', '2026-03-05 13:44:21', NULL),
(17, 'Gimenez', 'Robert', 'IL499641', NULL, '2026-03-03 14:31:00', NULL, 'Entretien technique', 3, 'entree', '2026-03-05 13:44:21', '2026-03-05 13:44:21', NULL),
(18, 'Poulain', 'Christelle', 'ZZ507245', NULL, '2026-03-03 08:56:00', '2026-03-03 10:56:00', 'Livraison', 3, 'sortie', '2026-03-05 13:44:21', '2026-03-05 13:44:21', NULL),
(19, 'Riou', 'Tristan', 'JB459449', NULL, '2026-03-03 18:03:00', NULL, 'Rendez-vous administratif', 4, 'en_cours', '2026-03-05 13:44:21', '2026-03-05 13:44:21', NULL),
(20, 'Delattre', 'Roland', 'RA583383', NULL, '2026-03-02 14:25:00', '2026-03-02 17:25:00', 'Visite familiale', 2, 'sortie', '2026-03-05 13:44:21', '2026-03-05 13:44:21', NULL),
(21, 'Baron', 'Renée', 'EW692655', 'VIS-3523', '2026-03-02 12:07:00', '2026-03-02 13:07:00', 'Visite officielle', 3, 'sortie', '2026-03-05 13:44:21', '2026-03-05 13:44:21', NULL),
(22, 'Rossi', 'Margaux', 'VN601057', NULL, '2026-03-02 15:00:00', NULL, 'Entretien technique', 4, 'en_cours', '2026-03-05 13:44:21', '2026-03-05 13:44:21', NULL),
(23, 'Valette', 'Martin', 'DC233367', NULL, '2026-03-02 08:34:00', '2026-03-02 10:34:00', 'Livraison', 2, 'sortie', '2026-03-05 13:44:21', '2026-03-05 13:44:21', NULL),
(24, 'Jacques', 'Madeleine', 'UV121019', NULL, '2026-03-02 12:58:00', NULL, 'Rendez-vous administratif', 3, 'en_cours', '2026-03-05 13:44:21', '2026-03-05 13:44:21', NULL),
(25, 'Pruvost', 'Claudine', 'CQ616169', NULL, '2026-03-02 20:19:00', NULL, 'Visite familiale', 4, 'entree', '2026-03-05 13:44:21', '2026-03-05 13:44:21', NULL),
(26, 'Blanc', 'Franck', 'LI690078', NULL, '2026-03-02 16:30:00', '2026-03-02 19:30:00', 'Rendez-vous administratif', 6, 'sortie', '2026-03-05 13:44:21', '2026-03-05 13:44:21', NULL),
(27, 'Lambert', 'Pauline', 'TF374507', NULL, '2026-03-01 16:18:00', NULL, 'Entretien technique', 3, 'entree', '2026-03-05 13:44:21', '2026-03-05 13:44:21', NULL),
(28, 'Legendre', 'Noémi', 'YO197032', NULL, '2026-03-01 15:41:00', '2026-03-01 16:41:00', 'Rendez-vous administratif', 4, 'sortie', '2026-03-05 13:44:21', '2026-03-05 13:44:21', NULL),
(29, 'Laine', 'Philippe', 'SK818079', NULL, '2026-03-01 08:09:00', NULL, 'Visite familiale', 2, 'en_cours', '2026-03-05 13:44:21', '2026-03-05 13:44:21', NULL),
(30, 'Besnard', 'Caroline', 'YG670774', NULL, '2026-03-01 16:33:00', NULL, 'Visite familiale', 6, 'entree', '2026-03-05 13:44:21', '2026-03-05 13:44:21', NULL),
(31, 'Adam', 'Dominique', 'NU915960', NULL, '2026-03-01 18:18:00', NULL, 'Visite officielle', 5, 'entree', '2026-03-05 13:44:21', '2026-03-05 13:44:21', NULL),
(32, 'Gaudin', 'Yves', 'FS883720', NULL, '2026-03-01 14:24:00', NULL, 'Visite officielle', 4, 'en_cours', '2026-03-05 13:44:21', '2026-03-05 13:44:21', NULL),
(33, 'Rolland', 'Jérôme', 'HC185865', 'VIS-81273', '2026-03-01 17:33:00', '2026-03-01 20:33:00', 'Livraison', 4, 'sortie', '2026-03-05 13:44:21', '2026-03-05 13:44:21', NULL),
(34, 'Allain', 'Alphonse', 'NN386412', NULL, '2026-03-01 10:34:00', NULL, 'Visite officielle', 3, 'en_cours', '2026-03-05 13:44:21', '2026-03-05 13:44:21', NULL),
(35, 'Georges', 'Augustin', 'QJ828295', 'VIS-92193', '2026-02-28 20:18:00', NULL, 'Entretien technique', 2, 'entree', '2026-03-05 13:44:21', '2026-03-05 13:44:21', NULL),
(36, 'Berthelot', 'Élodie', 'OC526368', 'VIS-49770', '2026-02-28 17:55:00', NULL, 'Livraison', 2, 'en_cours', '2026-03-05 13:44:21', '2026-03-05 13:44:21', NULL),
(37, 'Collet', 'Simone', 'UC932641', NULL, '2026-02-28 16:05:00', NULL, 'Visite familiale', 5, 'entree', '2026-03-05 13:44:21', '2026-03-05 13:44:21', NULL),
(38, 'Rey', 'Gérard', 'TL100374', NULL, '2026-02-28 20:02:00', '2026-02-28 22:02:00', 'Livraison', 6, 'sortie', '2026-03-05 13:44:21', '2026-03-05 13:44:21', NULL),
(39, 'Delorme', 'Constance', 'PG343538', 'VIS-75513', '2026-02-28 16:34:00', NULL, 'Entretien technique', 5, 'en_cours', '2026-03-05 13:44:21', '2026-03-05 13:44:21', NULL),
(40, 'Antoine', 'Patrick', 'SZ766502', NULL, '2026-02-28 12:04:00', NULL, 'Visite officielle', 5, 'entree', '2026-03-05 13:44:21', '2026-03-05 13:44:21', NULL),
(41, 'Meyer', 'Agathe', 'AV486188', NULL, '2026-02-27 11:13:00', NULL, 'Livraison', 6, 'en_cours', '2026-03-05 13:44:21', '2026-03-05 13:44:21', NULL),
(42, 'Valentin', 'Simone', 'LP204623', NULL, '2026-02-27 13:42:00', NULL, 'Visite officielle', 4, 'en_cours', '2026-03-05 13:44:21', '2026-03-05 13:44:21', NULL),
(43, 'Carlier', 'Frédérique', 'XK660916', NULL, '2026-02-27 16:46:00', NULL, 'Visite officielle', 2, 'entree', '2026-03-05 13:44:21', '2026-03-05 13:44:21', NULL),
(44, 'Dupont', 'Agnès', 'IK174276', NULL, '2026-02-27 15:07:00', NULL, 'Visite officielle', 2, 'entree', '2026-03-05 13:44:21', '2026-03-05 13:44:21', NULL),
(45, 'Lamy', 'Bertrand', 'YW970156', NULL, '2026-02-27 16:15:00', '2026-02-27 18:15:00', 'Rendez-vous administratif', 5, 'sortie', '2026-03-05 13:44:21', '2026-03-05 13:44:21', NULL),
(46, 'Michaud', 'Pierre', 'DT012946', NULL, '2026-02-26 08:41:00', NULL, 'Rendez-vous administratif', 5, 'entree', '2026-03-05 13:44:21', '2026-03-05 13:44:21', NULL),
(47, 'Moulin', 'Hélène', 'PR535275', 'VIS-79005', '2026-02-26 20:18:00', '2026-02-26 23:18:00', 'Entretien technique', 3, 'sortie', '2026-03-05 13:44:21', '2026-03-05 13:44:21', NULL),
(48, 'Perrin', 'Timothée', 'AJ068085', 'VIS-57543', '2026-02-26 15:22:00', '2026-02-26 18:22:00', 'Entretien technique', 3, 'sortie', '2026-03-05 13:44:21', '2026-03-05 13:44:21', NULL),
(49, 'Boulay', 'Gabrielle', 'BS294406', 'VIS-52590', '2026-02-26 13:46:00', '2026-02-26 16:46:00', 'Entretien technique', 2, 'sortie', '2026-03-05 13:44:21', '2026-03-05 13:44:21', NULL),
(50, 'Michel', 'David', 'JY156656', NULL, '2026-02-26 19:55:00', NULL, 'Visite familiale', 4, 'entree', '2026-03-05 13:44:21', '2026-03-05 13:44:21', NULL),
(51, 'Monnier', 'Agnès', 'PN573234', NULL, '2026-02-25 09:40:00', '2026-02-25 11:40:00', 'Visite familiale', 5, 'sortie', '2026-03-05 13:44:21', '2026-03-05 13:44:21', NULL),
(52, 'Marchal', 'Zoé', 'AX650545', 'VIS-34732', '2026-02-25 15:32:00', NULL, 'Visite familiale', 5, 'en_cours', '2026-03-05 13:44:21', '2026-03-05 13:44:21', NULL),
(53, 'Pinto', 'Charles', 'PS863892', NULL, '2026-02-25 14:06:00', NULL, 'Rendez-vous administratif', 3, 'en_cours', '2026-03-05 13:44:21', '2026-03-05 13:44:21', NULL),
(54, 'Lefevre', 'Roger', 'KA307995', 'VIS-48662', '2026-02-25 20:02:00', '2026-02-25 21:02:00', 'Livraison', 6, 'sortie', '2026-03-05 13:44:21', '2026-03-05 13:44:21', NULL),
(55, 'Bonnet', 'Yves', 'IU714362', NULL, '2026-02-25 18:37:00', NULL, 'Entretien technique', 4, 'en_cours', '2026-03-05 13:44:21', '2026-03-05 13:44:21', NULL),
(56, 'Petitjean', 'Éléonore', 'LS308825', NULL, '2026-02-24 15:33:00', NULL, 'Livraison', 6, 'en_cours', '2026-03-05 13:44:21', '2026-03-05 13:44:21', NULL),
(57, 'Moulin', 'Charles', 'HM067813', NULL, '2026-02-24 15:27:00', NULL, 'Visite officielle', 6, 'en_cours', '2026-03-05 13:44:21', '2026-03-05 13:44:21', NULL),
(58, 'Coulon', 'Suzanne', 'KE470225', NULL, '2026-02-24 14:38:00', NULL, 'Visite familiale', 2, 'en_cours', '2026-03-05 13:44:21', '2026-03-05 13:44:21', NULL),
(59, 'Millet', 'Bernard', 'GZ401690', NULL, '2026-02-24 19:31:00', NULL, 'Rendez-vous administratif', 5, 'en_cours', '2026-03-05 13:44:21', '2026-03-05 13:44:21', NULL),
(60, 'Boulanger', 'Jean', 'ZZ625968', NULL, '2026-02-24 10:24:00', NULL, 'Livraison', 4, 'entree', '2026-03-05 13:44:21', '2026-03-05 13:44:21', NULL),
(61, 'Lejeune', 'Bertrand', 'ZF554676', NULL, '2026-02-24 14:10:00', NULL, 'Livraison', 2, 'en_cours', '2026-03-05 13:44:21', '2026-03-05 13:44:21', NULL),
(62, 'Cousin', 'Gabriel', 'PW747891', NULL, '2026-02-23 17:06:00', NULL, 'Livraison', 6, 'entree', '2026-03-05 13:44:21', '2026-03-05 13:44:21', NULL),
(63, 'Samson', 'Véronique', 'UL331367', NULL, '2026-02-23 11:29:00', NULL, 'Rendez-vous administratif', 2, 'entree', '2026-03-05 13:44:21', '2026-03-05 13:44:21', NULL),
(64, 'Morel', 'Pauline', 'LI939823', NULL, '2026-02-23 18:26:00', '2026-02-23 20:26:00', 'Rendez-vous administratif', 2, 'sortie', '2026-03-05 13:44:21', '2026-03-05 13:44:21', NULL),
(65, 'Devaux', 'Hugues', 'WD863378', NULL, '2026-02-23 15:40:00', NULL, 'Livraison', 6, 'entree', '2026-03-05 13:44:21', '2026-03-05 13:44:21', NULL),
(66, 'Vasseur', 'Odette', 'ZL483717', NULL, '2026-02-23 17:01:00', NULL, 'Visite officielle', 2, 'entree', '2026-03-05 13:44:21', '2026-03-05 13:44:21', NULL),
(67, 'Morel', 'Denis', 'PO641691', NULL, '2026-02-23 16:44:00', '2026-02-23 18:44:00', 'Entretien technique', 2, 'sortie', '2026-03-05 13:44:21', '2026-03-05 13:44:21', NULL),
(68, 'Henry', 'Margaux', 'FE218796', 'VIS-15093', '2026-02-23 20:15:00', NULL, 'Entretien technique', 3, 'en_cours', '2026-03-05 13:44:21', '2026-03-05 13:44:21', NULL),
(69, 'Valette', 'Susanne', 'AP985289', NULL, '2026-02-22 18:53:00', NULL, 'Rendez-vous administratif', 6, 'entree', '2026-03-05 13:44:21', '2026-03-05 13:44:21', NULL),
(70, 'Lemaitre', 'Patricia', 'KP733664', NULL, '2026-02-22 18:04:00', '2026-02-22 21:04:00', 'Rendez-vous administratif', 3, 'sortie', '2026-03-05 13:44:21', '2026-03-05 13:44:21', NULL),
(71, 'Marin', 'Bertrand', 'PR030313', NULL, '2026-02-22 12:09:00', '2026-02-22 15:09:00', 'Livraison', 2, 'sortie', '2026-03-05 13:44:21', '2026-03-05 13:44:21', NULL),
(72, 'Brunet', 'Audrey', 'HL018190', NULL, '2026-02-22 18:38:00', '2026-02-22 20:38:00', 'Visite officielle', 2, 'sortie', '2026-03-05 13:44:21', '2026-03-05 13:44:21', NULL),
(73, 'Pinto', 'Anastasie', 'QL706091', NULL, '2026-02-22 16:30:00', NULL, 'Visite officielle', 3, 'entree', '2026-03-05 13:44:21', '2026-03-05 13:44:21', NULL),
(74, 'Vaillant', 'Antoine', 'DV009278', NULL, '2026-02-21 19:50:00', NULL, 'Entretien technique', 3, 'en_cours', '2026-03-05 13:44:21', '2026-03-05 13:44:21', NULL),
(75, 'Munoz', 'Thibaut', 'QV656364', NULL, '2026-02-21 11:49:00', NULL, 'Rendez-vous administratif', 6, 'entree', '2026-03-05 13:44:21', '2026-03-05 13:44:21', NULL),
(76, 'Faivre', 'Jean', 'NM880980', NULL, '2026-02-21 15:32:00', NULL, 'Rendez-vous administratif', 3, 'entree', '2026-03-05 13:44:21', '2026-03-05 13:44:21', NULL),
(77, 'Cordier', 'Nathalie', 'MV677277', 'VIS-18515', '2026-02-20 11:12:00', NULL, 'Entretien technique', 2, 'en_cours', '2026-03-05 13:44:21', '2026-03-05 13:44:21', NULL),
(78, 'Dufour', 'Anne', 'HJ594088', NULL, '2026-02-20 20:47:00', NULL, 'Visite officielle', 5, 'entree', '2026-03-05 13:44:21', '2026-03-05 13:44:21', NULL),
(79, 'Lefevre', 'Océane', 'GJ605457', NULL, '2026-02-20 12:00:00', '2026-02-20 15:00:00', 'Visite officielle', 5, 'sortie', '2026-03-05 13:44:21', '2026-03-05 13:44:21', NULL),
(80, 'Joubert', 'Suzanne', 'ZB125456', NULL, '2026-02-20 11:56:00', NULL, 'Visite familiale', 4, 'entree', '2026-03-05 13:44:21', '2026-03-05 13:44:21', NULL),
(81, 'Charrier', 'Étienne', 'FS749798', NULL, '2026-02-20 08:28:00', '2026-02-20 10:28:00', 'Visite officielle', 5, 'sortie', '2026-03-05 13:44:21', '2026-03-05 13:44:21', NULL),
(82, 'Fournier', 'Laetitia', 'LU327395', NULL, '2026-02-19 14:33:00', '2026-02-19 15:33:00', 'Entretien technique', 5, 'sortie', '2026-03-05 13:44:21', '2026-03-05 13:44:21', NULL),
(83, 'Peltier', 'Gabriel', 'CP866661', NULL, '2026-02-19 10:12:00', NULL, 'Livraison', 5, 'en_cours', '2026-03-05 13:44:21', '2026-03-05 13:44:21', NULL),
(84, 'Allard', 'Timothée', 'ZP340412', 'VIS-10717', '2026-02-19 12:34:00', '2026-02-19 13:34:00', 'Entretien technique', 6, 'sortie', '2026-03-05 13:44:21', '2026-03-05 13:44:21', NULL),
(85, 'Bertrand', 'Gabriel', 'LI819015', NULL, '2026-02-19 11:22:00', '2026-02-19 13:22:00', 'Visite familiale', 6, 'sortie', '2026-03-05 13:44:21', '2026-03-05 13:44:21', NULL),
(86, 'Lefevre', 'Agnès', 'BT872934', NULL, '2026-02-19 17:45:00', NULL, 'Visite familiale', 5, 'en_cours', '2026-03-05 13:44:21', '2026-03-05 13:44:21', NULL),
(87, 'Gilbert', 'Noël', 'LC797404', NULL, '2026-02-19 18:05:00', NULL, 'Rendez-vous administratif', 3, 'en_cours', '2026-03-05 13:44:21', '2026-03-05 13:44:21', NULL),
(88, 'Pages', 'Camille', 'UT046948', NULL, '2026-02-19 13:31:00', NULL, 'Rendez-vous administratif', 6, 'entree', '2026-03-05 13:44:21', '2026-03-05 13:44:21', NULL),
(89, 'Maillot', 'Lorraine', 'DW517151', NULL, '2026-02-19 17:38:00', '2026-02-19 19:38:00', 'Livraison', 2, 'sortie', '2026-03-05 13:44:21', '2026-03-05 13:44:21', NULL),
(90, 'Leconte', 'Camille', 'AS176599', NULL, '2026-02-18 18:06:00', NULL, 'Visite officielle', 5, 'en_cours', '2026-03-05 13:44:21', '2026-03-05 13:44:21', NULL),
(91, 'Gerard', 'Marie', 'FT733633', NULL, '2026-02-18 09:32:00', NULL, 'Visite officielle', 3, 'entree', '2026-03-05 13:44:21', '2026-03-05 13:44:21', NULL),
(92, 'Didier', 'Antoine', 'TF075725', NULL, '2026-02-18 14:07:00', NULL, 'Visite familiale', 2, 'en_cours', '2026-03-05 13:44:21', '2026-03-05 13:44:21', NULL),
(93, 'Daniel', 'Sylvie', 'GC421646', NULL, '2026-02-18 08:23:00', NULL, 'Livraison', 2, 'entree', '2026-03-05 13:44:21', '2026-03-05 13:44:21', NULL),
(94, 'Lacroix', 'Margaret', 'TC568074', NULL, '2026-02-18 09:45:00', NULL, 'Rendez-vous administratif', 6, 'entree', '2026-03-05 13:44:21', '2026-03-05 13:44:21', NULL),
(95, 'Ferreira', 'Michel', 'SX472965', NULL, '2026-02-18 08:47:00', NULL, 'Livraison', 6, 'entree', '2026-03-05 13:44:21', '2026-03-05 13:44:21', NULL),
(96, 'Joubert', 'Gabrielle', 'SQ567964', NULL, '2026-02-17 19:05:00', '2026-02-17 20:05:00', 'Entretien technique', 5, 'sortie', '2026-03-05 13:44:21', '2026-03-05 13:44:21', NULL),
(97, 'Lemonnier', 'Jean', 'OX017457', NULL, '2026-02-17 15:18:00', '2026-02-17 16:18:00', 'Visite familiale', 3, 'sortie', '2026-03-05 13:44:21', '2026-03-05 13:44:21', NULL),
(98, 'Auger', 'Chantal', 'FK839192', 'VIS-34680', '2026-02-17 15:56:00', NULL, 'Visite familiale', 3, 'en_cours', '2026-03-05 13:44:21', '2026-03-05 13:44:21', NULL),
(99, 'Carpentier', 'Jeanne', 'XE059248', NULL, '2026-02-16 17:34:00', NULL, 'Rendez-vous administratif', 6, 'en_cours', '2026-03-05 13:44:21', '2026-03-05 13:44:21', NULL),
(100, 'Bernier', 'Denis', 'DA951741', 'VIS-17483', '2026-02-16 16:43:00', '2026-02-16 17:43:00', 'Livraison', 6, 'sortie', '2026-03-05 13:44:21', '2026-03-05 13:44:21', NULL),
(101, 'Rousseau', 'Éléonore', 'WC709991', 'VIS-71043', '2026-02-16 12:06:00', NULL, 'Livraison', 6, 'entree', '2026-03-05 13:44:21', '2026-03-05 13:44:21', NULL),
(102, 'Marion', 'Simone', 'ON476639', NULL, '2026-02-16 12:45:00', NULL, 'Entretien technique', 2, 'entree', '2026-03-05 13:44:21', '2026-03-05 13:44:21', NULL),
(103, 'Gillet', 'Alexandrie', 'JQ766149', NULL, '2026-02-15 10:18:00', NULL, 'Visite familiale', 4, 'entree', '2026-03-05 13:44:21', '2026-03-05 13:44:21', NULL),
(104, 'Texier', 'Aurore', 'MU883870', NULL, '2026-02-15 10:30:00', NULL, 'Visite familiale', 6, 'en_cours', '2026-03-05 13:44:21', '2026-03-05 13:44:21', NULL),
(105, 'Gosselin', 'Mathilde', 'TJ784477', NULL, '2026-02-15 16:22:00', '2026-02-15 17:22:00', 'Visite officielle', 2, 'sortie', '2026-03-05 13:44:21', '2026-03-05 13:44:21', NULL),
(106, 'Lenoir', 'Frédéric', 'UR758993', NULL, '2026-02-14 17:35:00', NULL, 'Visite familiale', 4, 'en_cours', '2026-03-05 13:44:21', '2026-03-05 13:44:21', NULL),
(107, 'Le Goff', 'Margaud', 'AZ028128', 'VIS-83784', '2026-02-14 13:57:00', NULL, 'Entretien technique', 3, 'en_cours', '2026-03-05 13:44:21', '2026-03-05 13:44:21', NULL),
(108, 'Hardy', 'Brigitte', 'CA810113', 'VIS-46970', '2026-02-14 08:58:00', NULL, 'Entretien technique', 4, 'en_cours', '2026-03-05 13:44:21', '2026-03-05 13:44:21', NULL),
(109, 'Lacombe', 'Denis', 'WN093132', NULL, '2026-02-14 20:52:00', NULL, 'Visite familiale', 6, 'entree', '2026-03-05 13:44:21', '2026-03-05 13:44:21', NULL),
(110, 'Durand', 'Édouard', 'TC615707', NULL, '2026-02-13 16:02:00', NULL, 'Visite officielle', 3, 'en_cours', '2026-03-05 13:44:21', '2026-03-05 13:44:21', NULL),
(111, 'Michaud', 'Tristan', 'FH071235', NULL, '2026-02-13 13:16:00', NULL, 'Livraison', 3, 'entree', '2026-03-05 13:44:21', '2026-03-05 13:44:21', NULL),
(112, 'Brunet', 'Honoré', 'WF861621', NULL, '2026-02-13 18:31:00', '2026-02-13 21:31:00', 'Entretien technique', 2, 'sortie', '2026-03-05 13:44:21', '2026-03-05 13:44:21', NULL),
(113, 'Marion', 'Christelle', 'CY453165', NULL, '2026-02-13 15:28:00', '2026-02-13 18:28:00', 'Visite officielle', 5, 'sortie', '2026-03-05 13:44:21', '2026-03-05 13:44:21', NULL),
(114, 'Diaz', 'Michel', 'NA796264', NULL, '2026-02-13 14:08:00', '2026-02-13 16:08:00', 'Livraison', 4, 'sortie', '2026-03-05 13:44:21', '2026-03-05 13:44:21', NULL),
(115, 'Guillot', 'Hélène', 'FW419643', 'VIS-24947', '2026-02-12 08:58:00', NULL, 'Rendez-vous administratif', 6, 'entree', '2026-03-05 13:44:21', '2026-03-05 13:44:21', NULL),
(116, 'Fleury', 'Paulette', 'OE590560', NULL, '2026-02-12 10:25:00', NULL, 'Rendez-vous administratif', 4, 'entree', '2026-03-05 13:44:21', '2026-03-05 13:44:21', NULL),
(117, 'Gaillard', 'Léon', 'DU146602', 'VIS-5824', '2026-02-12 15:49:00', '2026-02-12 16:49:00', 'Visite officielle', 4, 'sortie', '2026-03-05 13:44:21', '2026-03-05 13:44:21', NULL),
(118, 'Paul', 'Colette', 'JU599813', NULL, '2026-02-12 14:23:00', '2026-02-12 17:23:00', 'Livraison', 4, 'sortie', '2026-03-05 13:44:21', '2026-03-05 13:44:21', NULL),
(119, 'Picard', 'Laetitia', 'ZL828711', NULL, '2026-02-12 10:34:00', NULL, 'Entretien technique', 4, 'en_cours', '2026-03-05 13:44:21', '2026-03-05 13:44:21', NULL),
(120, 'Diaz', 'Gilbert', 'UB752235', NULL, '2026-02-12 13:15:00', '2026-02-12 16:15:00', 'Entretien technique', 3, 'sortie', '2026-03-05 13:44:21', '2026-03-05 13:44:21', NULL),
(121, 'Fleury', 'Capucine', 'HO031212', NULL, '2026-02-12 13:37:00', NULL, 'Visite familiale', 5, 'en_cours', '2026-03-05 13:44:21', '2026-03-05 13:44:21', NULL),
(122, 'Leger', 'Benjamin', 'BF952183', NULL, '2026-02-11 13:59:00', NULL, 'Visite familiale', 2, 'entree', '2026-03-05 13:44:21', '2026-03-05 13:44:21', NULL),
(123, 'Leduc', 'Nicolas', 'WH904598', NULL, '2026-02-11 10:20:00', '2026-02-11 13:20:00', 'Visite officielle', 2, 'sortie', '2026-03-05 13:44:21', '2026-03-05 13:44:21', NULL),
(124, 'Langlois', 'Rémy', 'QK069754', 'VIS-35717', '2026-02-11 17:45:00', NULL, 'Visite familiale', 5, 'en_cours', '2026-03-05 13:44:21', '2026-03-05 13:44:21', NULL),
(125, 'Pichon', 'Thérèse', 'UY562012', NULL, '2026-02-11 15:00:00', NULL, 'Entretien technique', 3, 'en_cours', '2026-03-05 13:44:21', '2026-03-05 13:44:21', NULL),
(126, 'Benoit', 'Émilie', 'BY294554', 'VIS-51060', '2026-02-11 08:10:00', NULL, 'Rendez-vous administratif', 5, 'entree', '2026-03-05 13:44:21', '2026-03-05 13:44:21', NULL),
(127, 'Prevost', 'Roland', 'AK490414', 'VIS-79894', '2026-02-11 09:26:00', '2026-02-11 12:26:00', 'Visite familiale', 2, 'sortie', '2026-03-05 13:44:21', '2026-03-05 13:44:21', NULL),
(128, 'Goncalves', 'Élodie', 'HH668193', NULL, '2026-02-11 12:19:00', NULL, 'Visite familiale', 3, 'entree', '2026-03-05 13:44:21', '2026-03-05 13:44:21', NULL),
(129, 'Levy', 'Alex', 'HQ379873', 'VIS-73594', '2026-02-11 12:53:00', NULL, 'Entretien technique', 3, 'entree', '2026-03-05 13:44:21', '2026-03-05 13:44:21', NULL),
(130, 'Coulon', 'Gabriel', 'TW975410', NULL, '2026-02-10 19:22:00', NULL, 'Entretien technique', 3, 'entree', '2026-03-05 13:44:21', '2026-03-05 13:44:21', NULL),
(131, 'Noel', 'Robert', 'EF180532', NULL, '2026-02-10 18:48:00', '2026-02-10 19:48:00', 'Visite officielle', 3, 'sortie', '2026-03-05 13:44:21', '2026-03-05 13:44:21', NULL),
(132, 'Millet', 'Gilbert', 'MS946757', 'VIS-68274', '2026-02-10 16:32:00', NULL, 'Entretien technique', 4, 'entree', '2026-03-05 13:44:21', '2026-03-05 13:44:21', NULL),
(133, 'Charles', 'Vincent', 'JS536284', NULL, '2026-02-10 19:22:00', NULL, 'Rendez-vous administratif', 6, 'en_cours', '2026-03-05 13:44:21', '2026-03-05 13:44:21', NULL),
(134, 'Laine', 'David', 'EY344382', NULL, '2026-02-10 15:35:00', '2026-02-10 17:35:00', 'Visite familiale', 2, 'sortie', '2026-03-05 13:44:21', '2026-03-05 13:44:21', NULL),
(135, 'Martins', 'Léon', 'NV147499', NULL, '2026-02-09 15:02:00', NULL, 'Livraison', 3, 'entree', '2026-03-05 13:44:21', '2026-03-05 13:44:21', NULL),
(136, 'Millet', 'Émile', 'FP306646', 'VIS-973', '2026-02-09 08:18:00', '2026-02-09 09:18:00', 'Entretien technique', 3, 'sortie', '2026-03-05 13:44:21', '2026-03-05 13:44:21', NULL),
(137, 'Lemoine', 'Hortense', 'RA121203', NULL, '2026-02-09 15:26:00', '2026-02-09 16:26:00', 'Visite familiale', 3, 'sortie', '2026-03-05 13:44:21', '2026-03-05 13:44:21', NULL),
(138, 'Carlier', 'Sylvie', 'WO268198', 'VIS-21460', '2026-02-09 09:26:00', NULL, 'Visite familiale', 2, 'entree', '2026-03-05 13:44:21', '2026-03-05 13:44:21', NULL),
(139, 'Gay', 'Jeannine', 'YE422727', NULL, '2026-02-09 19:35:00', '2026-02-09 20:35:00', 'Rendez-vous administratif', 2, 'sortie', '2026-03-05 13:44:21', '2026-03-05 13:44:21', NULL),
(140, 'Pires', 'Stéphane', 'XD151105', NULL, '2026-02-09 09:37:00', NULL, 'Rendez-vous administratif', 6, 'entree', '2026-03-05 13:44:21', '2026-03-05 13:44:21', NULL),
(141, 'Gaudin', 'Célina', 'VC502950', NULL, '2026-02-09 15:45:00', NULL, 'Rendez-vous administratif', 5, 'en_cours', '2026-03-05 13:44:21', '2026-03-05 13:44:21', NULL),
(142, 'Antoine', 'Bernard', 'BP947806', 'VIS-29106', '2026-02-08 20:03:00', NULL, 'Rendez-vous administratif', 5, 'en_cours', '2026-03-05 13:44:21', '2026-03-05 13:44:21', NULL),
(143, 'Bouvier', 'Honoré', 'OT450583', NULL, '2026-02-08 14:31:00', NULL, 'Rendez-vous administratif', 6, 'entree', '2026-03-05 13:44:21', '2026-03-05 13:44:21', NULL),
(144, 'Monnier', 'Marc', 'AQ261790', NULL, '2026-02-08 17:25:00', NULL, 'Visite officielle', 4, 'entree', '2026-03-05 13:44:21', '2026-03-05 13:44:21', NULL),
(145, 'Gay', 'Paulette', 'SI105056', NULL, '2026-02-08 19:07:00', '2026-02-08 20:07:00', 'Livraison', 4, 'sortie', '2026-03-05 13:44:21', '2026-03-05 13:44:21', NULL),
(146, 'Bazin', 'Julien', 'FQ793752', 'VIS-50501', '2026-02-07 08:57:00', NULL, 'Visite officielle', 4, 'en_cours', '2026-03-05 13:44:21', '2026-03-05 13:44:21', NULL),
(147, 'Moreno', 'Michelle', 'ID228734', NULL, '2026-02-07 15:02:00', NULL, 'Visite familiale', 4, 'entree', '2026-03-05 13:44:21', '2026-03-05 13:44:21', NULL),
(148, 'Pons', 'Franck', 'PG548638', 'VIS-1156', '2026-02-07 16:15:00', NULL, 'Livraison', 2, 'en_cours', '2026-03-05 13:44:21', '2026-03-05 13:44:21', NULL),
(149, 'Fabre', 'Sylvie', 'AR658641', NULL, '2026-02-07 10:41:00', NULL, 'Visite officielle', 6, 'en_cours', '2026-03-05 13:44:21', '2026-03-05 13:44:21', NULL),
(150, 'Gallet', 'Alix', 'PG040253', NULL, '2026-02-07 20:41:00', NULL, 'Rendez-vous administratif', 3, 'entree', '2026-03-05 13:44:21', '2026-03-05 13:44:21', NULL),
(151, 'Hamon', 'Benoît', 'UI759086', NULL, '2026-02-06 16:10:00', '2026-02-06 19:10:00', 'Rendez-vous administratif', 6, 'sortie', '2026-03-05 13:44:21', '2026-03-05 13:44:21', NULL),
(152, 'Maurice', 'Françoise', 'WP845032', NULL, '2026-02-06 14:08:00', NULL, 'Livraison', 2, 'en_cours', '2026-03-05 13:44:21', '2026-03-05 13:44:21', NULL),
(153, 'Toussaint', 'Laetitia', 'SP082730', NULL, '2026-02-06 11:53:00', NULL, 'Entretien technique', 4, 'en_cours', '2026-03-05 13:44:21', '2026-03-05 13:44:21', NULL),
(154, 'Menard', 'Olivie', 'TV781680', NULL, '2026-02-06 14:21:00', NULL, 'Livraison', 6, 'en_cours', '2026-03-05 13:44:21', '2026-03-05 13:44:21', NULL),
(155, 'Seguin', 'Julien', 'QC081446', 'VIS-14314', '2026-02-06 09:30:00', NULL, 'Visite officielle', 4, 'en_cours', '2026-03-05 13:44:21', '2026-03-05 13:44:21', NULL),
(156, 'Dupuy', 'Émilie', 'TQ696385', NULL, '2026-02-06 14:31:00', NULL, 'Livraison', 6, 'entree', '2026-03-05 13:44:21', '2026-03-05 13:44:21', NULL),
(157, 'Regnier', 'Éric', 'RK710290', NULL, '2026-02-06 08:25:00', '2026-02-06 10:25:00', 'Visite officielle', 3, 'sortie', '2026-03-05 13:44:21', '2026-03-05 13:44:21', NULL),
(158, 'Bourgeois', 'Susan', 'WG982474', NULL, '2026-02-05 18:41:00', NULL, 'Visite familiale', 5, 'entree', '2026-03-05 13:44:21', '2026-03-05 13:44:21', NULL),
(159, 'Joubert', 'Grégoire', 'IY689855', NULL, '2026-02-05 14:31:00', NULL, 'Entretien technique', 4, 'entree', '2026-03-05 13:44:21', '2026-03-05 13:44:21', NULL),
(160, 'Rocher', 'Françoise', 'QV433951', 'VIS-89389', '2026-02-05 10:27:00', '2026-02-05 11:27:00', 'Visite familiale', 5, 'sortie', '2026-03-05 13:44:21', '2026-03-05 13:44:21', NULL),
(161, 'Perrin', 'Laurent', 'LC015712', 'VIS-10093', '2026-02-05 18:29:00', '2026-02-05 21:29:00', 'Livraison', 3, 'sortie', '2026-03-05 13:44:21', '2026-03-05 13:44:21', NULL),
(162, 'Herve', 'Michel', 'FH378973', 'VIS-84075', '2026-02-05 16:21:00', '2026-02-05 18:21:00', 'Livraison', 2, 'sortie', '2026-03-05 13:44:21', '2026-03-05 13:44:21', NULL),
(163, 'Laurent', 'François', 'DS430292', NULL, '2026-02-05 17:55:00', '2026-02-05 20:55:00', 'Entretien technique', 6, 'sortie', '2026-03-05 13:44:21', '2026-03-05 13:44:21', NULL),
(164, 'Wagner', 'Manon', 'PU587080', NULL, '2026-02-05 19:39:00', NULL, 'Entretien technique', 2, 'en_cours', '2026-03-05 13:44:21', '2026-03-05 13:44:21', NULL),
(165, 'Francois', 'Alix', 'RO959359', 'VIS-60308', '2026-02-05 11:05:00', NULL, 'Livraison', 6, 'en_cours', '2026-03-05 13:44:21', '2026-03-05 13:44:21', NULL),
(166, 'Antoine', 'Alphonse', 'OS688372', NULL, '2026-02-04 16:55:00', NULL, 'Visite officielle', 5, 'en_cours', '2026-03-05 13:44:21', '2026-03-05 13:44:21', NULL),
(167, 'Henry', 'Isabelle', 'QQ624583', NULL, '2026-02-04 09:06:00', '2026-02-04 10:06:00', 'Livraison', 2, 'sortie', '2026-03-05 13:44:21', '2026-03-05 13:44:21', NULL),
(168, 'Marchal', 'Margot', 'IP745695', 'VIS-28686', '2026-02-04 17:37:00', NULL, 'Visite familiale', 4, 'entree', '2026-03-05 13:44:21', '2026-03-05 13:44:21', NULL),
(169, 'Alves', 'Marianne', 'OI667665', 'VIS-21708', '2026-02-04 18:34:00', NULL, 'Livraison', 3, 'en_cours', '2026-03-05 13:44:21', '2026-03-05 13:44:21', NULL),
(170, 'Morvan', 'Gilbert', 'KU949242', 'VIS-76111', '2026-02-04 11:23:00', NULL, 'Visite familiale', 6, 'en_cours', '2026-03-05 13:44:21', '2026-03-05 13:44:21', NULL),
(171, 'Turpin', 'Adèle', 'JR636903', NULL, '2026-02-04 14:50:00', NULL, 'Visite officielle', 4, 'en_cours', '2026-03-05 13:44:21', '2026-03-05 13:44:21', NULL),
(172, 'Deschamps', 'Marine', 'WU432124', NULL, '2026-02-04 17:22:00', NULL, 'Livraison', 3, 'en_cours', '2026-03-05 13:44:21', '2026-03-05 13:44:21', NULL),
(173, 'Perret', 'Manon', 'MP038297', NULL, '2026-02-03 17:39:00', NULL, 'Visite officielle', 4, 'en_cours', '2026-03-05 13:44:21', '2026-03-05 13:44:21', NULL),
(174, 'Legros', 'Aurore', 'CF061581', NULL, '2026-02-03 17:26:00', NULL, 'Visite officielle', 4, 'en_cours', '2026-03-05 13:44:21', '2026-03-05 13:44:21', NULL),
(175, 'Teixeira', 'Clémence', 'CK548328', NULL, '2026-02-03 10:03:00', NULL, 'Visite officielle', 2, 'entree', '2026-03-05 13:44:21', '2026-03-05 13:44:21', NULL),
(176, 'Lemaire', 'Zoé', 'KJ056337', NULL, '2026-02-03 16:11:00', '2026-02-03 17:11:00', 'Livraison', 5, 'sortie', '2026-03-05 13:44:21', '2026-03-05 13:44:21', NULL),
(177, 'Bailly', 'Jeanne', 'EV019529', 'VIS-97783', '2026-02-03 17:44:00', NULL, 'Rendez-vous administratif', 6, 'en_cours', '2026-03-05 13:44:21', '2026-03-05 13:44:21', NULL),
(178, 'Clerc', 'Nathalie', 'XQ141543', NULL, '2026-02-03 10:38:00', '2026-02-03 13:38:00', 'Livraison', 2, 'sortie', '2026-03-05 13:44:21', '2026-03-05 13:44:21', NULL),
(179, 'Roger', 'Gabriel', 'SK555294', NULL, '2026-03-05 12:44:21', NULL, 'Livraison', 5, 'en_cours', '2026-03-05 13:44:21', '2026-03-05 13:44:21', NULL),
(180, 'Chevalier', 'Marianne', 'EV287634', NULL, '2026-03-05 11:44:21', NULL, 'Rendez-vous administratif', 2, 'en_cours', '2026-03-05 13:44:21', '2026-03-05 13:44:21', NULL),
(181, 'Vaillant', 'Étienne', 'OI619626', NULL, '2026-03-05 12:44:21', NULL, 'Rendez-vous administratif', 6, 'en_cours', '2026-03-05 13:44:21', '2026-03-05 13:44:21', NULL),
(182, 'Vidal', 'Alexandre', 'EN253384', NULL, '2026-03-05 10:44:21', NULL, 'Visite officielle', 6, 'en_cours', '2026-03-05 13:44:21', '2026-03-05 13:44:21', NULL),
(183, 'Guibert', 'Richard', 'ZC942801', NULL, '2026-03-05 12:44:21', NULL, 'Rendez-vous administratif', 2, 'en_cours', '2026-03-05 13:44:21', '2026-03-05 13:44:21', NULL);

--
-- Indexes for dumped tables
--

--
-- Indexes for table `archive_mouvements`
--
ALTER TABLE `archive_mouvements`
  ADD PRIMARY KEY (`id`),
  ADD UNIQUE KEY `archive_mouvements_mouvement_id_original_unique` (`mouvement_id_original`),
  ADD KEY `archive_mouvements_etudiant_id_index` (`etudiant_id`),
  ADD KEY `archive_mouvements_pavillon_id_index` (`pavillon_id`),
  ADD KEY `archive_mouvements_date_heure_index` (`date_heure`),
  ADD KEY `archive_mouvements_date_archivage_index` (`date_archivage`);

--
-- Indexes for table `cache`
--
ALTER TABLE `cache`
  ADD PRIMARY KEY (`key`),
  ADD KEY `cache_expiration_index` (`expiration`);

--
-- Indexes for table `cache_locks`
--
ALTER TABLE `cache_locks`
  ADD PRIMARY KEY (`key`),
  ADD KEY `cache_locks_expiration_index` (`expiration`);

--
-- Indexes for table `chambres`
--
ALTER TABLE `chambres`
  ADD PRIMARY KEY (`id`),
  ADD UNIQUE KEY `chambres_pavillon_id_numero_unique` (`pavillon_id`,`numero`),
  ADD UNIQUE KEY `chambres_numero_unique` (`numero`),
  ADD KEY `chambres_statut_index` (`statut`),
  ADD KEY `chambres_pavillon_id_index` (`pavillon_id`);

--
-- Indexes for table `demandes`
--
ALTER TABLE `demandes`
  ADD PRIMARY KEY (`id`),
  ADD KEY `demandes_etudie_par_foreign` (`etudie_par`),
  ADD KEY `demandes_etudiant_id_index` (`etudiant_id`),
  ADD KEY `demandes_statut_index` (`statut`),
  ADD KEY `demandes_type_index` (`type`);

--
-- Indexes for table `etudiants`
--
ALTER TABLE `etudiants`
  ADD PRIMARY KEY (`id`),
  ADD UNIQUE KEY `etudiants_email_unique` (`email`),
  ADD UNIQUE KEY `etudiants_cin_unique` (`cin`),
  ADD KEY `etudiants_statut_index` (`statut`),
  ADD KEY `etudiants_chambre_id_index` (`chambre_id`),
  ADD KEY `etudiants_email_index` (`email`);

--
-- Indexes for table `failed_jobs`
--
ALTER TABLE `failed_jobs`
  ADD PRIMARY KEY (`id`),
  ADD UNIQUE KEY `failed_jobs_uuid_unique` (`uuid`);

--
-- Indexes for table `jobs`
--
ALTER TABLE `jobs`
  ADD PRIMARY KEY (`id`),
  ADD KEY `jobs_queue_index` (`queue`);

--
-- Indexes for table `job_batches`
--
ALTER TABLE `job_batches`
  ADD PRIMARY KEY (`id`);

--
-- Indexes for table `migrations`
--
ALTER TABLE `migrations`
  ADD PRIMARY KEY (`id`);

--
-- Indexes for table `mouvements`
--
ALTER TABLE `mouvements`
  ADD PRIMARY KEY (`id`),
  ADD KEY `mouvements_enregistre_par_foreign` (`enregistre_par`),
  ADD KEY `mouvements_etudiant_id_index` (`etudiant_id`),
  ADD KEY `mouvements_pavillon_id_index` (`pavillon_id`),
  ADD KEY `mouvements_date_heure_index` (`date_heure`),
  ADD KEY `mouvements_type_index` (`type`);

--
-- Indexes for table `password_reset_tokens`
--
ALTER TABLE `password_reset_tokens`
  ADD PRIMARY KEY (`email`);

--
-- Indexes for table `pavillons`
--
ALTER TABLE `pavillons`
  ADD PRIMARY KEY (`id`),
  ADD UNIQUE KEY `pavillons_type_unique` (`type`),
  ADD KEY `pavillons_type_index` (`type`);

--
-- Indexes for table `presences`
--
ALTER TABLE `presences`
  ADD PRIMARY KEY (`id`),
  ADD UNIQUE KEY `presences_etudiant_id_date_unique` (`etudiant_id`,`date`),
  ADD KEY `presences_valide_par_foreign` (`valide_par`),
  ADD KEY `presences_etudiant_id_index` (`etudiant_id`),
  ADD KEY `presences_date_index` (`date`),
  ADD KEY `presences_statut_index` (`statut`);

--
-- Indexes for table `rapports`
--
ALTER TABLE `rapports`
  ADD PRIMARY KEY (`id`),
  ADD KEY `rapports_type_index` (`type`),
  ADD KEY `rapports_statut_index` (`statut`),
  ADD KEY `rapports_date_debut_index` (`date_debut`),
  ADD KEY `rapports_genere_par_index` (`genere_par`);

--
-- Indexes for table `sanctions`
--
ALTER TABLE `sanctions`
  ADD PRIMARY KEY (`id`),
  ADD KEY `sanctions_enregistree_par_foreign` (`enregistree_par`),
  ADD KEY `sanctions_etudiant_id_index` (`etudiant_id`),
  ADD KEY `sanctions_statut_index` (`statut`),
  ADD KEY `sanctions_date_sanction_index` (`date_sanction`);

--
-- Indexes for table `sessions`
--
ALTER TABLE `sessions`
  ADD PRIMARY KEY (`id`),
  ADD KEY `sessions_user_id_index` (`user_id`),
  ADD KEY `sessions_last_activity_index` (`last_activity`);

--
-- Indexes for table `users`
--
ALTER TABLE `users`
  ADD PRIMARY KEY (`id`),
  ADD UNIQUE KEY `users_email_unique` (`email`);

--
-- Indexes for table `utilisateurs`
--
ALTER TABLE `utilisateurs`
  ADD PRIMARY KEY (`id`),
  ADD UNIQUE KEY `utilisateurs_email_unique` (`email`),
  ADD KEY `utilisateurs_email_index` (`email`),
  ADD KEY `utilisateurs_role_index` (`role`);

--
-- Indexes for table `visites`
--
ALTER TABLE `visites`
  ADD PRIMARY KEY (`id`),
  ADD UNIQUE KEY `visites_cin_visiteur_unique` (`cin_visiteur`),
  ADD KEY `visites_enregistre_par_foreign` (`enregistre_par`),
  ADD KEY `visites_date_heure_entree_index` (`date_heure_entree`),
  ADD KEY `visites_statut_index` (`statut`);

--
-- AUTO_INCREMENT for dumped tables
--

--
-- AUTO_INCREMENT for table `archive_mouvements`
--
ALTER TABLE `archive_mouvements`
  MODIFY `id` bigint(20) UNSIGNED NOT NULL AUTO_INCREMENT;

--
-- AUTO_INCREMENT for table `chambres`
--
ALTER TABLE `chambres`
  MODIFY `id` bigint(20) UNSIGNED NOT NULL AUTO_INCREMENT, AUTO_INCREMENT=65;

--
-- AUTO_INCREMENT for table `demandes`
--
ALTER TABLE `demandes`
  MODIFY `id` bigint(20) UNSIGNED NOT NULL AUTO_INCREMENT, AUTO_INCREMENT=51;

--
-- AUTO_INCREMENT for table `etudiants`
--
ALTER TABLE `etudiants`
  MODIFY `id` bigint(20) UNSIGNED NOT NULL AUTO_INCREMENT, AUTO_INCREMENT=107;

--
-- AUTO_INCREMENT for table `failed_jobs`
--
ALTER TABLE `failed_jobs`
  MODIFY `id` bigint(20) UNSIGNED NOT NULL AUTO_INCREMENT;

--
-- AUTO_INCREMENT for table `jobs`
--
ALTER TABLE `jobs`
  MODIFY `id` bigint(20) UNSIGNED NOT NULL AUTO_INCREMENT;

--
-- AUTO_INCREMENT for table `migrations`
--
ALTER TABLE `migrations`
  MODIFY `id` int(10) UNSIGNED NOT NULL AUTO_INCREMENT, AUTO_INCREMENT=15;

--
-- AUTO_INCREMENT for table `mouvements`
--
ALTER TABLE `mouvements`
  MODIFY `id` bigint(20) UNSIGNED NOT NULL AUTO_INCREMENT, AUTO_INCREMENT=897;

--
-- AUTO_INCREMENT for table `pavillons`
--
ALTER TABLE `pavillons`
  MODIFY `id` bigint(20) UNSIGNED NOT NULL AUTO_INCREMENT, AUTO_INCREMENT=3;

--
-- AUTO_INCREMENT for table `presences`
--
ALTER TABLE `presences`
  MODIFY `id` bigint(20) UNSIGNED NOT NULL AUTO_INCREMENT, AUTO_INCREMENT=3287;

--
-- AUTO_INCREMENT for table `rapports`
--
ALTER TABLE `rapports`
  MODIFY `id` bigint(20) UNSIGNED NOT NULL AUTO_INCREMENT, AUTO_INCREMENT=21;

--
-- AUTO_INCREMENT for table `sanctions`
--
ALTER TABLE `sanctions`
  MODIFY `id` bigint(20) UNSIGNED NOT NULL AUTO_INCREMENT, AUTO_INCREMENT=31;

--
-- AUTO_INCREMENT for table `users`
--
ALTER TABLE `users`
  MODIFY `id` bigint(20) UNSIGNED NOT NULL AUTO_INCREMENT;

--
-- AUTO_INCREMENT for table `utilisateurs`
--
ALTER TABLE `utilisateurs`
  MODIFY `id` bigint(20) UNSIGNED NOT NULL AUTO_INCREMENT, AUTO_INCREMENT=7;

--
-- AUTO_INCREMENT for table `visites`
--
ALTER TABLE `visites`
  MODIFY `id` bigint(20) UNSIGNED NOT NULL AUTO_INCREMENT, AUTO_INCREMENT=184;

--
-- Constraints for dumped tables
--

--
-- Constraints for table `chambres`
--
ALTER TABLE `chambres`
  ADD CONSTRAINT `chambres_pavillon_id_foreign` FOREIGN KEY (`pavillon_id`) REFERENCES `pavillons` (`id`);

--
-- Constraints for table `demandes`
--
ALTER TABLE `demandes`
  ADD CONSTRAINT `demandes_etudiant_id_foreign` FOREIGN KEY (`etudiant_id`) REFERENCES `etudiants` (`id`) ON DELETE CASCADE,
  ADD CONSTRAINT `demandes_etudie_par_foreign` FOREIGN KEY (`etudie_par`) REFERENCES `utilisateurs` (`id`) ON DELETE SET NULL;

--
-- Constraints for table `etudiants`
--
ALTER TABLE `etudiants`
  ADD CONSTRAINT `etudiants_chambre_id_foreign` FOREIGN KEY (`chambre_id`) REFERENCES `chambres` (`id`) ON DELETE SET NULL;

--
-- Constraints for table `mouvements`
--
ALTER TABLE `mouvements`
  ADD CONSTRAINT `mouvements_enregistre_par_foreign` FOREIGN KEY (`enregistre_par`) REFERENCES `utilisateurs` (`id`),
  ADD CONSTRAINT `mouvements_etudiant_id_foreign` FOREIGN KEY (`etudiant_id`) REFERENCES `etudiants` (`id`) ON DELETE CASCADE,
  ADD CONSTRAINT `mouvements_pavillon_id_foreign` FOREIGN KEY (`pavillon_id`) REFERENCES `pavillons` (`id`) ON DELETE CASCADE;

--
-- Constraints for table `presences`
--
ALTER TABLE `presences`
  ADD CONSTRAINT `presences_etudiant_id_foreign` FOREIGN KEY (`etudiant_id`) REFERENCES `etudiants` (`id`) ON DELETE CASCADE,
  ADD CONSTRAINT `presences_valide_par_foreign` FOREIGN KEY (`valide_par`) REFERENCES `utilisateurs` (`id`) ON DELETE SET NULL;

--
-- Constraints for table `rapports`
--
ALTER TABLE `rapports`
  ADD CONSTRAINT `rapports_genere_par_foreign` FOREIGN KEY (`genere_par`) REFERENCES `utilisateurs` (`id`);

--
-- Constraints for table `sanctions`
--
ALTER TABLE `sanctions`
  ADD CONSTRAINT `sanctions_enregistree_par_foreign` FOREIGN KEY (`enregistree_par`) REFERENCES `utilisateurs` (`id`),
  ADD CONSTRAINT `sanctions_etudiant_id_foreign` FOREIGN KEY (`etudiant_id`) REFERENCES `etudiants` (`id`) ON DELETE CASCADE;

--
-- Constraints for table `visites`
--
ALTER TABLE `visites`
  ADD CONSTRAINT `visites_enregistre_par_foreign` FOREIGN KEY (`enregistre_par`) REFERENCES `utilisateurs` (`id`);
COMMIT;

/*!40101 SET CHARACTER_SET_CLIENT=@OLD_CHARACTER_SET_CLIENT */;
/*!40101 SET CHARACTER_SET_RESULTS=@OLD_CHARACTER_SET_RESULTS */;
/*!40101 SET COLLATION_CONNECTION=@OLD_COLLATION_CONNECTION */;
